id,outlet_id,name,name_en,name_bn,description,description_en,description_bn,price,cost_price,short_code,is_favorite,category,category_en,category_bn,is_available,image_url,video_url,tags_json,version,updated_at,deleted_at
5ad093ad-427b-40e6-a80d-0bc745055440,384b833e-d0f6-4e46-b61d-2c938b36eb0d,Chicken Burger,Chicken Burger,চিকেন বার্গার,A classic chicken burger with a crispy patty and fresh toppings.,A classic chicken burger with a crispy patty and fresh toppings.,ক্রিস্পি প্যাটি এবং তাজা টপিংস সহ একটি ক্লাসিক চিকেন বার্গার।,175.00,,,t,Burger,Burger,বার্গার,t,https://quickbytes.buzz/uploads/menu_placeholders/burger.png,,"[""icon:burger""]",5,2026-07-06 07:41:40.668304+00,2026-07-06 07:41:40.668289+00
af093bea-1f31-4728-ae0c-e33d3dd1b486,384b833e-d0f6-4e46-b61d-2c938b36eb0d,Mighty Meat,Mighty Meat,মাইটি মিট,"A mighty portion of meaty goodness, loaded with premium cuts and bold flavors. For the true meat lover.","A mighty portion of meaty goodness, loaded with premium cuts and bold flavors. For the true meat lover.","মাংসের ভালোতার একটি শক্তিশালী অংশ, প্রিমিয়াম কাট এবং সাহসী স্বাদে ভরা। সত্যিকারের মাংসপ্রেমীর জন্য।",399.00,,52,f,Beef,Beef,গরুর মাংস,t,https://quickbytes.buzz/uploads/menu_placeholders/beef-3.png,,"[""icon:beef""]",3,2026-07-12 12:27:58.346318+00,2026-07-12 12:27:58.346296+00
d623083c-21e7-4c4e-9a93-143c51ad773c,384b833e-d0f6-4e46-b61d-2c938b36eb0d,Two Star Combo,Two Star Combo,টু স্টার কম্বো,"A combo set with 4 pieces of wings, fries, and a refreshing drink. Twinkle twinkle two star.","A combo set with 4 pieces of wings, fries, and a refreshing drink. Twinkle twinkle two star.","৪ পিস উইংস, ফ্রাইজ এবং একটি রিফ্রেশিং ড্রিংক সহ একটি কম্বো সেট। টুইঙ্কল টুইঙ্কল টু স্টার।",260.00,,,f,Combo,Combo,কম্বো,t,https://quickbytes.buzz/uploads/menu_placeholders/chicken-1.png,,"[""icon:chicken"", ""inc:4 Pcs Wings"", ""inc:Fries"", ""inc:Drink 250 ml""]",2,2026-07-06 07:42:43.867625+00,2026-07-06 07:42:43.86761+00
fa731df9-40c3-4b63-a0eb-541398a00bec,384b833e-d0f6-4e46-b61d-2c938b36eb0d,Cappuccino,Cappuccino,ক্যাপুচিনো,"Classic Italian coffee with equal parts espresso, steamed milk, and foam, topped with a dusting of cocoa.","Classic Italian coffee with equal parts espresso, steamed milk, and foam, topped with a dusting of cocoa.","ক্লাসিক ইতালিয়ান কফি যাতে সমান অংশ এসপ্রেসো, স্টিমড দুধ ও ফেনা থাকে, উপরে কোকো ছিটানো।",200.00,,64,f,Hot Coffee,Hot Coffee,গরম কফি,t,https://quickbytes.buzz/uploads/menu_placeholders/tea_and_coffee.png,,"[""icon:tea_coffee""]",1,2026-07-06 07:42:53.855294+00,2026-07-06 07:42:53.855278+00
16a48229-9d60-4fad-9fb7-d2083cf706ca,384b833e-d0f6-4e46-b61d-2c938b36eb0d,Classic Meat Box,Classic Meat Box,ক্লাসিক মিট বক্স,A classic meat box with a selection of meats. Perfect for meat lovers.,A classic meat box with a selection of meats. Perfect for meat lovers.,মাংসের একটি নির্বাচন সহ একটি ক্লাসিক মিট বক্স। মাংসপ্রেমীদের জন্য উপযুক্ত।,219.00,,,f,Meat Box,Meat Box,মিট বক্স,t,https://quickbytes.buzz/uploads/menu_placeholders/grill.png,,"[""icon:grill""]",1,2026-07-06 07:43:36.817368+00,2026-07-06 07:43:36.817353+00
9b321f61-79d2-40f2-987c-0e751576d3b0,384b833e-d0f6-4e46-b61d-2c938b36eb0d,Espresso (30ml Raw Coffee),Espresso (30ml Raw Coffee),এসপ্রেসো (৩০ মিলি কাঁচা কফি),"A bold and intense shot of pure coffee essence, crafted from premium raw coffee beans for a rich, invigorating start to your day.","A bold and intense shot of pure coffee essence, crafted from premium raw coffee beans for a rich, invigorating start to your day.","একটি শক্তিশালী এবং তীব্র খাঁটি কফির শট, যা প্রিমিয়াম কাঁচা কফি বিন থেকে তৈরি, আপনার দিন শুরু করার জন্য একটি সমৃদ্ধ ও সতেজকর অভিজ্ঞতা।",130.00,,56,f,Hot Coffee,Hot Coffee,গরম কফি,t,https://quickbytes.buzz/uploads/menu_placeholders/tea_and_coffee.png,,"[""icon:tea_coffee""]",1,2026-07-06 07:42:57.130234+00,2026-07-06 07:42:57.13022+00
b849f7c2-bffe-44cf-ad49-00b84884ef80,384b833e-d0f6-4e46-b61d-2c938b36eb0d,All In One Beef,All In One Beef,অল ইন ওয়ান বিফ,Topped with mixed all kind of ingredients with beef. A beef lover's paradise.,Topped with mixed all kind of ingredients with beef. A beef lover's paradise.,বিফ সহ সব ধরনের উপকরণ মিশিয়ে টপ করা। গরুর মাংস প্রেমীদের স্বর্গ।,390.00,,,f,Pizza,Pizza,পিৎজা,t,https://quickbytes.buzz/uploads/menu_placeholders/beverages.png,,"[""icon:general"", ""option:Medium:0"", ""option:Large:100""]",1,2026-07-06 07:43:52.507333+00,2026-07-06 07:43:52.507318+00
235f9a15-4427-4f0a-833a-fa5028e547a9,384b833e-d0f6-4e46-b61d-2c938b36eb0d,All in one Chicken,All in one Chicken,অল ইন ওয়ান চিকেন,Topped with mixed all kind of ingredients with beef. A hearty pizza for meat lovers.,Topped with mixed all kind of ingredients with beef. A hearty pizza for meat lovers.,বিফ সহ সব ধরনের উপকরণ মিশিয়ে টপ করা। মাংসপ্রেমীদের জন্য একটি হৃদয়গ্রাহী পিৎজা।,235.00,,,f,Pizza,Pizza,পিৎজা,t,https://quickbytes.buzz/uploads/menu_placeholders/beverages.png,,"[""icon:general"", ""option:Small:0"", ""option:Medium:120"", ""option:Large:220""]",1,2026-07-06 07:43:53.959525+00,2026-07-06 07:43:53.95951+00
803c443d-eda9-4fc4-98b4-6c29a066beee,384b833e-d0f6-4e46-b61d-2c938b36eb0d,Blast Pizza,Blast Pizza,ব্লাস্ট পিৎজা,"Topped with corn, slice sausage, chicken, cheese, and capsicum. A delightful combination of flavors in every bite.","Topped with corn, slice sausage, chicken, cheese, and capsicum. A delightful combination of flavors in every bite.","ভুট্টা, স্লাইস সসেজ, চিকেন, পনির এবং ক্যাপসিকাম দিয়ে টপ করা। প্রতিটি কামড়ে স্বাদের একটি চমৎকার সমন্বয়।",199.00,,,f,Pizza,Pizza,পিৎজা,t,https://quickbytes.buzz/uploads/menu_placeholders/beverages.png,,"[""icon:general"", ""option:Small:0"", ""option:Medium:100"", ""option:Large:200""]",1,2026-07-06 07:43:58.450862+00,2026-07-06 07:43:58.450848+00
f81da58a-486a-43cf-a8c5-20388b60be1c,384b833e-d0f6-4e46-b61d-2c938b36eb0d,Double Cheese,Double Cheese,ডাবল চিজ,Topped with two kinds of cheese for an extra cheesy experience.,Topped with two kinds of cheese for an extra cheesy experience.,অতিরিক্ত চিজি অভিজ্ঞতার জন্য দুই ধরনের পনির দিয়ে টপ করা।,215.00,,,f,Pizza,Pizza,পিৎজা,t,https://quickbytes.buzz/uploads/menu_placeholders/beverages.png,,"[""icon:general"", ""option:Small:0"", ""option:Medium:110"", ""option:Large:210""]",1,2026-07-06 07:44:03.958016+00,2026-07-06 07:44:03.958001+00
b7bc86bc-fc01-4716-9234-b5dac7da7c0a,384b833e-d0f6-4e46-b61d-2c938b36eb0d,Four Season,Four Season,ফোর সিজন,Topped with four flavours in one pizza. Experience all seasons in every slice.,Topped with four flavours in one pizza. Experience all seasons in every slice.,এক পিৎজায় চারটি স্বাদ দিয়ে টপ করা। প্রতিটি টুকরোতে সব ঋতু অনুভব করুন।,429.00,,,f,Pizza,Pizza,পিৎজা,t,https://quickbytes.buzz/uploads/menu_placeholders/beverages.png,,"[""icon:general"", ""option:Medium:0"", ""option:Large:100""]",1,2026-07-06 07:44:05.557761+00,2026-07-06 07:44:05.557745+00
9d388abe-44ec-4088-8408-760eadf59478,384b833e-d0f6-4e46-b61d-2c938b36eb0d,Onion Star,Onion Star,অনিয়ন স্টার,"Topped with onion, chicken, olives, sausage, and capsicum. A star among pizzas.","Topped with onion, chicken, olives, sausage, and capsicum. A star among pizzas.","পেঁয়াজ, চিকেন, অলিভ, সসেজ এবং ক্যাপসিকাম দিয়ে টপ করা। পিৎজাগুলোর মধ্যে একটি তারকা।",225.00,,,f,Pizza,Pizza,পিৎজা,t,https://quickbytes.buzz/uploads/menu_placeholders/beverages.png,,"[""icon:general"", ""option:Small:0"", ""option:Medium:110"", ""option:Large:210""]",1,2026-07-06 07:44:11.437337+00,2026-07-06 07:44:11.437323+00
63358738-4349-4221-a9cc-deb32e5a07e7,384b833e-d0f6-4e46-b61d-2c938b36eb0d,Prawn Freak,Prawn Freak,প্রন ফ্রিক,"Topped with prawn, capsicum, and cheese. A seafood delight.","Topped with prawn, capsicum, and cheese. A seafood delight.","চিংড়ি, ক্যাপসিকাম এবং পনির দিয়ে টপ করা। একটি সামুদ্রিক খাবারের আনন্দ।",385.00,,,f,Pizza,Pizza,পিৎজা,t,https://quickbytes.buzz/uploads/menu_placeholders/beverages.png,,"[""icon:general"", ""option:Medium:0"", ""option:Large:100""]",1,2026-07-06 07:44:14.237242+00,2026-07-06 07:44:14.237208+00
196665e5-788c-4629-8840-b197845d251b,384b833e-d0f6-4e46-b61d-2c938b36eb0d,Sausage Fantasy,Sausage Fantasy,সসেজ ফ্যান্টাসি,Topped with a big amount of sausage. A sausage lover's dream.,Topped with a big amount of sausage. A sausage lover's dream.,প্রচুর পরিমাণে সসেজ দিয়ে টপ করা। সসেজ প্রেমীদের স্বপ্ন।,245.00,,,f,Pizza,Pizza,পিৎজা,t,https://quickbytes.buzz/uploads/menu_placeholders/beverages.png,,"[""icon:general"", ""option:Small:0"", ""option:Medium:120"", ""option:Large:220""]",1,2026-07-06 07:44:16.817743+00,2026-07-06 07:44:16.817709+00
7d2af169-5d4b-4b96-8aca-6aa0dd1484cd,384b833e-d0f6-4e46-b61d-2c938b36eb0d,Two Flavour Mixed,Two Flavour Mixed,টু ফ্লেভার মিক্সড,Topped with half BBQ and another half sausage. Perfect for those who love variety.,Topped with half BBQ and another half sausage. Perfect for those who love variety.,অর্ধেক বিবিকিউ এবং অর্ধেক সসেজ দিয়ে টপ করা। যারা বৈচিত্র্য পছন্দ করেন তাদের জন্য উপযুক্ত।,200.00,,,f,Pizza,Pizza,পিৎজা,t,https://quickbytes.buzz/uploads/menu_placeholders/beverages.png,,"[""icon:general"", ""option:Small:0"", ""option:Medium:100"", ""option:Large:200""]",1,2026-07-06 07:44:18.277802+00,2026-07-06 07:44:18.277787+00
269668f6-f09a-47f2-9a6c-9dfefcfcd7ed,384b833e-d0f6-4e46-b61d-2c938b36eb0d,Richest Cheese,Richest Cheese,রিচেস্ট চিজ,Topped with high volume of cheese with lot of ingredients. The ultimate cheese indulgence.,Topped with high volume of cheese with lot of ingredients. The ultimate cheese indulgence.,প্রচুর উপকরণ সহ প্রচুর পরিমাণে পনির দিয়ে টপ করা। চূড়ান্ত পনির আস্বাদন।,595.00,,,f,Pizza,Pizza,পিৎজা,t,https://quickbytes.buzz/uploads/menu_placeholders/beverages.png,,"[""icon:general"", ""option:Medium:0"", ""option:Large:200""]",1,2026-07-06 07:44:15.368292+00,2026-07-06 07:44:15.368274+00
4fccc427-2ddb-4c0a-b9a6-a170784807c5,384b833e-d0f6-4e46-b61d-2c938b36eb0d,piza,piza,,,,,80.00,,,f,Burgers,Burgers,,t,,,,2,2026-07-06 07:42:13.527289+00,2026-07-06 07:42:13.527274+00
1c2b3224-b847-4dbe-a0e6-8fb70dd751d3,384b833e-d0f6-4e46-b61d-2c938b36eb0d,pizza,pizza,,,,,80.00,,,f,Burgers,Burgers,,t,,,,2,2026-07-06 07:42:15.017573+00,2026-07-06 07:42:15.017559+00
c3c335f2-794e-4c90-9c54-285253332de3,384b833e-d0f6-4e46-b61d-2c938b36eb0d,pizza,pizza,,,,,80.00,,,f,Burgers,Burgers,,t,,,,2,2026-07-06 07:42:17.531331+00,2026-07-06 07:42:17.531317+00
71847c91-e957-4dc4-bb10-c630e5b2d8dd,384b833e-d0f6-4e46-b61d-2c938b36eb0d,pizza,pizza,,,,,80.00,,,f,Burgers,Burgers,,t,,,,2,2026-07-06 07:42:19.546972+00,2026-07-06 07:42:19.546952+00
0dc0a5db-5685-4f82-a6ac-629ea7c8162c,384b833e-d0f6-4e46-b61d-2c938b36eb0d,pizza,pizza,,,,,80.00,,,f,Burgers,Burgers,,t,,,,2,2026-07-06 07:42:21.937115+00,2026-07-06 07:42:21.937101+00
f0fe5f70-0a18-410d-ad7f-7d35741d59ee,384b833e-d0f6-4e46-b61d-2c938b36eb0d,Red Chili Pasta,Red Chili Pasta,রেড চিলি পাস্তা,"Prepared with red sauce, chicken, sausage, corn, mushroom, and capsicum. A spicy pasta treat.","Prepared with red sauce, chicken, sausage, corn, mushroom, and capsicum. A spicy pasta treat.","লাল সস, চিকেন, সসেজ, ভুট্টা, মাশরুম এবং ক্যাপসিকাম দিয়ে প্রস্তুত। একটি মশলাদার পাস্তা ট্রিট।",180.00,,,f,Pasta,Pasta,পাস্তা,t,https://quickbytes.buzz/uploads/menu_placeholders/pasta.png,,"[""icon:pasta""]",1,2026-07-06 07:43:46.879289+00,2026-07-06 07:43:46.879275+00
805c68af-9925-4d53-b55c-d1a64b695804,384b833e-d0f6-4e46-b61d-2c938b36eb0d,Sausage Pasta,Sausage Pasta,সসেজ পাস্তা,"Oven baked with white sauce, tomato sauce, chicken, and sausage. A comforting baked pasta.","Oven baked with white sauce, tomato sauce, chicken, and sausage. A comforting baked pasta.","সাদা সস, টমেটো সস, চিকেন এবং সসেজ দিয়ে ওভেনে বেক করা। একটি আরামদায়ক বেকড পাস্তা।",190.00,,,f,Pasta,Pasta,পাস্তা,t,https://quickbytes.buzz/uploads/menu_placeholders/pasta.png,,"[""icon:pasta""]",1,2026-07-06 07:43:49.557474+00,2026-07-06 07:43:49.55746+00
e1ef5370-d0cd-4836-969b-491a602e9018,384b833e-d0f6-4e46-b61d-2c938b36eb0d,Chicken Burger (With Cheese),Chicken Burger (With Cheese),চিকেন বার্গার (পনির সহ),A chicken burger topped with melted cheese for extra flavor.,A chicken burger topped with melted cheese for extra flavor.,অতিরিক্ত স্বাদের জন্য গলানো পনির দিয়ে সাজানো একটি চিকেন বার্গার।,199.00,,,f,Burger,Burger,বার্গার,t,https://quickbytes.buzz/uploads/menu_placeholders/burger.png,,"[""icon:burger""]",2,2026-07-06 07:41:42.437966+00,2026-07-06 07:41:42.437952+00
293037d0-0812-45ac-9f01-228fa61735c6,384b833e-d0f6-4e46-b61d-2c938b36eb0d,Egger Burger,Egger Burger,এগার বার্গার,"A delicious chicken burger with egg, perfect for a hearty meal.","A delicious chicken burger with egg, perfect for a hearty meal.","ডিম সহ একটি সুস্বাদু চিকেন বার্গার, যা একটি পেট ভরা খাবারের জন্য উপযুক্ত।",120.00,,,f,Burger,Burger,বার্গার,t,https://quickbytes.buzz/uploads/menu_placeholders/burger.png,,"[""icon:burger""]",2,2026-07-06 07:41:50.467685+00,2026-07-06 07:41:50.46767+00
ef0f27b3-c255-414d-8a9a-43fca54fed52,384b833e-d0f6-4e46-b61d-2c938b36eb0d,Mr. Junior Rajukian,Mr. Junior Rajukian,মি. জুনিয়র রাজুকিয়ান,Mr. Junior is always special. Basically the taste is superb. It feels like being the king of burgers.,Mr. Junior is always special. Basically the taste is superb. It feels like being the king of burgers.,মি. জুনিয়র সবসময় বিশেষ। মূলত স্বাদটি অসাধারণ। এটি বার্গারের রাজা হওয়ার মতো অনুভূতি দেয়।,265.00,,,f,Burger,Burger,বার্গার,t,https://quickbytes.buzz/uploads/menu_placeholders/burger.png,,"[""icon:burger""]",2,2026-07-06 07:41:58.22833+00,2026-07-06 07:41:58.228315+00
787e3f41-a330-4825-a5ef-cf625a599f46,384b833e-d0f6-4e46-b61d-2c938b36eb0d,Mr. Rajukian,Mr. Rajukian,মি. রাজুকিয়ান,Rajukian is always special. This burger feels like being the king of kings with 3 buns and large patties.,Rajukian is always special. This burger feels like being the king of kings with 3 buns and large patties.,রাজুকিয়ান সবসময় বিশেষ। এই বার্গারটি ৩টি বান এবং বড় প্যাটি সহ রাজাদের রাজা হওয়ার অনুভূতি দেয়।,450.00,,,f,Burger,Burger,বার্গার,t,https://quickbytes.buzz/uploads/menu_placeholders/burger.png,,"[""icon:burger""]",2,2026-07-06 07:42:00.777957+00,2026-07-06 07:42:00.777942+00
0cdbe082-a59e-485f-a41c-2162c923774e,384b833e-d0f6-4e46-b61d-2c938b36eb0d,Regular Pasta,Regular Pasta,রেগুলার পাস্তা,"Oven baked with white sauce, tomato sauce, chicken, mozzarella cheese, garlic, capsicum, and tomato. A classic favorite.","Oven baked with white sauce, tomato sauce, chicken, mozzarella cheese, garlic, capsicum, and tomato. A classic favorite.","সাদা সস, টমেটো সস, চিকেন, মোজারেলা পনির, রসুন, ক্যাপসিকাম এবং টমেটো দিয়ে ওভেনে বেক করা। একটি ক্লাসিক প্রিয়।",200.00,,,f,Pasta,Pasta,পাস্তা,t,https://quickbytes.buzz/uploads/menu_placeholders/pasta.png,,"[""icon:pasta""]",1,2026-07-06 07:43:48.197766+00,2026-07-06 07:43:48.197751+00
7ddd84f9-8dfe-4f64-b08f-b740f76a462f,384b833e-d0f6-4e46-b61d-2c938b36eb0d,White Sauce Pasta,White Sauce Pasta,হোয়াইট সস পাস্তা,"Chicken, white sauce, mushroom, butter, white cream, and garlic. Creamy and delicious.","Chicken, white sauce, mushroom, butter, white cream, and garlic. Creamy and delicious.","চিকেন, সাদা সস, মাশরুম, মাখন, সাদা ক্রিম এবং রসুন। ক্রিমি এবং সুস্বাদু।",200.00,,,f,Pasta,Pasta,পাস্তা,t,https://quickbytes.buzz/uploads/menu_placeholders/pasta.png,,"[""icon:pasta""]",1,2026-07-06 07:43:51.018432+00,2026-07-06 07:43:51.018416+00
fc688581-d9d4-4869-bfa2-8adad9df7669,384b833e-d0f6-4e46-b61d-2c938b36eb0d,Hot Coffee,Hot Coffee,হট কফি,"A freshly brewed hot coffee, rich and aromatic.","A freshly brewed hot coffee, rich and aromatic.","তাজা তৈরি গরম কফি, সমৃদ্ধ এবং সুগন্ধযুক্ত।",160.00,,422,f,Beverages,Beverages,বেভারেজ,t,https://quickbytes.buzz/uploads/menu_placeholders/tea_and_coffee.png,,"[""icon:tea_coffee""]",1,2026-08-02 16:57:44.946923+00,2026-08-02 16:57:44.946908+00
21852e38-57fc-46f2-af85-578e2e6bf941,384b833e-d0f6-4e46-b61d-2c938b36eb0d,Pista Milkshake,Pista Milkshake,পিস্তা মিল্কশেক,A creamy pistachio milkshake with a nutty flavor.,A creamy pistachio milkshake with a nutty flavor.,বাদামি স্বাদ সহ একটি ক্রিমি পিস্তা মিল্কশেক।,170.00,,421,f,Beverages,Beverages,বেভারেজ,t,https://quickbytes.buzz/uploads/menu_placeholders/beverages.png,,"[""icon:beverages""]",1,2026-08-02 16:57:54.794716+00,2026-08-02 16:57:54.794701+00
02889ca8-bfcb-4ccd-a175-a7d8951955b1,384b833e-d0f6-4e46-b61d-2c938b36eb0d,Long Black (Black Coffee),Long Black (Black Coffee),লং ব্ল্যাক (ব্ল্যাক কফি),"A classic black coffee with a fuller body, made by pouring espresso over hot water for a rich, aromatic experience.","A classic black coffee with a fuller body, made by pouring espresso over hot water for a rich, aromatic experience.","একটি ক্লাসিক ব্ল্যাক কফি যার পূর্ণাঙ্গ বডি, এসপ্রেসোকে গরম পানির উপর ঢেলে তৈরি করা হয় যা একটি সমৃদ্ধ ও সুগন্ধি অভিজ্ঞতা দেয়।",150.00,,58,f,Hot Coffee,Hot Coffee,গরম কফি,t,https://quickbytes.buzz/uploads/menu_placeholders/tea_and_coffee.png,,"[""icon:tea_coffee""]",1,2026-07-06 07:43:03.449068+00,2026-07-06 07:43:03.449053+00
65a53a27-9c51-4315-9613-c4519c098cff,384b833e-d0f6-4e46-b61d-2c938b36eb0d,Iced Latte,Iced Latte,আইসড ল্যাটে,"Smooth espresso poured over chilled milk and ice, creating a creamy and refreshing coffee delight.","Smooth espresso poured over chilled milk and ice, creating a creamy and refreshing coffee delight.","ঠান্ডা দুধ ও বরফের উপর ঢালা মসৃণ এসপ্রেসো, যা একটি ক্রিমি ও সতেজকর কফি আনন্দ তৈরি করে।",220.00,,63,f,Iced Coffee,Iced Coffee,আইসড কফি,t,https://quickbytes.buzz/uploads/menu_placeholders/tea_and_coffee.png,,"[""icon:tea_coffee""]",1,2026-07-06 07:43:23.238218+00,2026-07-06 07:43:23.238203+00
c30a6792-8039-403f-9d07-c075cdd459dc,384b833e-d0f6-4e46-b61d-2c938b36eb0d,BBQ Meat Box,BBQ Meat Box,বিবিকিউ মিট বক্স,A BBQ flavored meat box with smoky goodness.,A BBQ flavored meat box with smoky goodness.,ধোঁয়াটে ভালোবাসা সহ একটি বিবিকিউ স্বাদের মিট বক্স।,229.00,,,f,Meat Box,Meat Box,মিট বক্স,t,https://quickbytes.buzz/uploads/menu_placeholders/grill.png,,"[""icon:grill""]",1,2026-07-06 07:43:35.317795+00,2026-07-06 07:43:35.317781+00
5125c5ec-2cc4-426c-b872-d15aefb85d0d,384b833e-d0f6-4e46-b61d-2c938b36eb0d,Mixed Pasta,Mixed Pasta,মিক্সড পাস্তা,"Oven baked with white sauce, tomato sauce, chicken, capsicum, tomato, chicken sausage, mozzarella cheese, and garlic. A medley of flavors.","Oven baked with white sauce, tomato sauce, chicken, capsicum, tomato, chicken sausage, mozzarella cheese, and garlic. A medley of flavors.","সাদা সস, টমেটো সস, চিকেন, ক্যাপসিকাম, টমেটো, চিকেন সসেজ, মোজারেলা পনির এবং রসুন দিয়ে ওভেনে বেক করা। স্বাদের একটি মিশ্রণ।",230.00,,,f,Pasta,Pasta,পাস্তা,t,https://quickbytes.buzz/uploads/menu_placeholders/pasta.png,,"[""icon:pasta""]",1,2026-07-06 07:43:43.997689+00,2026-07-06 07:43:43.99767+00
d8dd43e5-753a-49bd-b181-8463c4bb724f,384b833e-d0f6-4e46-b61d-2c938b36eb0d,Naga Chicken Baked,Naga Chicken Baked,নাগা চিকেন বেকড,"Oven baked with naga sauce, capsicum, olives, chicken, sausage, and cheese. A fiery baked delight.","Oven baked with naga sauce, capsicum, olives, chicken, sausage, and cheese. A fiery baked delight.","নাগা সস, ক্যাপসিকাম, অলিভ, চিকেন, সসেজ এবং পনির দিয়ে ওভেনে বেক করা। একটি জ্বলন্ত বেকড আনন্দ।",200.00,,,f,Pasta,Pasta,পাস্তা,t,https://quickbytes.buzz/uploads/menu_placeholders/pasta.png,,"[""icon:pasta""]",1,2026-07-06 07:43:45.407525+00,2026-07-06 07:43:45.407508+00
80878d6f-a79c-41f8-84e1-ee7730aee070,384b833e-d0f6-4e46-b61d-2c938b36eb0d,Iced Cappuccino,Iced Cappuccino,আইসড ক্যাপুচিনো,"Chilled cappuccino with creamy milk foam over ice, delivering a delightful balance of espresso and froth.","Chilled cappuccino with creamy milk foam over ice, delivering a delightful balance of espresso and froth.","ঠান্ডা ক্যাপুচিনো বরফের উপর ক্রিমি দুধের ফেনা সহ, এসপ্রেসো ও ফেনার একটি চমৎকার ভারসাম্য প্রদান করে।",210.00,,61,f,Iced Coffee,Iced Coffee,আইসড কফি,t,https://quickbytes.buzz/uploads/menu_placeholders/tea_and_coffee.png,,"[""icon:tea_coffee""]",1,2026-07-06 07:43:17.287156+00,2026-07-06 07:43:17.28714+00
03deb64d-e62f-44c9-a156-ad2358702454,384b833e-d0f6-4e46-b61d-2c938b36eb0d,Iced Spanish Latte,Iced Spanish Latte,আইসড স্প্যানিশ ল্যাটে,"A sweet and creamy iced latte made with condensed milk, giving it a rich, indulgent flavor.","A sweet and creamy iced latte made with condensed milk, giving it a rich, indulgent flavor.","কনডেন্সড মিল্ক দিয়ে তৈরি একটি মিষ্টি ও ক্রিমি আইসড ল্যাটে, যা একটি সমৃদ্ধ ও লোভনীয় স্বাদ দেয়।",250.00,,65,f,Iced Coffee,Iced Coffee,আইসড কফি,t,https://quickbytes.buzz/uploads/menu_placeholders/tea_and_coffee.png,,"[""icon:tea_coffee""]",1,2026-07-06 07:43:29.328259+00,2026-07-06 07:43:29.328244+00
2a256551-d347-4c82-8720-64e7fe86ac5f,384b833e-d0f6-4e46-b61d-2c938b36eb0d,Corridor Special Pasta,Corridor Special Pasta,করিডোর স্পেশাল পাস্তা,"Oven baked with special sauce, loaded mozzarella cheese, capsicum, tomato, loaded chicken, olives, sausage, chicken salami, and garlic sauce. Our signature pasta.","Oven baked with special sauce, loaded mozzarella cheese, capsicum, tomato, loaded chicken, olives, sausage, chicken salami, and garlic sauce. Our signature pasta.","বিশেষ সস, লোডেড মোজারেলা পনির, ক্যাপসিকাম, টমেটো, লোডেড চিকেন, অলিভ, সসেজ, চিকেন সালামি এবং রসুন সস দিয়ে ওভেনে বেক করা। আমাদের সিগনেচার পাস্তা।",250.00,,,f,Pasta,Pasta,পাস্তা,t,https://quickbytes.buzz/uploads/menu_placeholders/pasta.png,,"[""icon:pasta""]",1,2026-07-06 07:43:41.052493+00,2026-07-06 07:43:41.052479+00
e9c3faa1-995a-45ec-a97c-16922fe71b72,384b833e-d0f6-4e46-b61d-2c938b36eb0d,BBQ Nachos,BBQ Nachos,বিবিকিউ নাচোস,"Crispy nachos loaded with smoky BBQ chicken, cheese, and fresh toppings.","Crispy nachos loaded with smoky BBQ chicken, cheese, and fresh toppings.","ক্রিস্পি নাচোসের উপরে স্মোকি বিবিকিউ চিকেন, চিজ এবং তাজা টপিংস।",220.00,,,t,Appetizer,Appetizer,অ্যাপেটাইজার,t,https://quickbytes.buzz/uploads/menu_images/94314d8d-9a22-43d5-8313-0eaf3ab2be19.jpg,,"[""icon:appetizer""]",8,2026-07-12 12:27:56.697738+00,2026-07-12 12:27:56.697708+00
25a6e827-6c39-4852-9718-a1d1282f9ddd,384b833e-d0f6-4e46-b61d-2c938b36eb0d,Naga Meat Box,Naga Meat Box,নাগা মিট বক্স,A spicy naga meat box for those who love heat.,A spicy naga meat box for those who love heat.,যারা ঝাল পছন্দ করেন তাদের জন্য একটি মশলাদার নাগা মিট বক্স।,229.00,,,f,Meat Box,Meat Box,মিট বক্স,t,https://quickbytes.buzz/uploads/menu_placeholders/grill.png,,"[""icon:grill""]",1,2026-07-06 07:43:38.197658+00,2026-07-06 07:43:38.197644+00
dc734311-6b80-421f-9521-a3986ed9239a,384b833e-d0f6-4e46-b61d-2c938b36eb0d,Hazelnut Americano,Hazelnut Americano,হ্যাজেলনাট আমেরিকানো,"A warm Americano infused with hazelnut syrup, offering a nutty twist to the classic black coffee.","A warm Americano infused with hazelnut syrup, offering a nutty twist to the classic black coffee.","হ্যাজেলনাট সিরাপ দিয়ে তৈরি একটি গরম আমেরিকানো, যা ক্লাসিক ব্ল্যাক কফিতে বাদামি মোড় যোগ করে।",200.00,,62,f,Hot Coffee,Hot Coffee,গরম কফি,t,https://quickbytes.buzz/uploads/menu_placeholders/tea_and_coffee.png,,"[""icon:tea_coffee""]",1,2026-07-06 07:43:00.257222+00,2026-07-06 07:43:00.257208+00
83bdfa54-8a66-4f20-b7d3-195d7f941f9b,384b833e-d0f6-4e46-b61d-2c938b36eb0d,French Fries (Medium),French Fries (Medium),ফ্রেঞ্চ ফ্রাই (মাঝারি),"Crispy golden french fries, perfectly salted.","Crispy golden french fries, perfectly salted.","ক্রিস্পি সোনালি ফ্রেঞ্চ ফ্রাই, নিখুঁতভাবে লবণযুক্ত।",120.00,,,f,Sides,Sides,সাইডস,t,https://quickbytes.buzz/uploads/menu_placeholders/appetizer.png,,"[""icon:appetizer""]",1,2026-07-06 07:44:25.5278+00,2026-07-06 07:44:25.527785+00
2e2d3e30-abd9-4d88-9103-f7a804e7050b,384b833e-d0f6-4e46-b61d-2c938b36eb0d,Mr. Whopper,Mr. Whopper,মি. হুপার,"On either side of a large double patty lies a concoction of cheese, honey pepperoni. It will whoop your assertions about normal burgers.","On either side of a large double patty lies a concoction of cheese, honey pepperoni. It will whoop your assertions about normal burgers.","একটি বড় ডাবল প্যাটির উভয় পাশে পনির, হানি পেপারোনির মিশ্রণ রয়েছে। এটি সাধারণ বার্গার সম্পর্কে আপনার ধারণাকে চ্যালেঞ্জ করবে।",410.00,,,f,Burger,Burger,বার্গার,t,https://quickbytes.buzz/uploads/menu_placeholders/burger.png,,"[""icon:burger""]",2,2026-07-06 07:42:01.497323+00,2026-07-06 07:42:01.497308+00
7083c96e-b01e-4130-8eb0-99b73876fd5e,384b833e-d0f6-4e46-b61d-2c938b36eb0d,French Fries (Small),French Fries (Small),ফ্রেঞ্চ ফ্রাই (ছোট),"Crispy golden french fries, perfectly salted.","Crispy golden french fries, perfectly salted.","ক্রিস্পি সোনালি ফ্রেঞ্চ ফ্রাই, নিখুঁতভাবে লবণযুক্ত।",100.00,,,f,Sides,Sides,সাইডস,t,https://quickbytes.buzz/uploads/menu_placeholders/appetizer.png,,"[""icon:appetizer""]",1,2026-07-06 07:44:26.789187+00,2026-07-06 07:44:26.789173+00
be82c8b5-b2e0-4402-a7e8-b5509f20c82c,384b833e-d0f6-4e46-b61d-2c938b36eb0d,Chocolate Shake,Chocolate Shake,চকলেট শেক,"Rich and creamy chocolate milkshake, topped with whipped cream.","Rich and creamy chocolate milkshake, topped with whipped cream.","সমৃদ্ধ এবং ক্রিমি চকলেট মিল্কশেক, হুইপড ক্রিম দিয়ে সাজানো।",160.00,,417,f,Beverages,Beverages,বেভারেজ,t,https://quickbytes.buzz/uploads/menu_placeholders/beverages.png,,"[""icon:beverages""]",1,2026-08-02 16:57:41.57659+00,2026-08-02 16:57:41.576575+00
a8ccbfa2-052e-477c-9273-8203b38d624d,384b833e-d0f6-4e46-b61d-2c938b36eb0d,Onion Rings (5 Pcs),Onion Rings (5 Pcs),অনিয়ন রিংস (৫ পিস),"Crispy battered onion rings, golden and delicious.","Crispy battered onion rings, golden and delicious.","ক্রিস্পি ব্যাটারযুক্ত অনিয়ন রিংস, সোনালি এবং সুস্বাদু।",130.00,,,f,Sides,Sides,সাইডস,t,https://quickbytes.buzz/uploads/menu_placeholders/appetizer.png,,"[""icon:appetizer""]",1,2026-07-06 07:44:27.979383+00,2026-07-06 07:44:27.979359+00
e6d60d8b-4577-4caf-8289-a05a372d8c20,384b833e-d0f6-4e46-b61d-2c938b36eb0d,Onion Rings (8 Pcs),Onion Rings (8 Pcs),অনিয়ন রিংস (৮ পিস),"Crispy battered onion rings, golden and delicious.","Crispy battered onion rings, golden and delicious.","ক্রিস্পি ব্যাটারযুক্ত অনিয়ন রিংস, সোনালি এবং সুস্বাদু।",199.00,,,f,Sides,Sides,সাইডস,t,https://quickbytes.buzz/uploads/menu_placeholders/appetizer.png,,"[""icon:appetizer""]",1,2026-07-06 07:44:29.157446+00,2026-07-06 07:44:29.15743+00
391974b4-0383-433e-9dc2-e8485228bf5f,384b833e-d0f6-4e46-b61d-2c938b36eb0d,Potato Wedges,Potato Wedges,পটেটো ওয়েজেস,"Seasoned potato wedges, baked to perfection.","Seasoned potato wedges, baked to perfection.","মশলাদার পটেটো ওয়েজেস, নিখুঁতভাবে বেক করা।",120.00,,,f,Sides,Sides,সাইডস,t,https://quickbytes.buzz/uploads/menu_placeholders/appetizer.png,,"[""icon:appetizer""]",1,2026-07-06 07:44:30.538555+00,2026-07-06 07:44:30.538541+00
3aba5646-a299-48c8-ae14-3aeda284df14,384b833e-d0f6-4e46-b61d-2c938b36eb0d,Buffalo Wings (4 Pcs),Buffalo Wings (4 Pcs),বাফেলো উইংস (৪ পিস),"Spicy buffalo wings, perfect for those who love heat.","Spicy buffalo wings, perfect for those who love heat.","মশলাদার বাফেলো উইংস, যারা ঝাল পছন্দ করেন তাদের জন্য উপযুক্ত।",159.00,,,f,Wings,Wings,উইংস,t,https://quickbytes.buzz/uploads/menu_placeholders/chicken_fry.png,,"[""icon:chicken""]",1,2026-07-06 07:44:49.617522+00,2026-07-06 07:44:49.617504+00
b68b07b8-6bf4-4683-a55f-811403b50bca,384b833e-d0f6-4e46-b61d-2c938b36eb0d,Buffalo Wings (6 Pcs),Buffalo Wings (6 Pcs),বাফেলো উইংস (৬ পিস),"Spicy buffalo wings, perfect for those who love heat.","Spicy buffalo wings, perfect for those who love heat.","মশলাদার বাফেলো উইংস, যারা ঝাল পছন্দ করেন তাদের জন্য উপযুক্ত।",220.00,,,f,Wings,Wings,উইংস,t,https://quickbytes.buzz/uploads/menu_placeholders/fried-chicken.png,,"[""icon:chicken""]",1,2026-07-06 07:44:50.777598+00,2026-07-06 07:44:50.777584+00
ce3b22cc-536e-4362-be79-b7dd1d7114fb,384b833e-d0f6-4e46-b61d-2c938b36eb0d,Mr. Wings (4 Pcs),Mr. Wings (4 Pcs),মি. উইংস (৪ পিস),"Juicy chicken wings, seasoned and fried to perfection.","Juicy chicken wings, seasoned and fried to perfection.","রসালো চিকেন উইংস, মশলাদার এবং নিখুঁতভাবে ভাজা।",149.00,,,f,Wings,Wings,উইংস,t,https://quickbytes.buzz/uploads/menu_placeholders/chicken-2.png,,"[""icon:chicken""]",1,2026-07-06 07:44:51.849143+00,2026-07-06 07:44:51.849124+00
d1afb50f-aa6b-4a4d-b857-f398dd0e5477,384b833e-d0f6-4e46-b61d-2c938b36eb0d,Mr. Wings (6 Pcs),Mr. Wings (6 Pcs),মি. উইংস (৬ পিস),"Juicy chicken wings, seasoned and fried to perfection.","Juicy chicken wings, seasoned and fried to perfection.","রসালো চিকেন উইংস, মশলাদার এবং নিখুঁতভাবে ভাজা।",210.00,,,f,Wings,Wings,উইংস,t,https://quickbytes.buzz/uploads/menu_placeholders/chicken-4.png,,"[""icon:chicken""]",1,2026-07-06 07:44:53.054641+00,2026-07-06 07:44:53.054626+00
fc4d800b-7d90-42bb-8aed-df175a321b79,384b833e-d0f6-4e46-b61d-2c938b36eb0d,Iced Spanish Matcha Latte,Iced Spanish Matcha Latte,আইসড স্প্যানিশ মাচা ল্যাটে,"A unique iced latte blending matcha green tea with condensed milk for a sweet, earthy, and creamy treat.","A unique iced latte blending matcha green tea with condensed milk for a sweet, earthy, and creamy treat.","একটি অনন্য আইসড ল্যাটে যা মাচা গ্রিন টি ও কনডেন্সড মিল্কের মিশ্রণ, একটি মিষ্টি, মাটির ও ক্রিমি ট্রিট।",290.00,,67,f,Iced Coffee,Iced Coffee,আইসড কফি,t,https://quickbytes.buzz/uploads/menu_placeholders/tea_and_coffee.png,,"[""icon:tea_coffee""]",1,2026-07-06 07:43:30.737239+00,2026-07-06 07:43:30.737224+00
89bd400e-150c-46e3-b97b-0909a846689b,384b833e-d0f6-4e46-b61d-2c938b36eb0d,Iced Vanilla Latte,Iced Vanilla Latte,আইসড ভ্যানিলা ল্যাটে,"A cool and creamy latte with vanilla syrup, perfect for a sweet, refreshing coffee experience.","A cool and creamy latte with vanilla syrup, perfect for a sweet, refreshing coffee experience.","ভ্যানিলা সিরাপ সহ একটি ঠান্ডা ও ক্রিমি ল্যাটে, একটি মিষ্টি ও সতেজকর কফি অভিজ্ঞতার জন্য উপযুক্ত।",270.00,,73,f,Iced Coffee,Iced Coffee,আইসড কফি,t,https://quickbytes.buzz/uploads/menu_placeholders/tea_and_coffee.png,,"[""icon:tea_coffee""]",1,2026-07-06 07:43:32.420203+00,2026-07-06 07:43:32.420182+00
320202e6-00ab-40af-827d-058ffd9eefe3,384b833e-d0f6-4e46-b61d-2c938b36eb0d,Mr. Sandwich,Mr. Sandwich,মি. স্যান্ডউইচ,A delicious sandwich with fresh ingredients.,A delicious sandwich with fresh ingredients.,তাজা উপাদান সহ একটি সুস্বাদু স্যান্ডউইচ।,210.00,,,f,Sandwich,Sandwich,স্যান্ডউইচ,t,https://quickbytes.buzz/uploads/menu_placeholders/sandwitch.png,,"[""icon:sandwich""]",2,2026-07-06 07:44:19.398064+00,2026-07-06 07:44:19.398047+00
9cfbd87f-38e5-4854-8042-062312692554,384b833e-d0f6-4e46-b61d-2c938b36eb0d,chicken biriyani,chicken biriyani,,,,,8.00,,42,f,Burgers,Burgers,,t,,,,3,2026-07-06 07:42:10.907609+00,2026-07-06 07:42:10.907594+00
c7d3cdd7-6ed4-429e-8fb3-e674b05cc65c,384b833e-d0f6-4e46-b61d-2c938b36eb0d,Mr. Classic Burger,Mr. Classic Burger,মি. ক্লাসিক বার্গার,"When it comes to chicken, feel like classic. A hidden cheese melt makes it juicy with MR.MANIK signature sauce.","When it comes to chicken, feel like classic. A hidden cheese melt makes it juicy with MR.MANIK signature sauce.","মুরগির কথা বললে, ক্লাসিক অনুভব করুন। একটি লুকানো চিজ মেল্ট এটিকে এমআর.ম্যানিক সিগনেচার সস দিয়ে জুসি করে তোলে।",275.00,,,f,Burger,Burger,বার্গার,t,https://quickbytes.buzz/uploads/menu_placeholders/chicken-2.png,,"[""icon:chicken""]",2,2026-07-06 07:41:57.787569+00,2026-07-06 07:41:57.787555+00
b5e0c6a9-7b35-4a53-9821-d5c1c57a99b0,384b833e-d0f6-4e46-b61d-2c938b36eb0d,Burger Bun,Burger Bun,বার্গার বান,Soft toasted burger bun.,Soft toasted burger bun.,নরম টোস্টেড বার্গার বান।,25.00,,,f,Burger,Burger,বার্গার,t,https://quickbytes.buzz/uploads/menu_placeholders/beverages.png,,"[""icon:general""]",2,2026-07-12 12:28:02.002927+00,2026-07-12 12:28:02.002912+00
d8f7e951-504c-4cac-9c90-e68e8fb34d16,384b833e-d0f6-4e46-b61d-2c938b36eb0d,Cheese,Cheese,চিজ,Melted cheese slice to add creamy richness to your burger.,Melted cheese slice to add creamy richness to your burger.,গলানো চিজ স্লাইস যা আপনার বার্গারে ক্রিমি সমৃদ্ধি যোগ করে।,25.00,,,f,Burger,Burger,বার্গার,t,https://quickbytes.buzz/uploads/menu_placeholders/beverages.png,,"[""icon:general""]",2,2026-07-12 12:28:03.035253+00,2026-07-12 12:28:03.035234+00
2440538c-31aa-4159-be5f-254ee14861e2,384b833e-d0f6-4e46-b61d-2c938b36eb0d,Mushroom,Mushroom,মাশরুম,Sautéed mushrooms adding earthy flavor.,Sautéed mushrooms adding earthy flavor.,সাউটেড মাশরুম যা মাটির স্বাদ যোগ করে।,45.00,,,f,Burger,Burger,বার্গার,t,https://quickbytes.buzz/uploads/menu_placeholders/beverages.png,,"[""icon:general""]",2,2026-07-06 07:42:01.698053+00,2026-07-06 07:42:01.698026+00
b119afa2-29cd-4405-946d-ea22041520ae,384b833e-d0f6-4e46-b61d-2c938b36eb0d,Patty,Patty,প্যাটি,"A delicious chicken or beef patty, perfect for building your own burger.","A delicious chicken or beef patty, perfect for building your own burger.","একটি সুস্বাদু চিকেন বা বিফ প্যাটি, আপনার নিজের বার্গার তৈরির জন্য উপযুক্ত।",99.00,,,f,Burger,Burger,বার্গার,t,https://quickbytes.buzz/uploads/menu_placeholders/beef-1.png,,"[""icon:beef""]",2,2026-07-06 07:42:03.007573+00,2026-07-06 07:42:03.007558+00
6a32a67d-38bf-4736-93c7-8cb0fa04fca0,384b833e-d0f6-4e46-b61d-2c938b36eb0d,Pepperoni,Pepperoni,পেপারনি,Spicy pepperoni slices for an extra kick.,Spicy pepperoni slices for an extra kick.,অতিরিক্ত ঝালের জন্য মশলাদার পেপারনি স্লাইস।,45.00,,,f,Burger,Burger,বার্গার,t,https://quickbytes.buzz/uploads/menu_placeholders/beverages.png,,"[""icon:general""]",2,2026-07-06 07:42:03.688722+00,2026-07-06 07:42:03.688692+00
d4cf5e6b-9389-45ab-aed6-6b4c0e03d615,384b833e-d0f6-4e46-b61d-2c938b36eb0d,Salami,Salami,সালামি,Cured salami slices for a savory bite.,Cured salami slices for a savory bite.,সেভরি কামড়ের জন্য কিউরড সালামি স্লাইস।,35.00,,,f,Burger,Burger,বার্গার,t,https://quickbytes.buzz/uploads/menu_placeholders/beverages.png,,"[""icon:general""]",2,2026-07-06 07:42:08.655777+00,2026-07-06 07:42:08.655752+00
16a48755-2bf6-4fcb-9731-fb033943ab0f,384b833e-d0f6-4e46-b61d-2c938b36eb0d,Garlic Sauce,Garlic Sauce,গার্লিক সস,Creamy garlic sauce for dipping or spreading.,Creamy garlic sauce for dipping or spreading.,ডিপিং বা স্প্রেডিংয়ের জন্য ক্রিমি গার্লিক সস।,20.00,,,f,Sauce,Sauce,সস,t,https://quickbytes.buzz/uploads/menu_placeholders/beverages.png,,"[""icon:general""]",1,2026-07-06 07:44:21.860461+00,2026-07-06 07:44:21.860447+00
481ae970-7664-4061-86b7-38e63d0f8126,384b833e-d0f6-4e46-b61d-2c938b36eb0d,Egg Fry,Egg Fry,এগ ফ্রাই,Fried egg to top your burger.,Fried egg to top your burger.,আপনার বার্গারের উপরে ফ্রাইড এগ।,25.00,,,f,Burger,Burger,বার্গার,t,https://quickbytes.buzz/uploads/menu_placeholders/beverages.png,,"[""icon:general""]",2,2026-07-06 07:41:47.824759+00,2026-07-06 07:41:47.824743+00
c6bf58db-f966-4c01-81a5-6a2ccba730d1,384b833e-d0f6-4e46-b61d-2c938b36eb0d,B.B.Q. Sauce,B.B.Q. Sauce,বি.বি.কিউ. সস,Smoky barbecue sauce for a tangy finish.,Smoky barbecue sauce for a tangy finish.,টেঞ্জি ফিনিশের জন্য স্মোকি বারবিকিউ সস।,25.00,,,f,Burger,Burger,বার্গার,t,https://quickbytes.buzz/uploads/menu_placeholders/beverages.png,,"[""icon:general""]",4,2026-07-12 12:27:59.867281+00,2026-07-12 12:27:59.867262+00
0451d033-4bba-4cc0-8c16-d44202188ef7,384b833e-d0f6-4e46-b61d-2c938b36eb0d,Cold Coffee,Cold Coffee,কোল্ড কফি,"Chilled coffee blended with milk and ice, a perfect pick-me-up.","Chilled coffee blended with milk and ice, a perfect pick-me-up.","দুধ এবং বরফের সাথে মিশ্রিত ঠান্ডা কফি, একটি নিখুঁত রিফ্রেশমেন্ট।",160.00,,418,f,Beverages,Beverages,বেভারেজ,t,https://quickbytes.buzz/uploads/menu_placeholders/tea_and_coffee.png,,"[""icon:tea_coffee""]",1,2026-08-02 16:57:42.826061+00,2026-08-02 16:57:42.826041+00
2058415a-3e75-4fe3-b19d-a9097db6cd99,384b833e-d0f6-4e46-b61d-2c938b36eb0d,Chicken with Mushroom Pasta,Chicken with Mushroom Pasta,চিকেন উইথ মাশরুম পাস্তা,Pasta with chicken and mushrooms in a rich sauce.,Pasta with chicken and mushrooms in a rich sauce.,সমৃদ্ধ সসে চিকেন এবং মাশরুম সহ পাস্তা।,230.00,,,f,Pasta,Pasta,পাস্তা,t,https://quickbytes.buzz/uploads/menu_placeholders/pasta.png,,"[""icon:pasta""]",2,2026-07-06 07:43:39.578537+00,2026-07-06 07:43:39.578522+00
efd5a532-23fb-4578-adcf-3e225db28c11,384b833e-d0f6-4e46-b61d-2c938b36eb0d,Grilled Chicken Pasta,Grilled Chicken Pasta,গ্রিলড চিকেন পাস্তা,Pasta tossed with grilled chicken pieces in a creamy sauce.,Pasta tossed with grilled chicken pieces in a creamy sauce.,ক্রিমি সসে গ্রিলড চিকেন পিসের সাথে পাস্তা মিশ্রিত।,199.00,,,f,Pasta,Pasta,পাস্তা,t,https://quickbytes.buzz/uploads/menu_placeholders/pasta.png,,"[""icon:pasta""]",2,2026-07-06 07:43:42.687572+00,2026-07-06 07:43:42.687558+00
d92081b9-c8f5-4041-b1c4-9e486f00751c,384b833e-d0f6-4e46-b61d-2c938b36eb0d,Special Honey Mustard (Fries),Special Honey Mustard (Fries),স্পেশাল হানি মাস্টার্ড (ফ্রাইজ),"Sweet and tangy honey mustard sauce, perfect for fries.","Sweet and tangy honey mustard sauce, perfect for fries.","মিষ্টি এবং টেঞ্জি হানি মাস্টার্ড সস, ফ্রাইজের জন্য উপযুক্ত।",25.00,,,f,Sauce,Sauce,সস,t,https://quickbytes.buzz/uploads/menu_placeholders/beverages.png,,"[""icon:general""]",1,2026-07-06 07:44:23.048132+00,2026-07-06 07:44:23.048111+00
2dd6397b-43f1-4094-8991-e1bca5528832,384b833e-d0f6-4e46-b61d-2c938b36eb0d,7Up (Small),7Up (Small),৭আপ (ছোট),"Refreshing 7Up lemon-lime soda, small size.","Refreshing 7Up lemon-lime soda, small size.","রিফ্রেশিং ৭আপ লেবু-লাইম সোডা, ছোট সাইজ।",40.00,,,f,Soft Drink,Soft Drink,সফট ড্রিংক,t,https://quickbytes.buzz/uploads/menu_placeholders/soft-drink.png,,"[""icon:soft_drink""]",1,2026-07-06 07:44:32.777517+00,2026-07-06 07:44:32.777503+00
d471ffa3-b49a-4615-a7f6-fbed7e7d5846,384b833e-d0f6-4e46-b61d-2c938b36eb0d,Dew (Medium),Dew (Medium),ডিউ (মাঝারি),"Refreshing Mountain Dew, medium size.","Refreshing Mountain Dew, medium size.","রিফ্রেশিং মাউন্টেন ডিউ, মাঝারি সাইজ।",50.00,,,f,Soft Drink,Soft Drink,সফট ড্রিংক,t,https://quickbytes.buzz/uploads/menu_placeholders/soft-drink.png,,"[""icon:soft_drink""]",1,2026-07-06 07:44:34.252314+00,2026-07-06 07:44:34.252296+00
4ab2c333-0d3b-4df3-b8a0-953759bb355c,384b833e-d0f6-4e46-b61d-2c938b36eb0d,Dew (Small),Dew (Small),ডিউ (ছোট),"Refreshing Mountain Dew, small size.","Refreshing Mountain Dew, small size.","রিফ্রেশিং মাউন্টেন ডিউ, ছোট সাইজ।",40.00,,,f,Soft Drink,Soft Drink,সফট ড্রিংক,t,https://quickbytes.buzz/uploads/menu_placeholders/soft-drink.png,,"[""icon:soft_drink""]",1,2026-07-06 07:44:35.653863+00,2026-07-06 07:44:35.653847+00
eb3df243-9a63-4561-8edf-e782b8b5d9d9,384b833e-d0f6-4e46-b61d-2c938b36eb0d,Pepsi (Medium),Pepsi (Medium),পেপসি (মাঝারি),"Refreshing Pepsi cola, medium size.","Refreshing Pepsi cola, medium size.","রিফ্রেশিং পেপসি কোলা, মাঝারি সাইজ।",50.00,,,f,Soft Drink,Soft Drink,সফট ড্রিংক,t,https://quickbytes.buzz/uploads/menu_placeholders/soft-drink.png,,"[""icon:soft_drink""]",1,2026-07-06 07:44:39.137692+00,2026-07-06 07:44:39.137677+00
5283bddf-3f59-46b4-9c1e-a90122195b52,384b833e-d0f6-4e46-b61d-2c938b36eb0d,Pepsi (Small),Pepsi (Small),পেপসি (ছোট),"Refreshing Pepsi cola, small size.","Refreshing Pepsi cola, small size.","রিফ্রেশিং পেপসি কোলা, ছোট সাইজ।",40.00,,,f,Soft Drink,Soft Drink,সফট ড্রিংক,t,https://quickbytes.buzz/uploads/menu_placeholders/soft-drink.png,,"[""icon:soft_drink""]",1,2026-07-06 07:44:40.297501+00,2026-07-06 07:44:40.297487+00
65edc58f-2538-4041-9945-6aa51e71c278,384b833e-d0f6-4e46-b61d-2c938b36eb0d,Chicken Nachos,Chicken Nachos,চিকেন নাচোস,"Crispy nachos topped with seasoned chicken, cheese, and fresh toppings.","Crispy nachos topped with seasoned chicken, cheese, and fresh toppings.","ক্রিস্পি নাচোসের উপরে সিজনড চিকেন, চিজ এবং তাজা টপিংস।",199.00,,,f,Appetizer,Appetizer,অ্যাপেটাইজার,t,https://quickbytes.buzz/uploads/menu_placeholders/appetizer.png,,"[""icon:appetizer""]",4,2026-07-12 12:27:57.516424+00,2026-07-12 12:27:57.516408+00
1ba64e85-1965-4449-86a7-1e9231632801,384b833e-d0f6-4e46-b61d-2c938b36eb0d,Mr. Agaricus (Mushroom),Mr. Agaricus (Mushroom),মি. আগারিকাস (মাশরুম),When normal patties are just not big enough. This chicken-mushroom monstrosity is not for the faint hearted.,When normal patties are just not big enough. This chicken-mushroom monstrosity is not for the faint hearted.,যখন সাধারণ প্যাটিগুলি যথেষ্ট বড় হয় না। এই চিকেন-মাশরুম দানবটি দুর্বল হৃদয়ের জন্য নয়।,350.00,,,f,Burger,Burger,বার্গার,t,https://quickbytes.buzz/uploads/menu_placeholders/burger.png,,"[""icon:burger""]",2,2026-07-06 07:41:57.367865+00,2026-07-06 07:41:57.367814+00
2dc88e1f-539c-4de0-9e75-b0a492182f49,384b833e-d0f6-4e46-b61d-2c938b36eb0d,7Up (Medium),7Up (Medium),৭আপ (মাঝারি),"Refreshing 7Up lemon-lime soda, medium size.","Refreshing 7Up lemon-lime soda, medium size.","রিফ্রেশিং ৭আপ লেবু-লাইম সোডা, মাঝারি সাইজ।",50.00,,,f,Soft Drink,Soft Drink,সফট ড্রিংক,t,https://quickbytes.buzz/uploads/menu_placeholders/soft-drink.png,,"[""icon:soft_drink""]",1,2026-07-06 07:44:31.667713+00,2026-07-06 07:44:31.667698+00
73ddc410-b3a9-441a-9924-be8105e270b6,384b833e-d0f6-4e46-b61d-2c938b36eb0d,Mirinda (Medium),Mirinda (Medium),মিরিন্ডা (মাঝারি),"Refreshing Mirinda orange soda, medium size.","Refreshing Mirinda orange soda, medium size.","রিফ্রেশিং মিরিন্ডা অরেঞ্জ সোডা, মাঝারি সাইজ।",50.00,,,f,Soft Drink,Soft Drink,সফট ড্রিংক,t,https://quickbytes.buzz/uploads/menu_placeholders/soft-drink.png,,"[""icon:soft_drink""]",1,2026-07-06 07:44:36.868866+00,2026-07-06 07:44:36.86885+00
470aaf87-bad4-4fc3-bc04-1eb20ce41b9b,384b833e-d0f6-4e46-b61d-2c938b36eb0d,Mirinda (Small),Mirinda (Small),মিরিন্ডা (ছোট),"Refreshing Mirinda orange soda, small size.","Refreshing Mirinda orange soda, small size.","রিফ্রেশিং মিরিন্ডা অরেঞ্জ সোডা, ছোট সাইজ।",40.00,,,f,Soft Drink,Soft Drink,সফট ড্রিংক,t,https://quickbytes.buzz/uploads/menu_placeholders/soft-drink.png,,"[""icon:soft_drink""]",1,2026-07-06 07:44:37.928284+00,2026-07-06 07:44:37.928251+00
493c87f2-e386-4c2e-b828-23d74cd09d46,384b833e-d0f6-4e46-b61d-2c938b36eb0d,Mineral Water (500 ml),Mineral Water (500 ml),মিনারেল ওয়াটার (৫০০ মি.লি.),"Pure mineral water, 500 ml bottle.","Pure mineral water, 500 ml bottle.","বিশুদ্ধ মিনারেল ওয়াটার, ৫০০ মি.লি. বোতল।",15.00,,,f,Water,Water,পানি,t,https://quickbytes.buzz/uploads/menu_placeholders/water.png,,"[""icon:water""]",1,2026-07-06 07:44:48.508665+00,2026-07-06 07:44:48.50865+00
708ffb43-2132-4250-ad55-5dd3c3055417,384b833e-d0f6-4e46-b61d-2c938b36eb0d,Lemon Mint,Lemon Mint,লেমন মিন্ট,"A refreshing blend of lemon and mint, served chilled.","A refreshing blend of lemon and mint, served chilled.","লেবু এবং পুদিনার একটি রিফ্রেশিং মিশ্রণ, ঠান্ডা পরিবেশন করা হয়।",140.00,,419,f,Beverages,Beverages,বেভারেজ,t,https://quickbytes.buzz/uploads/menu_placeholders/juice.png,,"[""icon:juice""]",1,2026-08-02 16:57:46.606263+00,2026-08-02 16:57:46.606249+00
4d4785dd-c680-43cb-aa89-606f11838cc1,384b833e-d0f6-4e46-b61d-2c938b36eb0d,Helium Signature,Helium Signature,হিলিয়াম সিগনেচার,"Brioche bun with mega chicken or beef patty, caramelized onion, mayonnaise, chili sauce, BBQ sauce, and rocket.","Brioche bun with mega chicken or beef patty, caramelized onion, mayonnaise, chili sauce, BBQ sauce, and rocket.","ব্রিওশ বান মেগা চিকেন বা বিফ প্যাটি, ক্যারামেলাইজড পেঁয়াজ, মেয়োনিজ, চিলি সস, বিবিকিউ সস এবং রকেট সহ।",399.00,,43,f,Burger,Burger,বার্গার,t,https://quickbytes.buzz/uploads/menu_placeholders/beef-1.png,,"[""icon:beef""]",1,2026-07-06 07:41:54.557514+00,2026-07-06 07:41:54.557498+00
a023c4ca-a660-4b12-a83a-9e69a2ae53b0,384b833e-d0f6-4e46-b61d-2c938b36eb0d,Cheese Burst,Cheese Burst,চিজ বাস্ট,"Crispy chicken with folded cheese, BBQ sauce, and spicy mayo, a cheesy explosion.","Crispy chicken with folded cheese, BBQ sauce, and spicy mayo, a cheesy explosion.","ক্রিস্পি চিকেন ভাঁজ করা পনির, বিবিকিউ সস এবং স্পাইসি মেয়ো সহ, একটি চিজি বিস্ফোরণ।",399.00,,45,f,Burger,Burger,বার্গার,t,https://quickbytes.buzz/uploads/menu_placeholders/chicken-4.png,,"[""icon:chicken""]",1,2026-07-06 07:41:37.830845+00,2026-07-06 07:41:37.830818+00
cfba2a48-02fc-498f-9aec-150729709ca1,384b833e-d0f6-4e46-b61d-2c938b36eb0d,Gourmet (beef),Gourmet (beef),গোরমে (বিফ),"Brioche bun with chopped sausage, egg, caramelized onion, mayonnaise, chili sauce, BBQ sauce, and rocket.","Brioche bun with chopped sausage, egg, caramelized onion, mayonnaise, chili sauce, BBQ sauce, and rocket.","ব্রিওশ বান কাটা সসেজ, ডিম, ক্যারামেলাইজড পেঁয়াজ, মেয়োনিজ, চিলি সস, বিবিকিউ সস এবং রকেট সহ।",369.00,,44,f,Burger,Burger,বার্গার,t,https://quickbytes.buzz/uploads/menu_placeholders/beef-2.png,,"[""icon:beef""]",1,2026-07-06 07:41:52.347794+00,2026-07-06 07:41:52.34778+00
519ed08f-f524-4ce6-95bb-cfed46e84521,384b833e-d0f6-4e46-b61d-2c938b36eb0d,BBQ Inside,BBQ Inside,বিবিকিউ ইনসাইড,Smoky barbecue flavors wrapped inside a delicious package. A perfect blend of tangy and savory notes.,Smoky barbecue flavors wrapped inside a delicious package. A perfect blend of tangy and savory notes.,ধোঁয়াটে বারবিকিউ স্বাদ একটি সুস্বাদু প্যাকেজের ভিতরে মোড়ানো। টেঞ্জি এবং সেভরি নোটের একটি নিখুঁত মিশ্রণ।,349.00,,49,f,Chicken,Chicken,চিকেন,t,https://quickbytes.buzz/uploads/menu_placeholders/chicken_fry.png,,"[""icon:chicken""]",1,2026-07-06 07:42:23.320808+00,2026-07-06 07:42:23.320795+00
148d52f8-0ba1-40d9-a2ec-4ee24c1dede9,384b833e-d0f6-4e46-b61d-2c938b36eb0d,Classic Chicken,Classic Chicken,ক্লাসিক চিকেন,"The timeless classic chicken dish, prepared with traditional spices and cooked to perfection. A favorite for all ages.","The timeless classic chicken dish, prepared with traditional spices and cooked to perfection. A favorite for all ages.","টাইমলেস ক্লাসিক চিকেন ডিশ, ঐতিহ্যবাহী মশলা দিয়ে প্রস্তুত এবং পারফেকশনে রান্না করা। সব বয়সের জন্য একটি প্রিয়।",289.00,,51,f,Chicken,Chicken,চিকেন,t,https://quickbytes.buzz/uploads/menu_placeholders/chicken-1.png,,"[""icon:chicken""]",1,2026-07-06 07:42:27.645126+00,2026-07-06 07:42:27.645112+00
5a45d051-0c47-41f1-a444-4a79a710f1b7,384b833e-d0f6-4e46-b61d-2c938b36eb0d,Crunch & Munch,Crunch & Munch,ক্রাঞ্চ অ্যান্ড মাঞ্চ,A delightful crispy and crunchy treat that satisfies your cravings with every bite. Perfectly seasoned and cooked to golden perfection.,A delightful crispy and crunchy treat that satisfies your cravings with every bite. Perfectly seasoned and cooked to golden perfection.,একটি আনন্দদায়ক ক্রিস্পি এবং ক্রাঞ্চি ট্রিট যা প্রতিটি কামড়ে আপনার ক্ষুধা মেটায়। পুরোপুরি সিজন করা এবং সোনালি পারফেকশনে রান্না করা।,299.00,,46,f,Chicken,Chicken,চিকেন,t,https://quickbytes.buzz/uploads/menu_placeholders/chicken-1.png,,"[""icon:chicken""]",1,2026-07-06 07:42:29.247272+00,2026-07-06 07:42:29.247258+00
95b8d387-814b-4237-ad75-4b7b4e310abf,384b833e-d0f6-4e46-b61d-2c938b36eb0d,Helium Signature,Helium Signature,হিলিয়াম সিগনেচার,"Our signature creation, a masterpiece of flavors that will elevate your dining experience. A must-try for every food lover.","Our signature creation, a masterpiece of flavors that will elevate your dining experience. A must-try for every food lover.","আমাদের সিগনেচার ক্রিয়েশন, স্বাদের একটি মাস্টারপিস যা আপনার ডাইনিং অভিজ্ঞতাকে উন্নত করবে। প্রতিটি খাদ্যপ্রেমীর জন্য অবশ্যই চেষ্টা করা উচিত।",369.00,,47,f,Chicken,Chicken,চিকেন,t,https://quickbytes.buzz/uploads/menu_placeholders/chicken-2.png,,"[""icon:chicken""]",1,2026-07-06 07:42:32.607656+00,2026-07-06 07:42:32.607643+00
e137590f-6bbc-4816-adfd-e33318c40b84,384b833e-d0f6-4e46-b61d-2c938b36eb0d,Naga,Naga,নাগা,A fiery and bold flavor for those who love heat. Packed with spicy goodness that will leave you wanting more.,A fiery and bold flavor for those who love heat. Packed with spicy goodness that will leave you wanting more.,যারা তাপ পছন্দ করেন তাদের জন্য একটি জ্বলন্ত এবং সাহসী স্বাদ। মশলাদার ভালোতায় ভরা যা আপনাকে আরও চাইতে বাধ্য করবে।,299.00,,48,f,Chicken,Chicken,চিকেন,t,https://quickbytes.buzz/uploads/menu_placeholders/chicken-4.png,,"[""icon:chicken""]",1,2026-07-06 07:42:34.449443+00,2026-07-06 07:42:34.449429+00
56f800e0-11df-425b-a2d0-007447361676,384b833e-d0f6-4e46-b61d-2c938b36eb0d,Sausage Saga,Sausage Saga,সসেজ সাগা,A hearty and satisfying sausage-filled delight. Juicy sausages combined with fresh ingredients for a memorable meal.,A hearty and satisfying sausage-filled delight. Juicy sausages combined with fresh ingredients for a memorable meal.,একটি হৃদয়গ্রাহী এবং সন্তোষজনক সসেজ-ভর্তি আনন্দ। রসালো সসেজ তাজা উপাদানের সাথে মিলিত হয়ে একটি স্মরণীয় খাবার তৈরি করে।,299.00,,50,f,Chicken,Chicken,চিকেন,t,https://quickbytes.buzz/uploads/menu_placeholders/fried-chicken.png,,"[""icon:chicken""]",1,2026-07-06 07:42:37.494037+00,2026-07-06 07:42:37.494022+00
9029a984-42dc-43f8-b7dc-f7d5212ecac0,384b833e-d0f6-4e46-b61d-2c938b36eb0d,Rasgulla,Rasgulla,রসগোল্লা,"Soft, spongy cottage cheese dumplings soaked in sweet syrup.","Soft, spongy cottage cheese dumplings soaked in sweet syrup.",নরম ও স্পঞ্জি ছানার বল মিষ্টি সিরায় ভেজানো।,35.00,,133,f,Sweets,Sweets,মিষ্টি,t,https://quickbytes.buzz/uploads/menu_placeholders/Desserts.png,,"[""icon:sweets""]",1,2026-07-28 13:13:27.760166+00,2026-07-28 13:13:27.760153+00
562a1333-c101-40ed-b555-9f1ccc43bbe1,384b833e-d0f6-4e46-b61d-2c938b36eb0d,Helium,Helium,হিলিয়াম,"Light and airy yet packed with flavor, this dish is a unique take on classic favorites. A delightful surprise.","Light and airy yet packed with flavor, this dish is a unique take on classic favorites. A delightful surprise.","হালকা এবং বাতাসযুক্ত কিন্তু স্বাদে ভরা, এই ডিশটি ক্লাসিক ফেভারিটের একটি অনন্য গ্রহণ। একটি আনন্দদায়ক চমক।",349.00,,54,f,Chicken,Chicken,চিকেন,t,https://quickbytes.buzz/uploads/menu_placeholders/chicken_fry.png,,"[""icon:chicken""]",1,2026-07-06 07:42:30.75921+00,2026-07-06 07:42:30.759188+00
9d51a0b8-c622-4cd4-8e4c-31fc3f937cf3,384b833e-d0f6-4e46-b61d-2c938b36eb0d,Retro Chicken,Retro Chicken,রেট্রো চিকেন,"A nostalgic chicken dish that brings back the flavors of the past. Simple, hearty, and delicious.","A nostalgic chicken dish that brings back the flavors of the past. Simple, hearty, and delicious.","একটি নস্টালজিক চিকেন ডিশ যা অতীতের স্বাদ ফিরিয়ে আনে। সহজ, হৃদয়গ্রাহী এবং সুস্বাদু।",319.00,,55,f,Chicken,Chicken,চিকেন,t,https://quickbytes.buzz/uploads/menu_placeholders/fried-chicken.png,,"[""icon:chicken""]",1,2026-07-06 07:42:35.957179+00,2026-07-06 07:42:35.957165+00
c9cfc444-60d4-4430-be7f-9c673b646d49,384b833e-d0f6-4e46-b61d-2c938b36eb0d,Mint Latte,Mint Latte,মিন্ট ল্যাটে,"A warm latte with a refreshing mint twist, blending cool mint with rich espresso and creamy milk.","A warm latte with a refreshing mint twist, blending cool mint with rich espresso and creamy milk.","পুদিনার সতেজকর মোড় সহ একটি গরম ল্যাটে, যা ঠান্ডা পুদিনা, সমৃদ্ধ এসপ্রেসো ও ক্রিমি দুধের মিশ্রণ।",260.00,,79,f,Hot Coffee,Hot Coffee,গরম কফি,t,https://quickbytes.buzz/uploads/menu_placeholders/tea_and_coffee.png,,"[""icon:tea_coffee""]",1,2026-07-06 07:43:05.417677+00,2026-07-06 07:43:05.417656+00
96686aa9-5285-4b53-8314-951658343abd,384b833e-d0f6-4e46-b61d-2c938b36eb0d,Vanilla Latte,Vanilla Latte,ভ্যানিলা ল্যাটে,"A classic latte with vanilla syrup, creating a sweet and creamy harmony of espresso and milk.","A classic latte with vanilla syrup, creating a sweet and creamy harmony of espresso and milk.","ভ্যানিলা সিরাপ সহ একটি ক্লাসিক ল্যাটে, যা এসপ্রেসো ও দুধের মিষ্টি ও ক্রিমি সামঞ্জস্য তৈরি করে।",260.00,,78,f,Hot Coffee,Hot Coffee,গরম কফি,t,https://quickbytes.buzz/uploads/menu_placeholders/tea_and_coffee.png,,"[""icon:tea_coffee""]",1,2026-07-06 07:43:06.724286+00,2026-07-06 07:43:06.724272+00
f86f5257-b949-4788-ba4c-d6c2e73ffc51,384b833e-d0f6-4e46-b61d-2c938b36eb0d,Iced Blueberry Latte,Iced Blueberry Latte,আইসড ব্লুবেরি ল্যাটে,"A fruity iced latte with blueberry syrup, combining the richness of espresso with sweet berry notes.","A fruity iced latte with blueberry syrup, combining the richness of espresso with sweet berry notes.","ব্লুবেরি সিরাপ সহ একটি ফলের আইসড ল্যাটে, যা এসপ্রেসোর সমৃদ্ধি ও মিষ্টি বেরি নোটের সংমিশ্রণ।",280.00,,69,f,Iced Coffee,Iced Coffee,আইসড কফি,t,https://quickbytes.buzz/uploads/menu_placeholders/tea_and_coffee.png,,"[""icon:tea_coffee""]",1,2026-07-06 07:43:15.48725+00,2026-07-06 07:43:15.487237+00
7f283bd4-5888-4aa5-8123-e91f18a81eea,384b833e-d0f6-4e46-b61d-2c938b36eb0d,Iced Caramel Macchiato,Iced Caramel Macchiato,আইসড ক্যারামেল ম্যাকিয়াটো,"Chilled layered espresso with vanilla syrup and milk, topped with caramel drizzle for a sweet, cool treat.","Chilled layered espresso with vanilla syrup and milk, topped with caramel drizzle for a sweet, cool treat.","ঠান্ডা স্তরযুক্ত এসপ্রেসো ভ্যানিলা সিরাপ ও দুধ সহ, উপরে ক্যারামেল ঝরনা দিয়ে একটি মিষ্টি, ঠান্ডা ট্রিট।",260.00,,77,f,Iced Coffee,Iced Coffee,আইসড কফি,t,https://quickbytes.buzz/uploads/menu_placeholders/tea_and_coffee.png,,"[""icon:tea_coffee""]",1,2026-07-06 07:43:18.930807+00,2026-07-06 07:43:18.930786+00
c731617c-e37e-4ed2-9c41-2369ca01c7c3,384b833e-d0f6-4e46-b61d-2c938b36eb0d,Iced Mint Latte,Iced Mint Latte,আইসড মিন্ট ল্যাটে,"A refreshing iced latte with a hint of mint, combining cool minty freshness with rich espresso.","A refreshing iced latte with a hint of mint, combining cool minty freshness with rich espresso.","পুদিনার ইঙ্গিত সহ একটি সতেজকর আইসড ল্যাটে, যা ঠান্ডা পুদিনা সতেজতা ও সমৃদ্ধ এসপ্রেসোর সংমিশ্রণ।",270.00,,75,f,Iced Coffee,Iced Coffee,আইসড কফি,t,https://quickbytes.buzz/uploads/menu_placeholders/tea_and_coffee.png,,"[""icon:tea_coffee""]",1,2026-07-06 07:43:24.847831+00,2026-07-06 07:43:24.847816+00
a81fd529-24d4-4107-a60f-8130992aae18,384b833e-d0f6-4e46-b61d-2c938b36eb0d,Iced Mocha Dark,Iced Mocha Dark,আইসড মোকা ডার্ক,"Chilled dark chocolate mocha with espresso and milk over ice, a rich and refreshing chocolate coffee blend.","Chilled dark chocolate mocha with espresso and milk over ice, a rich and refreshing chocolate coffee blend.","ঠান্ডা ডার্ক চকোলেট মোকা এসপ্রেসো ও দুধ সহ বরফের উপর, একটি সমৃদ্ধ ও সতেজকর চকোলেট কফি মিশ্রণ।",260.00,,80,f,Iced Coffee,Iced Coffee,আইসড কফি,t,https://quickbytes.buzz/uploads/menu_placeholders/tea_and_coffee.png,,"[""icon:tea_coffee""]",1,2026-07-06 07:43:26.104701+00,2026-07-06 07:43:26.104686+00
c810d0ff-4f30-4fbf-b87d-8f8b1569b19c,384b833e-d0f6-4e46-b61d-2c938b36eb0d,BBQ Pizza Combo Medium,BBQ Pizza Combo Medium,বিবিকিউ পিৎজা কম্বো মাঝারি,"BBQ pizza medium size, chicken lollipop 4pc, sausage.","BBQ pizza medium size, chicken lollipop 4pc, sausage.","বিবিকিউ পিৎজা মাঝারি সাইজ, চিকেন ললিপপ ৪ পিস, সসেজ।",420.00,,,f,Combo,Combo,কম্বো,t,https://quickbytes.buzz/uploads/menu_placeholders/chicken_fry.png,,"[""icon:chicken"", ""inc:BBQ Pizza Medium"", ""inc:Chicken Lollipop 4pc"", ""inc:Sausage""]",1,2026-07-06 07:42:39.338792+00,2026-07-06 07:42:39.338775+00
c88ba70e-d775-4b29-bd65-f420f64a8b36,384b833e-d0f6-4e46-b61d-2c938b36eb0d,BBQ Pizza Combo Small,BBQ Pizza Combo Small,বিবিকিউ পিৎজা কম্বো ছোট,"BBQ pizza small size, chicken pop 6pc, wedges 6pc.","BBQ pizza small size, chicken pop 6pc, wedges 6pc.","বিবিকিউ পিৎজা ছোট সাইজ, চিকেন পপ ৬ পিস, ওয়েজেস ৬ পিস।",399.00,,,f,Combo,Combo,কম্বো,t,https://quickbytes.buzz/uploads/menu_placeholders/chicken-4.png,,"[""icon:chicken"", ""inc:BBQ Pizza Small"", ""inc:Chicken Pop 6pc"", ""inc:Wedges 6pc""]",1,2026-07-06 07:42:40.967331+00,2026-07-06 07:42:40.967316+00
3b1d9aa1-5365-4ec0-a20e-754ebcf572eb,384b833e-d0f6-4e46-b61d-2c938b36eb0d,BBQ Chicken Pizza,BBQ Chicken Pizza,বিবিকিউ চিকেন পিৎজা,"Topped with BBQ sauce, pizza sauce, pure mozzarella cheese, chicken, capsicum, tomato, and mushrooms.","Topped with BBQ sauce, pizza sauce, pure mozzarella cheese, chicken, capsicum, tomato, and mushrooms.","বিবিকিউ সস, পিৎজা সস, খাঁটি মোজারেলা পনির, চিকেন, ক্যাপসিকাম, টমেটো এবং মাশরুম দিয়ে টপ করা।",199.00,,,f,Pizza,Pizza,পিৎজা,t,https://quickbytes.buzz/uploads/menu_placeholders/chicken-4.png,,"[""icon:chicken"", ""option:Small:0"", ""option:Medium:100"", ""option:Large:200""]",1,2026-07-06 07:43:55.207969+00,2026-07-06 07:43:55.207955+00
82545c84-0df6-415c-969d-e2ab6e8675b4,384b833e-d0f6-4e46-b61d-2c938b36eb0d,Chicken Sausage Pizza,Chicken Sausage Pizza,চিকেন সসেজ পিৎজা,"Topped with pizza sauce, pure mozzarella cheese, chicken sausage, and chicken.","Topped with pizza sauce, pure mozzarella cheese, chicken sausage, and chicken.","পিৎজা সস, খাঁটি মোজারেলা পনির, চিকেন সসেজ এবং চিকেন দিয়ে টপ করা।",189.00,,,f,Pizza,Pizza,পিৎজা,t,https://quickbytes.buzz/uploads/menu_placeholders/chicken-1.png,,"[""icon:chicken"", ""option:Small:0"", ""option:Medium:100"", ""option:Large:200""]",1,2026-07-06 07:43:59.689057+00,2026-07-06 07:43:59.689042+00
f14b5a77-502d-4338-9614-2495054ad4c6,384b833e-d0f6-4e46-b61d-2c938b36eb0d,Delicious Pepperoni,Delicious Pepperoni,ডেলিশিয়াস পেপারনি,"Topped with chicken pepperoni, mozzarella cheese, and pizza sauce.","Topped with chicken pepperoni, mozzarella cheese, and pizza sauce.","চিকেন পেপারনি, মোজারেলা পনির এবং পিৎজা সস দিয়ে টপ করা।",209.00,,,f,Pizza,Pizza,পিৎজা,t,https://quickbytes.buzz/uploads/menu_placeholders/fried-chicken.png,,"[""icon:chicken"", ""option:Small:0"", ""option:Medium:100"", ""option:Large:200""]",1,2026-07-06 07:44:02.657605+00,2026-07-06 07:44:02.65759+00
4a6ddce9-9da8-4330-8da8-bd2f9a483211,384b833e-d0f6-4e46-b61d-2c938b36eb0d,Mexican Chicken Pizza,Mexican Chicken Pizza,মেক্সিকান চিকেন পিৎজা,"Topped with spicy pizza sauce, tomato, chili flex, jalapeno, chicken, and pure mozzarella cheese.","Topped with spicy pizza sauce, tomato, chili flex, jalapeno, chicken, and pure mozzarella cheese.","মশলাদার পিৎজা সস, টমেটো, চিলি ফ্লেক্স, জালাপেনো, চিকেন এবং খাঁটি মোজারেলা পনির দিয়ে টপ করা।",195.00,,,f,Pizza,Pizza,পিৎজা,t,https://quickbytes.buzz/uploads/menu_placeholders/chicken-2.png,,"[""icon:chicken"", ""option:Small:0"", ""option:Medium:100"", ""option:Large:200""]",1,2026-07-06 07:44:07.159686+00,2026-07-06 07:44:07.159673+00
a5457b61-b71f-4e72-8e86-9e5010734704,384b833e-d0f6-4e46-b61d-2c938b36eb0d,Naga Spicy Beef,Naga Spicy Beef,নাগা স্পাইসি বিফ,"Topped with Naga pizza sauce, beef, black olives, and pure mozzarella cheese.","Topped with Naga pizza sauce, beef, black olives, and pure mozzarella cheese.","নাগা পিৎজা সস, গরুর মাংস, কালো জলপাই এবং খাঁটি মোজারেলা পনির দিয়ে টপ করা।",250.00,,,f,Pizza,Pizza,পিৎজা,t,https://quickbytes.buzz/uploads/menu_placeholders/beef-3.png,,"[""icon:beef"", ""option:Small:0"", ""option:Medium:100"", ""option:Large:200""]",1,2026-07-06 07:44:08.56762+00,2026-07-06 07:44:08.567604+00
696c884a-2e6d-4ed5-b28c-f116ed4d2c72,384b833e-d0f6-4e46-b61d-2c938b36eb0d,Naga Spicy Chicken,Naga Spicy Chicken,নাগা স্পাইসি চিকেন,"Topped with Naga pizza sauce, chicken, black olives, and pure mozzarella cheese.","Topped with Naga pizza sauce, chicken, black olives, and pure mozzarella cheese.","নাগা পিৎজা সস, চিকেন, কালো জলপাই এবং খাঁটি মোজারেলা পনির দিয়ে টপ করা।",200.00,,,f,Pizza,Pizza,পিৎজা,t,https://quickbytes.buzz/uploads/menu_placeholders/chicken_fry.png,,"[""icon:chicken"", ""option:Small:0"", ""option:Medium:100"", ""option:Large:200""]",1,2026-07-06 07:44:10.107549+00,2026-07-06 07:44:10.107534+00
9d8ccb1f-34b8-4be0-9b1c-021e22dfcf89,384b833e-d0f6-4e46-b61d-2c938b36eb0d,Pizza Italian,Pizza Italian,পিৎজা ইতালিয়ান,"Topped with pizza sauce, chicken sausage, black olives, chicken, capsicum, and pure mozzarella cheese.","Topped with pizza sauce, chicken sausage, black olives, chicken, capsicum, and pure mozzarella cheese.","পিৎজা সস, চিকেন সসেজ, কালো জলপাই, চিকেন, ক্যাপসিকাম এবং খাঁটি মোজারেলা পনির দিয়ে টপ করা।",225.00,,,f,Pizza,Pizza,পিৎজা,t,https://quickbytes.buzz/uploads/menu_placeholders/chicken-1.png,,"[""icon:chicken"", ""option:Small:0"", ""option:Medium:100"", ""option:Large:200""]",1,2026-07-06 07:44:12.828425+00,2026-07-06 07:44:12.828408+00
2cebbc96-052a-4513-9e4c-2959825c69ec,384b833e-d0f6-4e46-b61d-2c938b36eb0d,Caramel Frappe,Caramel Frappe,ক্যারামেল ফ্র্যাপে,"A blended iced coffee with caramel syrup, topped with whipped cream and caramel drizzle for a sweet, frosty delight.","A blended iced coffee with caramel syrup, topped with whipped cream and caramel drizzle for a sweet, frosty delight.","ক্যারামেল সিরাপ সহ একটি ব্লেন্ডেড আইসড কফি, উপরে হুইপড ক্রিম ও ক্যারামেল ঝরনা দিয়ে একটি মিষ্টি, ফ্রস্টি আনন্দ।",280.00,,84,f,Iced Coffee,Iced Coffee,আইসড কফি,t,https://quickbytes.buzz/uploads/menu_placeholders/tea_and_coffee.png,,"[""icon:tea_coffee""]",1,2026-07-06 07:43:10.029228+00,2026-07-06 07:43:10.029214+00
b58b1834-655f-4015-a517-86af3276e6ce,384b833e-d0f6-4e46-b61d-2c938b36eb0d,Iced Mocha White,Iced Mocha White,আইসড মোকা হোয়াইট,"Chilled white chocolate mocha with espresso and milk over ice, a sweet and creamy indulgence.","Chilled white chocolate mocha with espresso and milk over ice, a sweet and creamy indulgence.","ঠান্ডা হোয়াইট চকোলেট মোকা এসপ্রেসো ও দুধ সহ বরফের উপর, একটি মিষ্টি ও ক্রিমি আস্বাদন।",260.00,,81,f,Iced Coffee,Iced Coffee,আইসড কফি,t,https://quickbytes.buzz/uploads/menu_placeholders/tea_and_coffee.png,,"[""icon:tea_coffee""]",1,2026-07-06 07:43:27.817836+00,2026-07-06 07:43:27.817821+00
12667248-9b2d-4282-a399-dbdf48601c99,384b833e-d0f6-4e46-b61d-2c938b36eb0d,Hot Masala Tea,Hot Masala Tea,গরম মসলা চা,"Aromatic spiced tea brewed with traditional masala blend, warming and flavorful.","Aromatic spiced tea brewed with traditional masala blend, warming and flavorful.","ঐতিহ্যবাহী মসলা মিশ্রণ দিয়ে তৈরি সুগন্ধি মসলা চা, গরম ও স্বাদযুক্ত।",150.00,,87,f,Special Tea,Special Tea,বিশেষ চা,t,https://quickbytes.buzz/uploads/menu_placeholders/tea_and_coffee.png,,"[""icon:tea_coffee""]",1,2026-07-06 07:44:42.668127+00,2026-07-06 07:44:42.668112+00
9d948cd2-ba4f-486e-ab35-a2c58fd29430,384b833e-d0f6-4e46-b61d-2c938b36eb0d,Ice Strawberry Matcha,Ice Strawberry Matcha,আইস স্ট্রবেরি মাচা,"A refreshing iced matcha latte with strawberry syrup, combining earthy matcha and sweet strawberry.","A refreshing iced matcha latte with strawberry syrup, combining earthy matcha and sweet strawberry.","স্ট্রবেরি সিরাপ সহ একটি সতেজকর আইসড মাচা ল্যাটে, যা মাটির মাচা ও মিষ্টি স্ট্রবেরির সংমিশ্রণ।",260.00,,91,f,Special Tea,Special Tea,বিশেষ চা,t,https://quickbytes.buzz/uploads/menu_placeholders/beverages.png,,"[""icon:beverages""]",1,2026-07-06 07:44:45.067519+00,2026-07-06 07:44:45.067499+00
aece8bdd-50a4-4a19-ab5c-1e777c18fc9b,384b833e-d0f6-4e46-b61d-2c938b36eb0d,Kud Tea,Kud Tea,কুড চা,A traditional herbal tea known for its soothing properties and unique earthy flavor.,A traditional herbal tea known for its soothing properties and unique earthy flavor.,একটি ঐতিহ্যবাহী ভেষজ চা যা তার প্রশান্তিদায়ক গুণাবলী ও অনন্য মাটির স্বাদের জন্য পরিচিত।,150.00,,88,f,Special Tea,Special Tea,বিশেষ চা,t,https://quickbytes.buzz/uploads/menu_placeholders/tea_and_coffee.png,,"[""icon:tea_coffee""]",1,2026-07-06 07:44:46.187687+00,2026-07-06 07:44:46.187673+00
41a31f44-008d-4887-921b-c5c83ef7afa6,384b833e-d0f6-4e46-b61d-2c938b36eb0d,Bubble Tea,Bubble Tea,বাবল টি,"Chewy tapioca pearls in a creamy milk tea base, a fun and refreshing drink with a delightful texture.","Chewy tapioca pearls in a creamy milk tea base, a fun and refreshing drink with a delightful texture.","ক্রিমি মিল্ক টি বেসে চিউই ট্যাপিওকা মুক্তো, একটি মজাদার ও সতেজকর পানীয় যা চমৎকার টেক্সচার দেয়।",260.00,,92,f,Special Tea,Special Tea,বিশেষ চা,t,https://quickbytes.buzz/uploads/menu_placeholders/beverages.png,,"[""icon:beverages""]",1,2026-07-06 07:44:41.467933+00,2026-07-06 07:44:41.467919+00
5a97631a-4f98-460c-963f-1ea653fd9d81,384b833e-d0f6-4e46-b61d-2c938b36eb0d,Pe Iced Tea,Pe Iced Tea,পি আইসড টি,"Refreshing iced tea with a peachy flavor, perfect for a cool and fruity break.","Refreshing iced tea with a peachy flavor, perfect for a cool and fruity break.","পীচ স্বাদযুক্ত সতেজকর আইসড টি, একটি ঠান্ডা ও ফলের বিরতির জন্য উপযুক্ত।",210.00,,89,f,Special Tea,Special Tea,বিশেষ চা,t,https://quickbytes.buzz/uploads/menu_placeholders/beverages.png,,"[""icon:beverages""]",1,2026-07-06 07:44:47.392234+00,2026-07-06 07:44:47.39222+00
fbb64a1c-161c-4534-9dc3-60c40a71a3d9,384b833e-d0f6-4e46-b61d-2c938b36eb0d,Espresso Extra Shot,Espresso Extra Shot,এসপ্রেসো এক্সট্রা শট,An additional shot of rich espresso to boost your coffee's intensity and caffeine kick.,An additional shot of rich espresso to boost your coffee's intensity and caffeine kick.,আপনার কফির তীব্রতা ও ক্যাফেইন বুস্ট করতে একটি অতিরিক্ত শট সমৃদ্ধ এসপ্রেসো।,70.00,,82,f,Add-On,Add-On,অ্যাড-অন,t,https://quickbytes.buzz/uploads/menu_placeholders/tea_and_coffee.png,,"[""icon:tea_coffee""]",1,2026-07-12 12:27:55.193888+00,2026-07-12 12:27:55.193862+00
4efe2c66-a50d-455f-b954-330446d6778f,384b833e-d0f6-4e46-b61d-2c938b36eb0d,Hot Chocolate,Hot Chocolate,গরম চকোলেট,"Rich and creamy hot chocolate made with premium cocoa, a comforting and indulgent warm beverage.","Rich and creamy hot chocolate made with premium cocoa, a comforting and indulgent warm beverage.","প্রিমিয়াম কোকো দিয়ে তৈরি সমৃদ্ধ ও ক্রিমি গরম চকোলেট, একটি আরামদায়ক ও লোভনীয় গরম পানীয়।",280.00,,93,f,Hot Chocolate,Hot Chocolate,গরম চকোলেট,t,https://quickbytes.buzz/uploads/menu_placeholders/tea_and_coffee.png,,"[""icon:tea_coffee""]",1,2026-07-06 07:42:45.79782+00,2026-07-06 07:42:45.797804+00
5286fbbc-e240-4269-8f01-e0fc8394b478,384b833e-d0f6-4e46-b61d-2c938b36eb0d,Caramel Cold Coffee,Caramel Cold Coffee,ক্যারামেল কোল্ড কফি,"A chilled coffee with caramel syrup, offering a sweet and refreshing cold coffee experience.","A chilled coffee with caramel syrup, offering a sweet and refreshing cold coffee experience.","ক্যারামেল সিরাপ সহ একটি ঠান্ডা কফি, যা একটি মিষ্টি ও সতেজকর ঠান্ডা কফি অভিজ্ঞতা দেয়।",190.00,,86,f,Iced Coffee,Iced Coffee,আইসড কফি,t,https://quickbytes.buzz/uploads/menu_placeholders/tea_and_coffee.png,,"[""icon:tea_coffee""]",1,2026-07-06 07:43:08.468048+00,2026-07-06 07:43:08.468027+00
7982fd07-fccd-46ed-850a-0287325430a0,384b833e-d0f6-4e46-b61d-2c938b36eb0d,Mocha Frappe,Mocha Frappe,মোকা ফ্র্যাপে,"A blended iced coffee with chocolate and milk, topped with whipped cream for a frosty, decadent treat.","A blended iced coffee with chocolate and milk, topped with whipped cream for a frosty, decadent treat.","চকোলেট ও দুধ সহ একটি ব্লেন্ডেড আইসড কফি, উপরে হুইপড ক্রিম দিয়ে একটি ফ্রস্টি, লোভনীয় ট্রিট।",280.00,,83,f,Iced Coffee,Iced Coffee,আইসড কফি,t,https://quickbytes.buzz/uploads/menu_placeholders/tea_and_coffee.png,,"[""icon:tea_coffee""]",1,2026-07-06 07:43:33.808894+00,2026-07-06 07:43:33.80888+00
ff1655e7-2f80-47cb-bea5-53a3ed0ea232,384b833e-d0f6-4e46-b61d-2c938b36eb0d,Ice Blueberry Matcha,Ice Blueberry Matcha,আইস ব্লুবেরি মাচা,"A vibrant iced matcha latte with blueberry syrup, blending earthy matcha with sweet berry notes.","A vibrant iced matcha latte with blueberry syrup, blending earthy matcha with sweet berry notes.","ব্লুবেরি সিরাপ সহ একটি উজ্জ্বল আইসড মাচা ল্যাটে, যা মাটির মাচা ও মিষ্টি বেরি নোটের মিশ্রণ।",260.00,,90,f,Special Tea,Special Tea,বিশেষ চা,t,https://quickbytes.buzz/uploads/menu_placeholders/beverages.png,,"[""icon:beverages""]",1,2026-07-06 07:44:43.858921+00,2026-07-06 07:44:43.858907+00
1cb60834-5bd9-4ea9-9a1b-2289e87be5f6,384b833e-d0f6-4e46-b61d-2c938b36eb0d,Chicken Cheese Delicious,Chicken Cheese Delicious,চিকেন চিজ ডেলিশিয়াস,A sumptuous chicken patty complemented with cheese and MR.MANIK's special sauce. The unadulterated chicken cheese experience.,A sumptuous chicken patty complemented with cheese and MR.MANIK's special sauce. The unadulterated chicken cheese experience.,একটি সুস্বাদু চিকেন প্যাটি যা চিজ এবং এমআর.ম্যানিকের বিশেষ সস দিয়ে পরিপূরক। খাঁটি চিকেন চিজ অভিজ্ঞতা।,285.00,,,f,Burger,Burger,বার্গার,t,https://quickbytes.buzz/uploads/menu_placeholders/chicken-4.png,,"[""icon:chicken""]",2,2026-07-06 07:41:45.088087+00,2026-07-06 07:41:45.088071+00
e241b836-a4ba-49ac-aaef-eb10596ddde3,384b833e-d0f6-4e46-b61d-2c938b36eb0d,Naga Challenge,Naga Challenge,নাগা চ্যালেঞ্জ,"If you are into spice and everything nice, this is for you. You get a classic chicken cheese burger which is bursting with fiery, sweltering naga sauce.","If you are into spice and everything nice, this is for you. You get a classic chicken cheese burger which is bursting with fiery, sweltering naga sauce.","আপনি যদি মশলা এবং সবকিছু ভাল পছন্দ করেন তবে এটি আপনার জন্য। আপনি একটি ক্লাসিক চিকেন চিজ বার্গার পাবেন যা জ্বলন্ত, উত্তপ্ত নাগা সসে ভরা।",235.00,,,f,Burger,Burger,বার্গার,t,https://quickbytes.buzz/uploads/menu_placeholders/burger.png,,"[""icon:burger""]",2,2026-07-06 07:42:02.567738+00,2026-07-06 07:42:02.567703+00
6f4ec990-7a0c-4760-aaa8-e2501dada219,384b833e-d0f6-4e46-b61d-2c938b36eb0d,Real Star,Real Star,রিয়েল স্টার,"You surely are gonna get lost within the savoriness of our new Burger, 'The Real Star'. Days of twinkle twinkle little star are gone and genesis of the era of 'The Real Star' begins, with an extravagant patty. It has chicken salami and fresh tomato, mayonnaise and onion to give you a balanced taste.","You surely are gonna get lost within the savoriness of our new Burger, 'The Real Star'. Days of twinkle twinkle little star are gone and genesis of the era of 'The Real Star' begins, with an extravagant patty. It has chicken salami and fresh tomato, mayonnaise and onion to give you a balanced taste.","আপনি নিশ্চয়ই আমাদের নতুন বার্গার 'দ্য রিয়েল স্টার'-এর স্বাদে হারিয়ে যাবেন। টুইঙ্কল টুইঙ্কল লিটল স্টারের দিন শেষ এবং 'দ্য রিয়েল স্টার'-এর যুগের সূচনা হয়, একটি অসাধারণ প্যাটি দিয়ে। এতে চিকেন সালামি এবং তাজা টমেটো, মেয়োনিজ এবং পেঁয়াজ রয়েছে যা আপনাকে একটি সুষম স্বাদ দেয়।",215.00,,,f,Burger,Burger,বার্গার,t,https://quickbytes.buzz/uploads/menu_placeholders/burger.png,,"[""icon:burger""]",2,2026-07-06 07:42:07.00749+00,2026-07-06 07:42:07.007475+00
6a6f49ca-64d6-4ede-8791-ea6265bc3496,384b833e-d0f6-4e46-b61d-2c938b36eb0d,Cheese Burst,Cheese Burst,চিজ বার্স্ট,An explosion of gooey cheese in every bite. Perfectly melted cheese that oozes out for a decadent experience.,An explosion of gooey cheese in every bite. Perfectly melted cheese that oozes out for a decadent experience.,প্রতিটি কামড়ে গলিত চিজের বিস্ফোরণ। পুরোপুরি গলানো চিজ যা একটি ডেকাডেন্ট অভিজ্ঞতার জন্য বেরিয়ে আসে।,399.00,,53,f,Chicken,Chicken,চিকেন,t,https://quickbytes.buzz/uploads/menu_placeholders/chicken-4.png,,"[""icon:chicken""]",1,2026-07-06 07:42:25.950368+00,2026-07-06 07:42:25.950354+00
e1e31759-d99b-4a71-8250-964ab6e9e1a5,384b833e-d0f6-4e46-b61d-2c938b36eb0d,Mr. Perfect Combo,Mr. Perfect Combo,মি. পারফেক্ট কম্বো,"A perfect alliance between a juicy burger, buffalo wings, and refreshing drinks, making a complete combo meal.","A perfect alliance between a juicy burger, buffalo wings, and refreshing drinks, making a complete combo meal.","একটি জুসি বার্গার, বাফেলো উইংস এবং রিফ্রেশিং ড্রিংকসের নিখুঁত সমন্বয়, যা একটি সম্পূর্ণ কম্বো খাবার তৈরি করে।",310.00,,,f,Combo,Combo,কম্বো,t,https://quickbytes.buzz/uploads/menu_placeholders/burger.png,,"[""icon:burger"", ""inc:Burger"", ""inc:Buffalo Wings"", ""inc:Drink""]",2,2026-07-06 07:42:42.267626+00,2026-07-06 07:42:42.267612+00
14cefd5d-c1c7-4c23-a043-6ec0ec2ea4d7,384b833e-d0f6-4e46-b61d-2c938b36eb0d,Americano (Black Coffee),Americano (Black Coffee),আমেরিকানো (ব্ল্যাক কফি),"Smooth and robust black coffee made by diluting espresso with hot water, delivering a clean, bold flavor.","Smooth and robust black coffee made by diluting espresso with hot water, delivering a clean, bold flavor.","এসপ্রেসোকে গরম পানি দিয়ে পাতলা করে তৈরি মসৃণ ও শক্তিশালী ব্ল্যাক কফি, যা একটি পরিষ্কার ও তীব্র স্বাদ দেয়।",150.00,,57,f,Hot Coffee,Hot Coffee,গরম কফি,t,https://quickbytes.buzz/uploads/menu_placeholders/tea_and_coffee.png,,"[""icon:tea_coffee""]",1,2026-07-06 07:42:47.267219+00,2026-07-06 07:42:47.267205+00
687785f9-6708-420a-bc40-c21e080ef0b7,384b833e-d0f6-4e46-b61d-2c938b36eb0d,Beef Lovers,Beef Lovers,বিফ লাভার্স,"Topped with beef, tomato, capsicum, mushroom, and cheese. A must-try for beef enthusiasts.","Topped with beef, tomato, capsicum, mushroom, and cheese. A must-try for beef enthusiasts.","গরুর মাংস, টমেটো, ক্যাপসিকাম, মাশরুম এবং পনির দিয়ে টপ করা। গরুর মাংস উত্সাহীদের জন্য অবশ্যই চেষ্টা করুন।",450.00,,,f,Pizza,Pizza,পিৎজা,t,https://quickbytes.buzz/uploads/menu_placeholders/beverages.png,,"[""icon:general"", ""option:Medium:0"", ""option:Large:100""]",1,2026-07-06 07:43:56.928283+00,2026-07-06 07:43:56.928259+00
b00863d1-693b-4046-ad76-430f04048459,384b833e-d0f6-4e46-b61d-2c938b36eb0d,Cafe Latte,Cafe Latte,ক্যাফে ল্যাটে,"A warm, comforting latte with a smooth blend of espresso and steamed milk, perfect for any time of day.","A warm, comforting latte with a smooth blend of espresso and steamed milk, perfect for any time of day.","একটি গরম, আরামদায়ক ল্যাটে যা এসপ্রেসো ও স্টিমড দুধের মসৃণ মিশ্রণ, দিনের যেকোনো সময়ের জন্য উপযুক্ত।",210.00,,66,f,Hot Coffee,Hot Coffee,গরম কফি,t,https://quickbytes.buzz/uploads/menu_placeholders/tea_and_coffee.png,,"[""icon:tea_coffee""]",1,2026-07-06 07:42:48.587552+00,2026-07-06 07:42:48.587538+00
f6556a4a-fa48-44d8-aabe-6b3531b7d206,384b833e-d0f6-4e46-b61d-2c938b36eb0d,Cafe Mocha Dark,Cafe Mocha Dark,ক্যাফে মোকা ডার্ক,"Rich dark chocolate combined with espresso and steamed milk, topped with whipped cream for a decadent treat.","Rich dark chocolate combined with espresso and steamed milk, topped with whipped cream for a decadent treat.","সমৃদ্ধ ডার্ক চকোলেট এসপ্রেসো ও স্টিমড দুধের সাথে মিশিয়ে, উপরে হুইপড ক্রিম দিয়ে একটি লোভনীয় ট্রিট।",250.00,,72,f,Hot Coffee,Hot Coffee,গরম কফি,t,https://quickbytes.buzz/uploads/menu_placeholders/tea_and_coffee.png,,"[""icon:tea_coffee""]",1,2026-07-06 07:42:50.850427+00,2026-07-06 07:42:50.850413+00
7b9a043d-fdd6-44ec-9389-75fd9c139b43,384b833e-d0f6-4e46-b61d-2c938b36eb0d,Caramel Macchiato,Caramel Macchiato,ক্যারামেল ম্যাকিয়াটো,"Layered espresso with steamed milk and vanilla syrup, topped with a drizzle of caramel for a sweet finish.","Layered espresso with steamed milk and vanilla syrup, topped with a drizzle of caramel for a sweet finish.","স্টিমড দুধ ও ভ্যানিলা সিরাপ সহ স্তরযুক্ত এসপ্রেসো, উপরে ক্যারামেলের ঝরনা দিয়ে মিষ্টি সমাপ্তি।",250.00,,70,f,Hot Coffee,Hot Coffee,গরম কফি,t,https://quickbytes.buzz/uploads/menu_placeholders/tea_and_coffee.png,,"[""icon:tea_coffee""]",1,2026-07-06 07:42:55.467474+00,2026-07-06 07:42:55.467459+00
886e8ff1-3bdd-4882-acd1-bf6ac2d05ba5,384b833e-d0f6-4e46-b61d-2c938b36eb0d,Hazelnut Latte,Hazelnut Latte,হ্যাজেলনাট ল্যাটে,"A warm latte infused with hazelnut syrup, offering a nutty and comforting coffee experience.","A warm latte infused with hazelnut syrup, offering a nutty and comforting coffee experience.","হ্যাজেলনাট সিরাপ দিয়ে তৈরি একটি গরম ল্যাটে, যা বাদামি ও আরামদায়ক কফি অভিজ্ঞতা দেয়।",260.00,,76,f,Hot Coffee,Hot Coffee,গরম কফি,t,https://quickbytes.buzz/uploads/menu_placeholders/tea_and_coffee.png,,"[""icon:tea_coffee""]",1,2026-07-06 07:43:01.677104+00,2026-07-06 07:43:01.67709+00
abeb1cf4-f6a1-479d-8293-5a30889cb060,384b833e-d0f6-4e46-b61d-2c938b36eb0d,Chocolate Cold Coffee,Chocolate Cold Coffee,চকোলেট কোল্ড কফি,"A chilled coffee blended with rich chocolate, creating a creamy and indulgent cold beverage.","A chilled coffee blended with rich chocolate, creating a creamy and indulgent cold beverage.","সমৃদ্ধ চকোলেটের সাথে মিশ্রিত একটি ঠান্ডা কফি, যা একটি ক্রিমি ও লোভনীয় ঠান্ডা পানীয় তৈরি করে।",190.00,,85,f,Iced Coffee,Iced Coffee,আইসড কফি,t,https://quickbytes.buzz/uploads/menu_placeholders/tea_and_coffee.png,,"[""icon:tea_coffee""]",1,2026-07-06 07:43:12.093506+00,2026-07-06 07:43:12.093492+00
b9018886-f74a-45ee-98e4-99aa81f35ad5,384b833e-d0f6-4e46-b61d-2c938b36eb0d,Iced Americano (Black),Iced Americano (Black),আইসড আমেরিকানো (ব্ল্যাক),"Chilled black coffee with a refreshing kick, combining espresso and cold water over ice for a smooth, bold taste.","Chilled black coffee with a refreshing kick, combining espresso and cold water over ice for a smooth, bold taste.","ঠান্ডা ব্ল্যাক কফি একটি সতেজকর স্পর্শ সহ, এসপ্রেসো ও ঠান্ডা পানি বরফের সাথে মিশিয়ে মসৃণ ও তীব্র স্বাদ।",160.00,,59,f,Iced Coffee,Iced Coffee,আইসড কফি,t,https://quickbytes.buzz/uploads/menu_placeholders/tea_and_coffee.png,,"[""icon:tea_coffee""]",1,2026-07-06 07:43:13.847357+00,2026-07-06 07:43:13.847343+00
dc3df52e-7d3e-45f8-8b20-80a24c33ab45,384b833e-d0f6-4e46-b61d-2c938b36eb0d,Iced Hazelnut Americano,Iced Hazelnut Americano,আইসড হ্যাজেলনাট আমেরিকানো,"A refreshing iced coffee with the nutty sweetness of hazelnut, perfect for a cool, flavorful pick-me-up.","A refreshing iced coffee with the nutty sweetness of hazelnut, perfect for a cool, flavorful pick-me-up.","হ্যাজেলনাটের বাদামি মিষ্টি স্বাদযুক্ত একটি সতেজকর আইসড কফি, যা একটি ঠান্ডা ও স্বাদযুক্ত উৎসাহের জন্য উপযুক্ত।",210.00,,60,f,Iced Coffee,Iced Coffee,আইসড কফি,t,https://quickbytes.buzz/uploads/menu_placeholders/tea_and_coffee.png,,"[""icon:tea_coffee""]",1,2026-07-06 07:43:20.692926+00,2026-07-06 07:43:20.692912+00
81a6b1d0-6362-4a75-88c1-68c3b5040b01,384b833e-d0f6-4e46-b61d-2c938b36eb0d,Burger Sauce,Burger Sauce,বার্গার সস,Special burger sauce for extra flavor.,Special burger sauce for extra flavor.,অতিরিক্ত স্বাদের জন্য বিশেষ বার্গার সস।,20.00,,,f,Sauce,Sauce,সস,t,https://quickbytes.buzz/uploads/menu_placeholders/beverages.png,,"[""icon:general""]",2,2026-07-06 07:44:20.637633+00,2026-07-06 07:44:20.637618+00
b6347f3c-67bd-45ec-8f61-27db7c4eae1e,384b833e-d0f6-4e46-b61d-2c938b36eb0d,French Fries (Large),French Fries (Large),ফ্রেঞ্চ ফ্রাই (বড়),"Crispy golden french fries, perfectly salted.","Crispy golden french fries, perfectly salted.","ক্রিস্পি সোনালি ফ্রেঞ্চ ফ্রাই, নিখুঁতভাবে লবণযুক্ত।",150.00,,,f,Sides,Sides,সাইডস,t,https://quickbytes.buzz/uploads/menu_placeholders/appetizer.png,,"[""icon:appetizer""]",1,2026-07-06 07:44:24.342531+00,2026-07-06 07:44:24.342516+00
6763ba92-f4cf-455d-95a9-888738d6541e,384b833e-d0f6-4e46-b61d-2c938b36eb0d,Cafe Mocha White,Cafe Mocha White,ক্যাফে মোকা হোয়াইট,"Smooth white chocolate blended with espresso and steamed milk, topped with whipped cream for a sweet indulgence.","Smooth white chocolate blended with espresso and steamed milk, topped with whipped cream for a sweet indulgence.","মসৃণ হোয়াইট চকোলেট এসপ্রেসো ও স্টিমড দুধের সাথে মিশিয়ে, উপরে হুইপড ক্রিম দিয়ে একটি মিষ্টি আস্বাদন।",250.00,,74,f,Hot Coffee,Hot Coffee,গরম কফি,t,https://quickbytes.buzz/uploads/menu_placeholders/tea_and_coffee.png,,"[""icon:tea_coffee""]",1,2026-07-06 07:42:52.299449+00,2026-07-06 07:42:52.299435+00
a0825e04-5175-47f6-b818-d74db230b1f3,384b833e-d0f6-4e46-b61d-2c938b36eb0d,Flat White,Flat White,ফ্ল্যাট হোয়াইট,"A velvety smooth coffee with a double shot of espresso and microfoam milk, delivering a strong yet creamy flavor.","A velvety smooth coffee with a double shot of espresso and microfoam milk, delivering a strong yet creamy flavor.","একটি মখমল মসৃণ কফি যাতে ডাবল শট এসপ্রেসো ও মাইক্রোফোম দুধ থাকে, একটি শক্তিশালী ও ক্রিমি স্বাদ দেয়।",210.00,,68,f,Hot Coffee,Hot Coffee,গরম কফি,t,https://quickbytes.buzz/uploads/menu_placeholders/tea_and_coffee.png,,"[""icon:tea_coffee""]",1,2026-07-06 07:42:58.757566+00,2026-07-06 07:42:58.75755+00
2fdb3939-08a5-47a5-8cae-c5321ca3f50f,384b833e-d0f6-4e46-b61d-2c938b36eb0d,Iced Hazelnut Latte,Iced Hazelnut Latte,আইসড হ্যাজেলনাট ল্যাটে,"A chilled latte with hazelnut syrup, offering a nutty and creamy refreshment.","A chilled latte with hazelnut syrup, offering a nutty and creamy refreshment.","হ্যাজেলনাট সিরাপ সহ একটি ঠান্ডা ল্যাটে, যা বাদামি ও ক্রিমি সতেজতা দেয়।",270.00,,71,f,Iced Coffee,Iced Coffee,আইসড কফি,t,https://quickbytes.buzz/uploads/menu_placeholders/tea_and_coffee.png,,"[""icon:tea_coffee""]",1,2026-07-06 07:43:21.984172+00,2026-07-06 07:43:21.984155+00
19f50d0f-46b2-464b-a5c3-99f9478ad475,384b833e-d0f6-4e46-b61d-2c938b36eb0d,Build-Your-Own Burger,Build-Your-Own Burger,বিল্ড-ইওর-ওন বার্গার,"Customize your 1/2 lb burger with free toppings: lettuce, tomato, onion, pickle. Add cheese, veggies, bacon, or fried egg for an extra charge.","Customize your 1/2 lb burger with free toppings: lettuce, tomato, onion, pickle. Add cheese, veggies, bacon, or fried egg for an extra charge.","আপনার ১/২ পাউন্ড বার্গার কাস্টমাইজ করুন ফ্রি টপিংস: লেটুস, টমেটো, পেঁয়াজ, আচার। অতিরিক্ত চার্জে পনির, সবজি, বেকন বা ফ্রাইড এগ যোগ করুন।",12.00,,382,f,Burgers,Burgers,বার্গার,t,https://quickbytes.buzz/uploads/menu_placeholders/burger.png,,"[""icon:burger"", ""addon:0.50:American Cheese"", ""addon:0.50:Swiss Cheese"", ""addon:1:Feta Cheese"", ""addon:1:Blue Cheese"", ""addon:1:Jalapeños"", ""addon:1:Mushrooms"", ""addon:1:Grilled Onions"", ""addon:1:Green Olives"", ""addon:1:Black Olives"", ""addon:2:Bacon"", ""addon:1:Fried Egg""]",1,2026-08-02 16:49:24.562911+00,2026-08-02 16:49:24.562894+00
8138c8ae-923f-4189-9fe3-6c92227135e9,384b833e-d0f6-4e46-b61d-2c938b36eb0d,Beef Lata Kebab,Beef Lata Kebab,বিফ লতা কাবাব,"Minced beef wrapped around a skewer, grilled to juicy tenderness with a blend of spices.","Minced beef wrapped around a skewer, grilled to juicy tenderness with a blend of spices.","মাংসের কিমা স্ক্যুয়ারের চারপাশে পেঁচিয়ে মসলার মিশ্রণে গ্রিল করা হয়, যা রসালো ও কোমল হয়।",200.00,,313,f,Kebab,Kebab,কাবাব,t,https://quickbytes.buzz/uploads/menu_placeholders/beef-2.png,,"[""icon:beef""]",1,2026-08-02 16:49:46.03539+00,2026-08-02 16:49:46.035375+00
f3959ff8-ae12-4fb0-9f89-bc4d6621ce92,384b833e-d0f6-4e46-b61d-2c938b36eb0d,Chicken Boti,Chicken Boti,চিকেন বটি,"Boneless chicken pieces marinated in yogurt and spices, skewered and grilled to smoky perfection.","Boneless chicken pieces marinated in yogurt and spices, skewered and grilled to smoky perfection.","দই এবং মসলায় ম্যারিনেট করা বোনলেস চিকেন টুকরো, স্ক্যুয়ারে সাজিয়ে ধোঁয়াটে স্বাদে গ্রিল করা।",80.00,,310,f,Kebab,Kebab,কাবাব,t,https://quickbytes.buzz/uploads/menu_placeholders/kebab.png,,"[""icon:kebab""]",1,2026-08-02 16:49:47.96763+00,2026-08-02 16:49:47.967617+00
ea68b62f-368b-46da-a269-e87c0eb01321,384b833e-d0f6-4e46-b61d-2c938b36eb0d,Corridor Special Pizza,Corridor Special Pizza,করিডোর স্পেশাল পিৎজা,"Topped with special sauce, chicken, mozzarella, capsicum, tomato, olive, and cheese. Our signature pizza.","Topped with special sauce, chicken, mozzarella, capsicum, tomato, olive, and cheese. Our signature pizza.","বিশেষ সস, চিকেন, মোজারেলা, ক্যাপসিকাম, টমেটো, অলিভ এবং পনির দিয়ে টপ করা। আমাদের সিগনেচার পিৎজা।",495.00,,,f,Pizza,Pizza,পিৎজা,t,https://quickbytes.buzz/uploads/menu_placeholders/beverages.png,,"[""icon:general"", ""option:Medium:0"", ""option:Large:100""]",1,2026-07-06 07:44:01.148622+00,2026-07-06 07:44:01.148601+00
bbb45c4b-a454-41b3-aa47-b31ae6f6a88f,384b833e-d0f6-4e46-b61d-2c938b36eb0d,Burger & Fries,Burger & Fries,বার্গার ও ফ্রাই,"1/2 lb burger with lettuce, tomato, pickle, and onion, served with fries.","1/2 lb burger with lettuce, tomato, pickle, and onion, served with fries.","১/২ পাউন্ড বার্গার, লেটুস, টমেটো, আচার এবং পেঁয়াজ সহ, ফ্রাইয়ের সাথে পরিবেশন করা হয়।",9.00,,366,f,Burgers,Burgers,বার্গার,t,https://quickbytes.buzz/uploads/menu_placeholders/burger.png,,"[""icon:burger"", ""inc:Fries""]",1,2026-08-02 16:49:26.315158+00,2026-08-02 16:49:26.315143+00
baf4fd4e-bf3d-4c84-8c3b-6787d470b9d8,384b833e-d0f6-4e46-b61d-2c938b36eb0d,Buffalo Chicken Wrap,Buffalo Chicken Wrap,বাফেলো চিকেন র্যাপ,"Breaded chicken tossed in our hot sauce with lettuce and tomato, wrapped in a tortilla.","Breaded chicken tossed in our hot sauce with lettuce and tomato, wrapped in a tortilla.","ব্রেডেড চিকেন আমাদের হট সসে মাখানো, লেটুস ও টমেটো সহ টর্টিলায় মোড়ানো।",12.00,,342,f,Grilled Wraps,Grilled Wraps,গ্রিলড র্যাপ,t,https://quickbytes.buzz/uploads/menu_placeholders/chicken-2.png,,"[""icon:chicken""]",1,2026-08-02 16:49:35.074821+00,2026-08-02 16:49:35.074805+00
41d48cd5-5e7d-4df4-9cd1-7468ec148271,384b833e-d0f6-4e46-b61d-2c938b36eb0d,B.B.Q. Chicken Cheese,B.B.Q. Chicken Cheese,বি.বি.কিউ. চিকেন চিজ,"For those who can't do without the BBQ flavour. While the chicken patty is a mouthful, it's the BBQ sauce that sets this one apart!","For those who can't do without the BBQ flavour. While the chicken patty is a mouthful, it's the BBQ sauce that sets this one apart!","যারা বিবিকিউ স্বাদ ছাড়া থাকতে পারেন না তাদের জন্য। চিকেন প্যাটি মুখরোচক হলেও, বিবিকিউ সসই এটিকে আলাদা করে তোলে!",220.00,,,t,Burger,Burger,বার্গার,t,https://quickbytes.buzz/uploads/menu_placeholders/burger.png,,"[""icon:burger""]",15,2026-07-12 12:27:59.031025+00,2026-07-12 12:27:59.031009+00
85571f89-9bfb-4f4d-a306-9a728a9dd9d1,384b833e-d0f6-4e46-b61d-2c938b36eb0d,Black Star,Black Star,ব্ল্যাক স্টার,"Leaving behind all the hackneyed tastes, our new addition 'The Black Star' is one of a kind with a sumptuous patty and ample chicken salami, fresh tomatoes, onions, and MR.MANIK's special sauce. The black bun adds a new dimension.","Leaving behind all the hackneyed tastes, our new addition 'The Black Star' is one of a kind with a sumptuous patty and ample chicken salami, fresh tomatoes, onions, and MR.MANIK's special sauce. The black bun adds a new dimension.","সব পুরনো স্বাদ পিছনে ফেলে, আমাদের নতুন সংযোজন 'দ্য ব্ল্যাক স্টার' একটি অনন্য, যাতে রয়েছে সুস্বাদু প্যাটি, প্রচুর চিকেন সালামি, তাজা টমেটো, পেঁয়াজ এবং এমআর.ম্যানিকের বিশেষ সস। কালো বান একটি নতুন মাত্রা যোগ করে।",215.00,,,f,Burger,Burger,বার্গার,t,https://quickbytes.buzz/uploads/menu_placeholders/burger.png,,"[""icon:burger""]",2,2026-07-12 12:28:00.584909+00,2026-07-12 12:28:00.584894+00
e533edc9-41fa-43d2-bafd-9369b75691a8,384b833e-d0f6-4e46-b61d-2c938b36eb0d,Chicken Burger (With Cheese),Chicken Burger (With Cheese),চিকেন বার্গার (পনির সহ),Our classic chicken burger topped with melted cheese for an extra creamy and savory flavor.,Our classic chicken burger topped with melted cheese for an extra creamy and savory flavor.,"আমাদের ক্লাসিক চিকেন বার্গারের উপরে গলানো পনির দেওয়া হয়েছে, যা অতিরিক্ত ক্রিমি এবং সুস্বাদু স্বাদ এনে দেয়।",185.00,,95,f,Burger,Burger,বার্গার,t,https://quickbytes.buzz/uploads/menu_placeholders/chicken-2.png,,"[""icon:chicken""]",1,2026-07-23 15:30:22.928826+00,2026-07-23 15:30:22.928807+00
fc780416-615d-4d8d-a1c6-8a2c0b9df145,384b833e-d0f6-4e46-b61d-2c938b36eb0d,Chicken Cheese Delicious,Chicken Cheese Delicious,চিকেন চিজ ডেলিশিয়াস,A scrumptious chicken patty is complemented with Cheese and Mr.Manik's special sauce. The undisputed chicken cheese experience.,A scrumptious chicken patty is complemented with Cheese and Mr.Manik's special sauce. The undisputed chicken cheese experience.,একটি সুস্বাদু চিকেন প্যাটি পনির এবং মি. মানিকের বিশেষ সস দিয়ে পরিপূরক। অবিসংবাদিত চিকেন চিজ অভিজ্ঞতা।,265.00,,97,f,Burger,Burger,বার্গার,t,https://quickbytes.buzz/uploads/menu_placeholders/chicken_fry.png,,"[""icon:chicken""]",1,2026-07-23 15:30:23.663552+00,2026-07-23 15:30:23.663535+00
4b08b4ee-3f20-4654-84db-f29bedca1082,384b833e-d0f6-4e46-b61d-2c938b36eb0d,Mr. Agaricus (Mushroom),Mr. Agaricus (Mushroom),মি. আগারিকাস (মাশরুম),"When normal patties are just not big enough, this Mushroom burger is monstrously is not for the faint hearted.","When normal patties are just not big enough, this Mushroom burger is monstrously is not for the faint hearted.","যখন সাধারণ প্যাটি যথেষ্ট বড় হয় না, তখন এই মাশরুম বার্গারটি ভয়ঙ্করভাবে দুর্বল হৃদয়ের জন্য নয়।",350.00,,100,f,Burger,Burger,বার্গার,t,https://quickbytes.buzz/uploads/menu_placeholders/vegetable-1.png,,"[""icon:vegetable""]",1,2026-07-23 15:30:24.394425+00,2026-07-23 15:30:24.394408+00
0aeb6171-af0e-4aa7-a07e-0190210d4416,384b833e-d0f6-4e46-b61d-2c938b36eb0d,Mr. Whopper,Mr. Whopper,মি. হুপার,"On either side of a large double patty lies a concoction of cheese, honey pepperoni. We whoop your ass-ertions about normal Burgers.","On either side of a large double patty lies a concoction of cheese, honey pepperoni. We whoop your ass-ertions about normal Burgers.",একটি বড় ডাবল প্যাটির উভয় পাশে পনির এবং হানি পেপারোনির মিশ্রণ। আমরা সাধারণ বার্গার সম্পর্কে আপনার ধারণাকে চ্যালেঞ্জ করি।,385.00,,98,f,Burger,Burger,বার্গার,t,https://quickbytes.buzz/uploads/menu_placeholders/beef-1.png,,"[""icon:beef""]",1,2026-07-23 15:30:27.886622+00,2026-07-23 15:30:27.886604+00
918e5eb1-ad6d-4a92-a815-a5bd3180a040,384b833e-d0f6-4e46-b61d-2c938b36eb0d,Naga Challenge,Naga Challenge,নাগা চ্যালেঞ্জ,"If you are spice and everything nice, this is for you. You got a classic chicken cheese burger which is bursting with fiery, mouthwatering naga sauce.","If you are spice and everything nice, this is for you. You got a classic chicken cheese burger which is bursting with fiery, mouthwatering naga sauce.","আপনি যদি মশলা এবং সবকিছু সুন্দর হন, তবে এটি আপনার জন্য। আপনি একটি ক্লাসিক চিকেন চিজ বার্গার পাবেন যা জ্বলন্ত, মুখরোচক নাগা সসে ভরা।",230.00,,99,f,Burger,Burger,বার্গার,t,https://quickbytes.buzz/uploads/menu_placeholders/chicken-1.png,,"[""icon:chicken""]",1,2026-07-23 15:30:29.375576+00,2026-07-23 15:30:29.375559+00
95c51934-329f-4472-903a-a136f94fc572,384b833e-d0f6-4e46-b61d-2c938b36eb0d,Maharaja Platter,Maharaja Platter,মহারাজা প্ল্যাটার,"A grand platter featuring 1 reshmi chicken, 1 chicken boti, 4 chicken tangri, 1 fish barbecue, 4 luchi, 4 naan, and 4 lassi. Perfect for sharing.","A grand platter featuring 1 reshmi chicken, 1 chicken boti, 4 chicken tangri, 1 fish barbecue, 4 luchi, 4 naan, and 4 lassi. Perfect for sharing.","একটি রাজকীয় প্ল্যাটার যাতে রয়েছে ১টি রেশমি চিকেন, ১টি চিকেন বটি, ৪ পিস চিকেন টাংরি, ১টি ফিশ বারবিকিউ, ৪টি লুচি, ৪টি নান এবং ৪টি লাচ্ছি। শেয়ার করার জন্য উপযুক্ত।",1000.00,,305,f,Kebab Platter,Kebab Platter,কাবাব প্ল্যাটার,t,https://quickbytes.buzz/uploads/menu_placeholders/grill.png,,"[""icon:grill"", ""inc:Reshmi Chicken (1 pc)"", ""inc:Chicken Boti (1 pc)"", ""inc:Chicken Tangri (4 pcs)"", ""inc:Fish Barbecue (1 pc)"", ""inc:Luchi (4 pcs)"", ""inc:Naan (4 pcs)"", ""inc:Lassi (4 pcs)""]",1,2026-08-02 16:49:59.537833+00,2026-08-02 16:49:59.537819+00
bac0d1df-a12e-492c-97e5-8516bf324c83,384b833e-d0f6-4e46-b61d-2c938b36eb0d,Chicken Tender Dinner,Chicken Tender Dinner,চিকেন টেন্ডার ডিনার,Crispy chicken tenders served with coleslaw and a choice of baked potato or fries.,Crispy chicken tenders served with coleslaw and a choice of baked potato or fries.,"খাস্তা চিকেন টেন্ডার, কোলসলা এবং বেকড আলু বা ফ্রাই সহ পরিবেশন করা হয়।",14.00,,328,f,Hideout Favorites,Hideout Favorites,হাইডআউট ফেভারিট,t,https://quickbytes.buzz/uploads/menu_placeholders/chicken-4.png,,"[""icon:chicken"", ""inc:Coleslaw"", ""inc:Baked Potato or French Fries""]",1,2026-08-02 16:49:40.370091+00,2026-08-02 16:49:40.37007+00
e31250c6-7c17-4e1f-893b-8befe6952d3c,384b833e-d0f6-4e46-b61d-2c938b36eb0d,Chicken Tandoori,Chicken Tandoori,চিকেন তান্দুরী,"Whole chicken marinated in yogurt and tandoori spices, roasted in a clay oven for a smoky, charred flavor.","Whole chicken marinated in yogurt and tandoori spices, roasted in a clay oven for a smoky, charred flavor.","দই এবং তান্দুরি মসলায় ম্যারিনেট করা পুরো চিকেন, মাটির চুলায় রোস্ট করে ধোঁয়াটে ও ঝলসানো স্বাদে পরিবেশন করা হয়।",150.00,,312,f,Kebab,Kebab,কাবাব,t,https://quickbytes.buzz/uploads/menu_placeholders/fried-chicken.png,,"[""icon:chicken""]",1,2026-08-02 16:49:52.150276+00,2026-08-02 16:49:52.150256+00
e2d5fa5c-9a70-4b2f-9c0e-d2433f504940,384b833e-d0f6-4e46-b61d-2c938b36eb0d,Student Platter,Student Platter,স্টুডেন্ট প্ল্যাটার,A budget-friendly platter with 3 pieces of chicken and 2 naan. Perfect for a quick and satisfying meal.,A budget-friendly platter with 3 pieces of chicken and 2 naan. Perfect for a quick and satisfying meal.,একটি সাশ্রয়ী প্ল্যাটার যাতে রয়েছে ৩ পিস চিকেন এবং ২টি নান। দ্রুত এবং তৃপ্তিদায়ক খাবারের জন্য উপযুক্ত।,110.00,,307,f,Kebab Platter,Kebab Platter,কাবাব প্ল্যাটার,t,https://quickbytes.buzz/uploads/menu_placeholders/chicken-1.png,,"[""icon:chicken"", ""inc:Chicken (3 pcs)"", ""inc:Naan (2 pcs)""]",1,2026-08-02 16:50:00.847548+00,2026-08-02 16:50:00.847535+00
856f803d-2ad1-462b-a69c-2d29022a987b,384b833e-d0f6-4e46-b61d-2c938b36eb0d,Fish & Chips,Fish & Chips,ফিশ অ্যান্ড চিপস,"Hand-cut cod fillets dipped in our own beer batter and fried until golden brown, served with coleslaw and a choice of baked potato or fries.","Hand-cut cod fillets dipped in our own beer batter and fried until golden brown, served with coleslaw and a choice of baked potato or fries.","হাতে কাটা কড ফিলেট আমাদের নিজস্ব বিয়ার ব্যাটারে ডুবিয়ে সোনালি বাদামি করে ভাজা, কোলসলা এবং বেকড আলু বা ফ্রাই সহ।",16.00,,327,f,Hideout Favorites,Hideout Favorites,হাইডআউট ফেভারিট,t,https://quickbytes.buzz/uploads/menu_placeholders/fish-4.png,,"[""icon:fish"", ""inc:Coleslaw"", ""inc:Baked Potato or French Fries""]",1,2026-08-02 16:49:41.61695+00,2026-08-02 16:49:41.616935+00
ed69c84d-5256-4f1c-b2fe-21a25e813ea8,384b833e-d0f6-4e46-b61d-2c938b36eb0d,Chicken Hariyali,Chicken Hariyali,চিকেন হাড়িয়ালি,"Chicken marinated in a fresh green herb paste with mint and coriander, grilled for a vibrant and flavorful dish.","Chicken marinated in a fresh green herb paste with mint and coriander, grilled for a vibrant and flavorful dish.","পুদিনা ও ধনেপাতার তাজা সবুজ ভেষজ পেস্টে ম্যারিনেট করা চিকেন, যা গ্রিল করে রঙিন ও স্বাদে ভরপুর একটি পদ তৈরি করা হয়।",75.00,,311,f,Kebab,Kebab,কাবাব,t,https://quickbytes.buzz/uploads/menu_placeholders/kebab.png,,"[""icon:kebab""]",1,2026-08-02 16:49:49.426207+00,2026-08-02 16:49:49.426193+00
be0121cd-225d-48cf-854e-e00c1c2adbb0,384b833e-d0f6-4e46-b61d-2c938b36eb0d,Fish Barbecue (250g),Fish Barbecue (250g),ফিশ বারবিকিউ (২৫০ গ্রাম),"Fresh fish fillet marinated in spices and barbecued over open flames, served with a smoky aroma.","Fresh fish fillet marinated in spices and barbecued over open flames, served with a smoky aroma.","তাজা মাছের ফিলেট মসলায় ম্যারিনেট করে খোলা আগুনে বারবিকিউ করা হয়, সাথে ধোঁয়াটে সুগন্ধ।",120.00,,314,f,Kebab,Kebab,কাবাব,t,https://quickbytes.buzz/uploads/menu_placeholders/fish-3.png,,"[""icon:fish""]",1,2026-08-02 16:49:56.487924+00,2026-08-02 16:49:56.48791+00
371b6138-bbb9-4022-867c-ce948a559c8d,384b833e-d0f6-4e46-b61d-2c938b36eb0d,Corned Beef Sandwich,Corned Beef Sandwich,কর্নড বিফ স্যান্ডউইচ,"Tender, lean corned beef piled high on grilled rye bread.","Tender, lean corned beef piled high on grilled rye bread.","কোমল, লিন কর্নড বিফ গ্রিল করা রাই রুটির উপর স্তুপ করা।",12.00,,320,f,Sandwiches,Sandwiches,স্যান্ডউইচ,t,https://quickbytes.buzz/uploads/menu_placeholders/sandwitch.png,,"[""icon:sandwich""]",1,2026-08-02 16:50:23.887414+00,2026-08-02 16:50:23.887399+00
1ff4ec53-fee5-4f16-a626-bd1c7f2f68a0,384b833e-d0f6-4e46-b61d-2c938b36eb0d,Grilled Cheese,Grilled Cheese,গ্রিলড চিজ,Classic grilled cheese sandwich with melted American cheese on golden toasted bread.,Classic grilled cheese sandwich with melted American cheese on golden toasted bread.,"ক্লাসিক গ্রিলড চিজ স্যান্ডউইচ, গলানো আমেরিকান চিজ সহ সোনালি টোস্ট করা রুটিতে।",6.00,,317,f,Sandwiches,Sandwiches,স্যান্ডউইচ,t,https://quickbytes.buzz/uploads/menu_placeholders/sandwitch.png,,"[""icon:sandwich"", ""addon:2:Add Bacon or Ham""]",1,2026-08-02 16:50:25.107358+00,2026-08-02 16:50:25.107344+00
397435b9-7069-4866-a353-271a11bff533,384b833e-d0f6-4e46-b61d-2c938b36eb0d,Grilled Chicken Sandwich,Grilled Chicken Sandwich,গ্রিলড চিকেন স্যান্ডউইচ,"Marinated chicken breast grilled and served with lettuce, tomatoes, and mayo on toasted bread.","Marinated chicken breast grilled and served with lettuce, tomatoes, and mayo on toasted bread.","মেরিনেট করা চিকেন ব্রেস্ট গ্রিল করে লেটুস, টমেটো ও মেয়োনিজ সহ টোস্ট করা রুটিতে পরিবেশন করা হয়।",11.00,,319,f,Sandwiches,Sandwiches,স্যান্ডউইচ,t,https://quickbytes.buzz/uploads/menu_placeholders/sandwitch.png,,"[""icon:sandwich""]",1,2026-08-02 16:50:26.768124+00,2026-08-02 16:50:26.768109+00
670fb3bf-c5ac-4e5b-89fb-4bbc8241d966,384b833e-d0f6-4e46-b61d-2c938b36eb0d,Reuben,Reuben,রুবেন,"Tender corned beef with Swiss cheese, Thousand Island dressing, and sauerkraut on grilled rye bread.","Tender corned beef with Swiss cheese, Thousand Island dressing, and sauerkraut on grilled rye bread.","কোমল কর্নড বিফ, সুইস চিজ, থাউজেন্ড আইল্যান্ড ড্রেসিং এবং সয়ারক্রাউট সহ গ্রিল করা রাই রুটিতে।",13.00,,321,f,Sandwiches,Sandwiches,স্যান্ডউইচ,t,https://quickbytes.buzz/uploads/menu_placeholders/sandwitch.png,,"[""icon:sandwich""]",1,2026-08-02 16:50:32.978326+00,2026-08-02 16:50:32.978311+00
87064643-9203-42c6-8fe6-e5b9cc89d69c,384b833e-d0f6-4e46-b61d-2c938b36eb0d,The Hideout Club,The Hideout Club,দ্য হাইডআউট ক্লাব,"Triple-decker sandwich stacked with lean turkey, ham, crispy bacon, lettuce, tomatoes, Swiss and American cheese, and mayo.","Triple-decker sandwich stacked with lean turkey, ham, crispy bacon, lettuce, tomatoes, Swiss and American cheese, and mayo.","তিন স্তরের স্যান্ডউইচ, লিন টার্কি, হ্যাম, খাস্তা বেকন, লেটুস, টমেটো, সুইস ও আমেরিকান চিজ এবং মেয়োনিজ সহ।",12.00,,318,f,Sandwiches,Sandwiches,স্যান্ডউইচ,t,https://quickbytes.buzz/uploads/menu_placeholders/sandwitch.png,,"[""icon:sandwich""]",1,2026-08-02 16:50:34.417482+00,2026-08-02 16:50:34.417466+00
436f9a9b-c34b-4497-a76f-d570f087ad5f,384b833e-d0f6-4e46-b61d-2c938b36eb0d,The Rajukian Burger,The Rajukian Burger,দ্যা রাজুকিয়ান বার্গার,"A signature burger crafted with premium ingredients, offering a burst of flavors in every bite. Perfectly grilled patty with fresh toppings.","A signature burger crafted with premium ingredients, offering a burst of flavors in every bite. Perfectly grilled patty with fresh toppings.","একটি সিগনেচার বার্গার যা প্রিমিয়াম উপাদান দিয়ে তৈরি, প্রতিটি কামড়ে স্বাদের বিস্ফোরণ। তাজা টপিংস সহ পুরোপুরি গ্রিল করা প্যাটি।",399.00,,101,f,Burger,Burger,বার্গার,t,https://quickbytes.buzz/uploads/menu_placeholders/burger.png,,"[""icon:burger""]",1,2026-07-23 15:30:30.443562+00,2026-07-23 15:30:30.443544+00
10437e40-803e-498c-af50-92307d0306f8,384b833e-d0f6-4e46-b61d-2c938b36eb0d,Two Star,Two Star,টু স্টার,"A classic double-decker burger with two juicy patties, cheese, and fresh veggies. Great value.","A classic double-decker burger with two juicy patties, cheese, and fresh veggies. Great value.","দুটি জুসি প্যাটি, পনির এবং তাজা সবজি সহ একটি ক্লাসিক ডাবল-ডেকার বার্গার। দুর্দান্ত মূল্য।",199.00,,107,f,Burger,Burger,বার্গার,t,https://quickbytes.buzz/uploads/menu_placeholders/burger.png,,"[""icon:burger""]",1,2026-07-23 15:30:31.33506+00,2026-07-23 15:30:31.335041+00
6ea6e762-302d-4943-8f85-2e6d46c8aeb8,384b833e-d0f6-4e46-b61d-2c938b36eb0d,Buffalo Wings,Buffalo Wings,বাফেলো উইংস,"Spicy buffalo wings with a kick, served with blue cheese dip. Choose from 4 or 6 pieces.","Spicy buffalo wings with a kick, served with blue cheese dip. Choose from 4 or 6 pieces.","মশলাদার বাফেলো উইংস, ব্লু চিজ ডিপ সহ পরিবেশন করা হয়। ৪ বা ৬ পিস বেছে নিন।",149.00,,103,f,Chicken,Chicken,চিকেন,t,https://quickbytes.buzz/uploads/menu_placeholders/chicken-4.png,,"[""icon:chicken"", ""option:4 Pcs:0"", ""option:6 Pcs:61""]",1,2026-07-23 15:30:32.218791+00,2026-07-23 15:30:32.218761+00
77384cfa-1d89-4656-b347-c7834e307253,384b833e-d0f6-4e46-b61d-2c938b36eb0d,Mz. Wings,Mz. Wings,মিজ. উইংস,"Tender chicken wings with a signature glaze, available in 4 or 6 pieces. A must-try for wing lovers.","Tender chicken wings with a signature glaze, available in 4 or 6 pieces. A must-try for wing lovers.","সিগনেচার গ্লেজ সহ টেন্ডার চিকেন উইংস, ৪ বা ৬ পিসে পাওয়া যায়। উইংস প্রেমীদের জন্য অবশ্যই ট্রাই করুন।",140.00,,105,f,Chicken,Chicken,চিকেন,t,https://quickbytes.buzz/uploads/menu_placeholders/fried-chicken.png,,"[""icon:chicken"", ""option:4 Pcs:0"", ""option:6 Pcs:55""]",1,2026-07-23 15:30:33.197445+00,2026-07-23 15:30:33.197428+00
36c89307-1c57-42c2-bd09-ae1147a05da7,384b833e-d0f6-4e46-b61d-2c938b36eb0d,Coney Fries,Coney Fries,কোনি ফ্রাই,Crispy fries smothered in savory chili and topped with fresh onions.,Crispy fries smothered in savory chili and topped with fresh onions.,খাস্তা ফ্রাইয়ের উপর savory চিলি এবং তাজা পেঁয়াজ দিয়ে সাজানো।,8.00,,323,f,Sides,Sides,সাইড ডিশ,t,https://quickbytes.buzz/uploads/menu_placeholders/appetizer.png,,"[""icon:appetizer""]",1,2026-08-02 16:50:42.091276+00,2026-08-02 16:50:42.091261+00
d666e5e3-06eb-4213-8b05-22175085226e,384b833e-d0f6-4e46-b61d-2c938b36eb0d,Spicy Fries,Spicy Fries,স্পাইসি ফ্রাই,Crispy fries tossed in a spicy seasoning. Available in small and medium sizes.,Crispy fries tossed in a spicy seasoning. Available in small and medium sizes.,মশলাদার সিজনিংয়ে টস করা ক্রিস্পি ফ্রাই। ছোট এবং মাঝারি সাইজে পাওয়া যায়।,90.00,,113,f,Appetizer,Appetizer,অ্যাপেটাইজার,t,https://quickbytes.buzz/uploads/menu_placeholders/appetizer.png,,"[""icon:appetizer"", ""option:Small:0"", ""option:Medium:30""]",1,2026-07-23 15:30:09.039145+00,2026-07-23 15:30:09.03912+00
e3104679-dd81-4413-950b-f16ec84a9aa6,384b833e-d0f6-4e46-b61d-2c938b36eb0d,Black Star,Black Star,ব্ল্যাক স্টার,"A premium burger with a dark, rich bun and double patty. Loaded with cheese and smoky sauce.","A premium burger with a dark, rich bun and double patty. Loaded with cheese and smoky sauce.","গাঢ়, সমৃদ্ধ বান এবং ডাবল প্যাটি সহ একটি প্রিমিয়াম বার্গার। পনির এবং স্মোকি সস দিয়ে ভরপুর।",199.00,,106,f,Burger,Burger,বার্গার,t,https://quickbytes.buzz/uploads/menu_placeholders/burger.png,,"[""icon:burger""]",1,2026-07-23 15:30:21.485522+00,2026-07-23 15:30:21.485503+00
c4e41d1c-800f-4ccb-95e4-2ef7d7799c47,384b833e-d0f6-4e46-b61d-2c938b36eb0d,Mr. Perfect,Mr. Perfect,মি. পারফেক্ট,"A perfectly crafted burger with a juicy patty, fresh lettuce, and special sauce. A customer favorite.","A perfectly crafted burger with a juicy patty, fresh lettuce, and special sauce. A customer favorite.","একটি জুসি প্যাটি, তাজা লেটুস এবং স্পেশাল সস সহ পুরোপুরি তৈরি বার্গার। গ্রাহকদের প্রিয়।",299.00,,104,f,Burger,Burger,বার্গার,t,https://quickbytes.buzz/uploads/menu_placeholders/burger.png,,"[""icon:burger""]",2,2026-07-23 15:30:25.835474+00,2026-07-23 15:30:25.835449+00
2c878c9d-02d8-4721-9b34-c4a9228c67dc,384b833e-d0f6-4e46-b61d-2c938b36eb0d,Grated Chicken Pasta,Grated Chicken Pasta,গ্রেটেড চিকেন পাস্তা,"Creamy pasta with grated chicken, mushrooms, and a blend of cheeses. A comforting meal.","Creamy pasta with grated chicken, mushrooms, and a blend of cheeses. A comforting meal.","গ্রেটেড চিকেন, মাশরুম এবং বিভিন্ন পনিরের মিশ্রণ সহ ক্রিমি পাস্তা। একটি আরামদায়ক খাবার।",190.00,,111,f,Pasta,Pasta,পাস্তা,t,https://quickbytes.buzz/uploads/menu_placeholders/pasta.png,,"[""icon:pasta""]",1,2026-07-23 15:30:41.776267+00,2026-07-23 15:30:41.776245+00
217ddc95-7629-4a3e-bad0-e18e497e2a1c,384b833e-d0f6-4e46-b61d-2c938b36eb0d,Wing Ding Combo,Wing Ding Combo,উইং ডিং কম্বো,"Choice of plain, hot, or BBQ wings with your choice of dipping sauce, served with coleslaw and a baked potato or fries.","Choice of plain, hot, or BBQ wings with your choice of dipping sauce, served with coleslaw and a baked potato or fries.","প্লেইন, হট বা বিবিকিউ উইংস পছন্দ অনুযায়ী, সাথে ডিপিং সস, কোলসলা এবং বেকড আলু বা ফ্রাই।",18.00,,326,f,Hideout Favorites,Hideout Favorites,হাইডআউট ফেভারিট,t,https://quickbytes.buzz/uploads/menu_placeholders/chicken-1.png,,"[""icon:chicken"", ""inc:Coleslaw"", ""inc:Baked Potato or French Fries""]",1,2026-08-02 16:49:43.978623+00,2026-08-02 16:49:43.978609+00
51cff3c6-9edb-4bcd-b9b6-c10aa1729e32,384b833e-d0f6-4e46-b61d-2c938b36eb0d,Philly Steak & Cheese,Philly Steak & Cheese,ফিলি স্টেক ও চিজ,"Sliced roast beef with grilled peppers and onions, topped with melted Swiss cheese.","Sliced roast beef with grilled peppers and onions, topped with melted Swiss cheese.","স্লাইস করা রোস্ট বিফ, গ্রিল করা মরিচ ও পেঁয়াজ সহ, গলানো সুইস চিজ দিয়ে সাজানো।",11.00,,324,f,Sandwiches,Sandwiches,স্যান্ডউইচ,t,https://quickbytes.buzz/uploads/menu_placeholders/beef-1.png,,"[""icon:beef""]",1,2026-08-02 16:50:30.387022+00,2026-08-02 16:50:30.386996+00
a1e3fa05-cc92-4e42-9316-7622d008f4b2,384b833e-d0f6-4e46-b61d-2c938b36eb0d,Reef's Special,Reef's Special,রিফের স্পেশাল,"Pita bread stuffed with chicken tenders, lettuce, tomatoes, Swiss cheese, and topped with mayo.","Pita bread stuffed with chicken tenders, lettuce, tomatoes, Swiss cheese, and topped with mayo.","পিটা রুটির মধ্যে চিকেন টেন্ডার, লেটুস, টমেটো, সুইস চিজ এবং মেয়োনিজ দিয়ে ভরা।",13.00,,325,f,Sandwiches,Sandwiches,স্যান্ডউইচ,t,https://quickbytes.buzz/uploads/menu_placeholders/sandwitch.png,,"[""icon:sandwich"", ""addon:0.65:Add Ranch""]",1,2026-08-02 16:50:31.781366+00,2026-08-02 16:50:31.781353+00
adee03a8-fb3e-46fc-b485-ae8083ca125d,384b833e-d0f6-4e46-b61d-2c938b36eb0d,Onion Rings,Onion Rings,অনিয়ন রিংস,"Crispy golden onion rings, perfect as a side or snack.","Crispy golden onion rings, perfect as a side or snack.","খাস্তা সোনালি পেঁয়াজের রিং, সাইড বা স্ন্যাক হিসেবে পারফেক্ট।",4.00,,329,f,Sides,Sides,সাইড ডিশ,t,https://quickbytes.buzz/uploads/menu_placeholders/appetizer.png,,"[""icon:appetizer""]",1,2026-08-02 16:50:49.857369+00,2026-08-02 16:50:49.857354+00
b09ec2b1-9f02-4097-9139-1f68603284a1,384b833e-d0f6-4e46-b61d-2c938b36eb0d,Mr. Choco-Gree Shake,Mr. Choco-Gree Shake,মি. চকো-গ্রী শেক,A rich chocolate and green tea flavored shake. Unique and refreshing.,A rich chocolate and green tea flavored shake. Unique and refreshing.,একটি সমৃদ্ধ চকলেট এবং গ্রিন টি ফ্লেভারযুক্ত শেক। অনন্য এবং রিফ্রেশিং।,163.00,,115,f,Beverages,Beverages,বেভারেজ,t,https://quickbytes.buzz/uploads/menu_placeholders/beverages.png,,"[""icon:beverages""]",1,2026-07-23 15:30:12.734028+00,2026-07-23 15:30:12.73401+00
45887b21-aac2-453c-93d5-b1d08c58cb57,384b833e-d0f6-4e46-b61d-2c938b36eb0d,Real Star,Real Star,রিয়েল স্টার,"A combo of 4 pieces wings, fries, and a 250ml drink. Perfect for a quick meal.","A combo of 4 pieces wings, fries, and a 250ml drink. Perfect for a quick meal.","৪ পিস উইংস, ফ্রাই এবং ২৫০ মিলি ড্রিংকের একটি কম্বো। দ্রুত খাবারের জন্য পারফেক্ট।",250.00,,108,f,Combo,Combo,কম্বো,t,https://quickbytes.buzz/uploads/menu_placeholders/chicken-4.png,,"[""icon:chicken"", ""inc:4 Pcs Wings"", ""inc:Fries"", ""inc:Drinks 250 ml""]",1,2026-07-23 15:30:35.40662+00,2026-07-23 15:30:35.406604+00
288ddb94-8691-4157-b8ff-87d1f6be7b08,384b833e-d0f6-4e46-b61d-2c938b36eb0d,Pepsi/7Up/Dew/Mirinda (Small),Pepsi/7Up/Dew/Mirinda (Small),পেপসি/৭আপ/ডিউ/মিরিন্ডা (ছোট),"Refreshing carbonated soft drink in small size. Choose from Pepsi, 7Up, Dew, or Mirinda.","Refreshing carbonated soft drink in small size. Choose from Pepsi, 7Up, Dew, or Mirinda.","ছোট সাইজে রিফ্রেশিং কার্বনেটেড সফট ড্রিংক। পেপসি, ৭আপ, ডিউ বা মিরিন্ডা থেকে বেছে নিন।",35.00,,120,f,Soft Drink,Soft Drink,সফট ড্রিংক,t,https://quickbytes.buzz/uploads/menu_placeholders/soft-drink.png,,"[""icon:soft_drink"", ""option:Small:0"", ""option:Medium:10""]",1,2026-07-23 15:30:43.034081+00,2026-07-23 15:30:43.034065+00
9bdc6458-66c1-47a7-a9b5-936acaf09da6,384b833e-d0f6-4e46-b61d-2c938b36eb0d,Chili Cheese Fries,Chili Cheese Fries,চিলি চিজ ফ্রাই,French fries topped with chili and melted cheese.,French fries topped with chili and melted cheese.,ফ্রেঞ্চ ফ্রাইয়ের উপর চিলি এবং গলানো চিজ।,5.50,,332,f,Sides,Sides,সাইড ডিশ,t,https://quickbytes.buzz/uploads/menu_placeholders/appetizer.png,,"[""icon:appetizer""]",1,2026-08-02 16:50:39.657465+00,2026-08-02 16:50:39.657451+00
9412fe9e-6b77-4872-b6c4-155651c8cde3,384b833e-d0f6-4e46-b61d-2c938b36eb0d,Chili Fries,Chili Fries,চিলি ফ্রাই,French fries topped with savory chili.,French fries topped with savory chili.,ফ্রেঞ্চ ফ্রাইয়ের উপর savory চিলি দেওয়া।,5.00,,331,f,Sides,Sides,সাইড ডিশ,t,https://quickbytes.buzz/uploads/menu_placeholders/appetizer.png,,"[""icon:appetizer""]",1,2026-08-02 16:50:40.862693+00,2026-08-02 16:50:40.862679+00
2a2373af-5fd5-486c-9ca9-2592274b2c84,384b833e-d0f6-4e46-b61d-2c938b36eb0d,Creamy Coleslaw,Creamy Coleslaw,ক্রিমি কোলসলা,Fresh cabbage and carrots in a creamy dressing.,Fresh cabbage and carrots in a creamy dressing.,তাজা বাঁধাকপি এবং গাজর ক্রিমি ড্রেসিংয়ে।,3.00,,336,f,Sides,Sides,সাইড ডিশ,t,https://quickbytes.buzz/uploads/menu_placeholders/vegetable-1.png,,"[""icon:vegetable""]",1,2026-08-02 16:50:43.357704+00,2026-08-02 16:50:43.35769+00
79574555-5058-4147-9b46-87dfe7d0ed15,384b833e-d0f6-4e46-b61d-2c938b36eb0d,French Fries,French Fries,ফ্রেঞ্চ ফ্রাই,"Classic golden french fries, crispy on the outside and fluffy inside.","Classic golden french fries, crispy on the outside and fluffy inside.","ক্লাসিক সোনালি ফ্রেঞ্চ ফ্রাই, বাইরে খাস্তা এবং ভিতরে নরম।",3.00,,330,f,Sides,Sides,সাইড ডিশ,t,https://quickbytes.buzz/uploads/menu_placeholders/appetizer.png,,"[""icon:appetizer""]",1,2026-08-02 16:50:45.897718+00,2026-08-02 16:50:45.897703+00
a55d4926-8426-429e-b0b0-126b95b8ce70,384b833e-d0f6-4e46-b61d-2c938b36eb0d,Jalapeños,Jalapeños,জালাপেনো,Sliced jalapeño peppers for a spicy kick.,Sliced jalapeño peppers for a spicy kick.,ঝাল কিকের জন্য কাটা জালাপেনো মরিচ।,1.00,,338,f,Sides,Sides,সাইড ডিশ,t,https://quickbytes.buzz/uploads/menu_placeholders/vegetable-1.png,,"[""icon:vegetable""]",1,2026-08-02 16:50:46.90139+00,2026-08-02 16:50:46.901377+00
65076058-ebbe-417f-84e0-40b277056c74,384b833e-d0f6-4e46-b61d-2c938b36eb0d,Loaded Baked Potato,Loaded Baked Potato,লোডেড বেকড আলু,"Baked potato topped with cheese, bacon, and sour cream.","Baked potato topped with cheese, bacon, and sour cream.","বেকড আলুর উপর চিজ, বেকন এবং টক ক্রিম।",5.00,,334,f,Sides,Sides,সাইড ডিশ,t,https://quickbytes.buzz/uploads/menu_placeholders/vegetable-1.png,,"[""icon:vegetable""]",1,2026-08-02 16:50:48.40747+00,2026-08-02 16:50:48.407455+00
2d24b8f4-64dd-4c23-8d7f-f62561dc1358,384b833e-d0f6-4e46-b61d-2c938b36eb0d,Pita Bread,Pita Bread,পিটা রুটি,Soft and warm pita bread.,Soft and warm pita bread.,নরম এবং গরম পিটা রুটি।,2.00,,337,f,Sides,Sides,সাইড ডিশ,t,https://quickbytes.buzz/uploads/menu_placeholders/beverages.png,,"[""icon:general""]",1,2026-08-02 16:50:51.082413+00,2026-08-02 16:50:51.08238+00
2e543ae7-30e6-4339-8759-146f75f1c56c,384b833e-d0f6-4e46-b61d-2c938b36eb0d,Salsa,Salsa,সালসা,Fresh tomato salsa with a hint of spice.,Fresh tomato salsa with a hint of spice.,"তাজা টমেটো সালসা, সামান্য ঝাল সহ।",1.00,,339,f,Sides,Sides,সাইড ডিশ,t,https://quickbytes.buzz/uploads/menu_placeholders/appetizer.png,,"[""icon:appetizer""]",1,2026-08-02 16:50:51.962159+00,2026-08-02 16:50:51.962144+00
a974cd52-5f3e-4f83-8ac5-2247ab3d9af6,384b833e-d0f6-4e46-b61d-2c938b36eb0d,Sour Cream,Sour Cream,টক ক্রিম,Creamy sour cream for dipping or topping.,Creamy sour cream for dipping or topping.,ডিপিং বা টপিংয়ের জন্য ক্রিমি টক ক্রিম।,0.65,,340,f,Sides,Sides,সাইড ডিশ,t,https://quickbytes.buzz/uploads/menu_placeholders/beverages.png,,"[""icon:general""]",1,2026-08-02 16:50:53.097837+00,2026-08-02 16:50:53.097813+00
6b4f1a1e-501c-474a-8968-7d860ae3b5b4,384b833e-d0f6-4e46-b61d-2c938b36eb0d,Chicken Nachos,Chicken Nachos,চিকেন নাচোস,"Crispy nachos topped with seasoned chicken, cheese, salsa, and sour cream. A crowd-pleaser.","Crispy nachos topped with seasoned chicken, cheese, salsa, and sour cream. A crowd-pleaser.","সিজনড চিকেন, পনির, সালসা এবং সাওয়ার ক্রিম দিয়ে টপ করা ক্রিস্পি নাচোস। সবার প্রিয়।",190.00,,109,f,Appetizer,Appetizer,অ্যাপেটাইজার,t,https://quickbytes.buzz/uploads/menu_placeholders/appetizer.png,,"[""icon:appetizer""]",1,2026-07-23 15:30:08.229261+00,2026-07-23 15:30:08.229244+00
91aa6ffa-2258-48b2-ac03-a797de74a8d5,384b833e-d0f6-4e46-b61d-2c938b36eb0d,Kit Kat Shake,Kit Kat Shake,কিট ক্যাট শেক,A crunchy and creamy shake with Kit Kat pieces. A fun twist on a classic.,A crunchy and creamy shake with Kit Kat pieces. A fun twist on a classic.,কিট ক্যাট টুকরো সহ একটি ক্রাঞ্চি এবং ক্রিমি শেক। ক্লাসিকের একটি মজার টুইস্ট।,130.00,,118,f,Beverages,Beverages,বেভারেজ,t,https://quickbytes.buzz/uploads/menu_placeholders/beverages.png,,"[""icon:beverages""]",1,2026-07-23 15:30:11.374408+00,2026-07-23 15:30:11.374389+00
b0efd28d-cf8e-44f2-a691-b51a1e3648d6,384b833e-d0f6-4e46-b61d-2c938b36eb0d,Oreo Shake,Oreo Shake,ওরিও শেক,A creamy shake blended with Oreo cookies. A classic favorite for all ages.,A creamy shake blended with Oreo cookies. A classic favorite for all ages.,ওরিও কুকিজের সাথে মিশ্রিত একটি ক্রিমি শেক। সব বয়সের জন্য একটি ক্লাসিক প্রিয়।,150.00,,116,f,Beverages,Beverages,বেভারেজ,t,https://quickbytes.buzz/uploads/menu_placeholders/beverages.png,,"[""icon:beverages""]",1,2026-07-23 15:30:15.055528+00,2026-07-23 15:30:15.05551+00
a616d71e-aec7-446a-ab33-df46006909d3,384b833e-d0f6-4e46-b61d-2c938b36eb0d,Chicken Caesar Wrap,Chicken Caesar Wrap,চিকেন সিজার র্যাপ,"Breaded chicken with lettuce, tomato, and Caesar dressing wrapped in a tortilla.","Breaded chicken with lettuce, tomato, and Caesar dressing wrapped in a tortilla.","ব্রেডেড চিকেন, লেটুস, টমেটো এবং সিজার ড্রেসিং টর্টিলায় মোড়ানো।",12.00,,343,f,Grilled Wraps,Grilled Wraps,গ্রিলড র্যাপ,t,https://quickbytes.buzz/uploads/menu_placeholders/chicken-4.png,,"[""icon:chicken""]",1,2026-08-02 16:49:37.140887+00,2026-08-02 16:49:37.140871+00
a67c80eb-7930-4297-a95b-0553183d580b,384b833e-d0f6-4e46-b61d-2c938b36eb0d,Philly Steak & Cheese Wrap,Philly Steak & Cheese Wrap,ফিলি স্টেক ও চিজ র্যাপ,"Sliced roast beef with green peppers and grilled onions, topped with Swiss cheese, wrapped in a tortilla.","Sliced roast beef with green peppers and grilled onions, topped with Swiss cheese, wrapped in a tortilla.","স্লাইস করা রোস্ট বিফ, সবুজ মরিচ ও গ্রিল করা পেঁয়াজ, সুইস চিজ সহ টর্টিলায় মোড়ানো।",12.00,,344,f,Grilled Wraps,Grilled Wraps,গ্রিলড র্যাপ,t,https://quickbytes.buzz/uploads/menu_placeholders/beef-1.png,,"[""icon:beef""]",1,2026-08-02 16:49:38.643018+00,2026-08-02 16:49:38.643002+00
9e7c1e06-751d-4731-be18-67e4a758dc78,384b833e-d0f6-4e46-b61d-2c938b36eb0d,Homemade Chicken Pot Pie,Homemade Chicken Pot Pie,হোমমেড চিকেন পট পাই,"Comforting homemade chicken pot pie, available in half or full size.","Comforting homemade chicken pot pie, available in half or full size.","আরামদায়ক হোমমেড চিকেন পট পাই, অর্ধেক বা পুরো সাইজে পাওয়া যায়।",7.00,,346,f,Hideout Favorites,Hideout Favorites,হাইডআউট ফেভারিট,t,https://quickbytes.buzz/uploads/menu_placeholders/chicken-1.png,,"[""icon:chicken"", ""option:Half:0"", ""option:Full:5""]",1,2026-08-02 16:49:42.808878+00,2026-08-02 16:49:42.808864+00
bcfbfe96-6be8-4acb-9900-b00de68bf372,384b833e-d0f6-4e46-b61d-2c938b36eb0d,Chicken Reshmi Kebab,Chicken Reshmi Kebab,চিকেন রেশমি কাবাব,"Succulent chicken pieces marinated in a creamy blend of spices and grilled to perfection, offering a melt-in-your-mouth experience.","Succulent chicken pieces marinated in a creamy blend of spices and grilled to perfection, offering a melt-in-your-mouth experience.","ক্রিমি মসলার মিশ্রণে ম্যারিনেট করা রসালো চিকেন টুকরো, যা নিখুঁতভাবে গ্রিল করে পরিবেশন করা হয়, যা মুখে দিলেই গলে যায়।",80.00,,308,f,Kebab,Kebab,কাবাব,t,https://quickbytes.buzz/uploads/menu_placeholders/kebab.png,,"[""icon:kebab""]",1,2026-08-02 16:49:50.786634+00,2026-08-02 16:49:50.786621+00
cdebef97-79dd-4792-916c-911f22d03128,384b833e-d0f6-4e46-b61d-2c938b36eb0d,Extra Dressing,Extra Dressing,অতিরিক্ত ড্রেসিং,An extra serving of your favorite dressing.,An extra serving of your favorite dressing.,আপনার পছন্দের ড্রেসিংয়ের অতিরিক্ত পরিবেশন।,0.65,,341,f,Sides,Sides,সাইড ডিশ,t,https://quickbytes.buzz/uploads/menu_placeholders/beverages.png,,"[""icon:general""]",1,2026-08-02 16:50:44.683399+00,2026-08-02 16:50:44.683385+00
e39bc203-20a7-451b-9673-ae03c0f91cf5,384b833e-d0f6-4e46-b61d-2c938b36eb0d,BRO Chicken Nachos,BRO Chicken Nachos,ব্রো চিকেন নাচোস,"Loaded nachos with extra chicken, cheese, and jalapeños. Perfect for sharing with friends.","Loaded nachos with extra chicken, cheese, and jalapeños. Perfect for sharing with friends.","অতিরিক্ত চিকেন, পনির এবং জালাপেনো সহ লোডেড নাচোস। বন্ধুদের সাথে শেয়ার করার জন্য পারফেক্ট।",210.00,,110,f,Appetizer,Appetizer,অ্যাপেটাইজার,t,https://quickbytes.buzz/uploads/menu_placeholders/appetizer.png,,"[""icon:appetizer""]",1,2026-07-23 15:30:06.768913+00,2026-07-23 15:30:06.76888+00
0e384d3a-0aab-4f31-a806-d0780e77032f,384b833e-d0f6-4e46-b61d-2c938b36eb0d,Dairy Milk Shake,Dairy Milk Shake,ডেইরি মিল্ক শেক,A smooth and creamy shake made with Dairy Milk chocolate. Indulge in pure bliss.,A smooth and creamy shake made with Dairy Milk chocolate. Indulge in pure bliss.,ডেইরি মিল্ক চকলেট দিয়ে তৈরি একটি মসৃণ এবং ক্রিমি শেক। বিশুদ্ধ আনন্দে মগ্ন হন।,150.00,,117,f,Beverages,Beverages,বেভারেজ,t,https://quickbytes.buzz/uploads/menu_placeholders/beverages.png,,"[""icon:beverages""]",1,2026-07-23 15:30:10.606421+00,2026-07-23 15:30:10.606404+00
d2b13d0a-2bc6-45e3-b1a9-f88d62f9db68,384b833e-d0f6-4e46-b61d-2c938b36eb0d,Snickers Shake,Snickers Shake,স্নিকার্স শেক,"A thick shake blended with Snickers bar, caramel, and peanuts. A decadent dessert.","A thick shake blended with Snickers bar, caramel, and peanuts. A decadent dessert.","স্নিকার্স বার, ক্যারামেল এবং চিনাবাদাম দিয়ে মিশ্রিত একটি ঘন শেক। একটি ডেকাডেন্ট ডেজার্ট।",130.00,,119,f,Beverages,Beverages,বেভারেজ,t,https://quickbytes.buzz/uploads/menu_placeholders/beverages.png,,"[""icon:beverages""]",1,2026-07-23 15:30:16.392543+00,2026-07-23 15:30:16.392526+00
d6f3b1ea-dd5d-455c-9324-39d9d48ffe14,384b833e-d0f6-4e46-b61d-2c938b36eb0d,Chicken with Mushroom Pasta,Chicken with Mushroom Pasta,চিকেন উইথ মাশরুম পাস্তা,Pasta tossed with tender chicken and earthy mushrooms in a rich sauce. A hearty dish.,Pasta tossed with tender chicken and earthy mushrooms in a rich sauce. A hearty dish.,সমৃদ্ধ সসে টেন্ডার চিকেন এবং আর্থি মাশরুম দিয়ে টস করা পাস্তা। একটি হেভি ডিশ।,220.00,,112,f,Pasta,Pasta,পাস্তা,t,https://quickbytes.buzz/uploads/menu_placeholders/pasta.png,,"[""icon:pasta""]",1,2026-07-23 15:30:38.751224+00,2026-07-23 15:30:38.751207+00
4110fbf8-48d9-4ca1-af79-54d3cd33c42d,384b833e-d0f6-4e46-b61d-2c938b36eb0d,Chicken Strips,Chicken Strips,চিকেন স্ট্রিপস,Tender breaded chicken breast deep-fried and served with dipping sauce.,Tender breaded chicken breast deep-fried and served with dipping sauce.,কোমল ব্রেডেড চিকেন ব্রেস্ট ডিপ-ফ্রাই করা এবং ডিপিং সসের সাথে পরিবেশন করা হয়।,11.00,,352,f,Starters,Starters,স্টার্টার,t,https://quickbytes.buzz/uploads/menu_placeholders/chicken-2.png,,"[""icon:chicken""]",1,2026-08-02 16:51:08.119026+00,2026-08-02 16:51:08.119011+00
eb80e240-aaca-4395-be88-35efb42e072d,384b833e-d0f6-4e46-b61d-2c938b36eb0d,Homemade Potato Skins,Homemade Potato Skins,হোমমেড পটেটো স্কিন,Potato skins topped with bacon and cheddar cheese.,Potato skins topped with bacon and cheddar cheese.,আলুর খোসার উপর বেকন এবং চেডার পনির দিয়ে সাজানো।,10.00,,353,f,Starters,Starters,স্টার্টার,t,https://quickbytes.buzz/uploads/menu_placeholders/appetizer.png,,"[""icon:appetizer""]",1,2026-08-02 16:51:09.923065+00,2026-08-02 16:51:09.923049+00
cd48556c-3256-44b9-a938-a966cb32ba24,384b833e-d0f6-4e46-b61d-2c938b36eb0d,Nachos,Nachos,নাচোস,"Freshly-made tortilla chips topped with lettuce, tomatoes, black olives, banana peppers, onions, jalapeños, and cheese.","Freshly-made tortilla chips topped with lettuce, tomatoes, black olives, banana peppers, onions, jalapeños, and cheese.","তাজা টর্টিলা চিপসের উপর লেটুস, টমেটো, কালো জলপাই, কলা মরিচ, পেঁয়াজ, জালাপেনো এবং পনির দিয়ে সাজানো।",10.00,,351,f,Starters,Starters,স্টার্টার,t,https://quickbytes.buzz/uploads/menu_placeholders/appetizer.png,,"[""icon:appetizer"", ""addon:4:Ground Beef or Chicken"", ""addon:4:Extra Meat"", ""addon:2:Extra Cheese""]",1,2026-08-02 16:51:14.096229+00,2026-08-02 16:51:14.096215+00
102e8709-c1c3-45e4-8156-a8782acbeb4c,384b833e-d0f6-4e46-b61d-2c938b36eb0d,Spinach & Artichoke Dip,Spinach & Artichoke Dip,স্পিনাচ ও আর্টিচোক ডিপ,Homemade creamy dip served with warm pita bread or tortilla chips.,Homemade creamy dip served with warm pita bread or tortilla chips.,"ঘরে তৈরি ক্রিমি ডিপ, গরম পিটা রুটি বা টর্টিলা চিপসের সাথে পরিবেশন করা হয়।",9.00,,349,f,Starters,Starters,স্টার্টার,t,https://quickbytes.buzz/uploads/menu_placeholders/appetizer.png,,"[""icon:appetizer""]",1,2026-08-02 16:51:14.988961+00,2026-08-02 16:51:14.988947+00
2fc270bc-a6d3-495c-9494-a2016034b8ff,384b833e-d0f6-4e46-b61d-2c938b36eb0d,Veggie Tray,Veggie Tray,ভেজি ট্রে,"Fresh carrots, celery, cucumbers, and tomatoes served with ranch dressing.","Fresh carrots, celery, cucumbers, and tomatoes served with ranch dressing.","তাজা গাজর, সেলারি, শসা এবং টমেটো, রাঞ্চ ড্রেসিংয়ের সাথে পরিবেশন করা হয়।",8.00,,350,f,Starters,Starters,স্টার্টার,t,https://quickbytes.buzz/uploads/menu_placeholders/vegetable-1.png,,"[""icon:vegetable""]",1,2026-08-02 16:51:16.059034+00,2026-08-02 16:51:16.059014+00
bcbde4a7-aaca-4324-8c48-bd6e9904e78a,384b833e-d0f6-4e46-b61d-2c938b36eb0d,Wings & Rings,Wings & Rings,উইংস এন্ড রিংস,"A delightful combo of crispy chicken wings and onion rings, served with a tangy dip. Perfect for sharing.","A delightful combo of crispy chicken wings and onion rings, served with a tangy dip. Perfect for sharing.","ক্রিস্পি চিকেন উইংস এবং অনিয়ন রিংসের একটি চমৎকার কম্বো, টেঞ্জি ডিপ সহ পরিবেশন করা হয়। শেয়ার করার জন্য পারফেক্ট।",399.00,,102,f,Appetizer,Appetizer,অ্যাপেটাইজার,t,https://quickbytes.buzz/uploads/menu_placeholders/appetizer.png,,"[""icon:appetizer""]",1,2026-07-23 15:30:09.728754+00,2026-07-23 15:30:09.728735+00
215dae9a-22db-4b16-9732-1c6d9f2edf6b,384b833e-d0f6-4e46-b61d-2c938b36eb0d,Mr. Shake,Mr. Shake,মি. শেক,"A thick and creamy milkshake available in three flavors: Chocolate, Strawberry, and Vanilla. A delightful treat.","A thick and creamy milkshake available in three flavors: Chocolate, Strawberry, and Vanilla. A delightful treat.","তিনটি ফ্লেভারে পাওয়া যায়: চকলেট, স্ট্রবেরি এবং ভ্যানিলা। একটি আনন্দদায়ক ট্রিট।",180.00,,114,f,Beverages,Beverages,বেভারেজ,t,https://quickbytes.buzz/uploads/menu_placeholders/beverages.png,,"[""icon:beverages""]",1,2026-07-23 15:30:13.677582+00,2026-07-23 15:30:13.677565+00
0c501ce6-c52b-410c-bee9-55625dc1cab8,384b833e-d0f6-4e46-b61d-2c938b36eb0d,B.B.Q. Chicken Cheese,B.B.Q. Chicken Cheese,বি.বি.কিউ. চিকেন চিজ,"For those who can't do without the BBQ flavour. While the chicken patty is a mouthful, it's the BBQ sauce that sets the two apart.","For those who can't do without the BBQ flavour. While the chicken patty is a mouthful, it's the BBQ sauce that sets the two apart.","যারা বিবিকিউ স্বাদ ছাড়া করতে পারেন না তাদের জন্য। চিকেন প্যাটি মুখরোচক হলেও, বিবিকিউ সসই এটিকে আলাদা করে তোলে।",210.00,,96,f,Burger,Burger,বার্গার,t,https://quickbytes.buzz/uploads/menu_placeholders/chicken-4.png,,"[""icon:chicken""]",1,2026-07-23 15:30:18.388483+00,2026-07-23 15:30:18.388467+00
403847df-f731-4553-af8c-87762e3aec4e,384b833e-d0f6-4e46-b61d-2c938b36eb0d,Chicken Burger,Chicken Burger,চিকেন বার্গার,"A classic chicken burger with a juicy patty, fresh lettuce, and our signature sauce, served in a soft bun.","A classic chicken burger with a juicy patty, fresh lettuce, and our signature sauce, served in a soft bun.","একটি ক্লাসিক চিকেন বার্গার যাতে রয়েছে রসালো প্যাটি, তাজা লেটুস এবং আমাদের সিগনেচার সস, নরম বানের সাথে পরিবেশন করা হয়।",160.00,,94,f,Burger,Burger,বার্গার,t,https://quickbytes.buzz/uploads/menu_placeholders/chicken-1.png,,"[""icon:chicken""]",1,2026-07-23 15:30:22.272237+00,2026-07-23 15:30:22.272216+00
945f2302-f506-40ac-a17e-c356afe7b513,384b833e-d0f6-4e46-b61d-2c938b36eb0d,Mineral Water (500 ml),Mineral Water (500 ml),মিনারেল ওয়াটার (৫০০ মিলি),Pure and refreshing mineral water in a 500ml bottle. Stay hydrated.,Pure and refreshing mineral water in a 500ml bottle. Stay hydrated.,৫০০ মিলি বোতলে বিশুদ্ধ এবং রিফ্রেশিং মিনারেল ওয়াটার। হাইড্রেটেড থাকুন।,15.00,,121,f,Water,Water,পানি,t,https://quickbytes.buzz/uploads/menu_placeholders/water.png,,"[""icon:water""]",1,2026-07-23 15:30:46.854098+00,2026-07-23 15:30:46.85408+00
53867b24-c088-4d1d-a885-8db816bb08df,384b833e-d0f6-4e46-b61d-2c938b36eb0d,Basket of Fries,Basket of Fries,বাস্কেট অফ ফ্রাই,Crispy golden french fries served in a basket.,Crispy golden french fries served in a basket.,"ক্রিস্পি সোনালি ফ্রেঞ্চ ফ্রাই, ঝুড়িতে পরিবেশন করা হয়।",5.00,,358,f,Starters,Starters,স্টার্টার,t,https://quickbytes.buzz/uploads/menu_placeholders/appetizer.png,,"[""icon:appetizer""]",1,2026-08-02 16:51:03.137324+00,2026-08-02 16:51:03.137309+00
6da19b00-462e-4466-9b1e-bf013c20bd92,384b833e-d0f6-4e46-b61d-2c938b36eb0d,Basket of Onion Rings,Basket of Onion Rings,বাস্কেট অফ অনিয়ন রিংস,Crispy golden onion rings served in a basket.,Crispy golden onion rings served in a basket.,"ক্রিস্পি সোনালি পেঁয়াজের রিং, ঝুড়িতে পরিবেশন করা হয়।",6.00,,354,f,Starters,Starters,স্টার্টার,t,https://quickbytes.buzz/uploads/menu_placeholders/appetizer.png,,"[""icon:appetizer""]",1,2026-08-02 16:51:04.139821+00,2026-08-02 16:51:04.139806+00
f134e3a1-e283-45fa-b27a-6d33fe12bdda,384b833e-d0f6-4e46-b61d-2c938b36eb0d,Jalapeño Poppers w/Cream Cheese,Jalapeño Poppers w/Cream Cheese,জালাপেনো পপার উইথ ক্রিম চিজ,"Breaded jalapeño peppers stuffed with cream cheese, fried until golden.","Breaded jalapeño peppers stuffed with cream cheese, fried until golden.","ক্রিম চিজে ভরা ব্রেডেড জালাপেনো মরিচ, সোনালি হওয়া পর্যন্ত ভাজা।",9.00,,355,f,Starters,Starters,স্টার্টার,t,https://quickbytes.buzz/uploads/menu_placeholders/appetizer.png,,"[""icon:appetizer""]",1,2026-08-02 16:51:10.947586+00,2026-08-02 16:51:10.947569+00
b487b4c8-13e9-444d-a605-d0fced26e9d8,384b833e-d0f6-4e46-b61d-2c938b36eb0d,Loaded Fries,Loaded Fries,লোডেড ফ্রাই,"Fries loaded with cheese, chili, and sour cream.","Fries loaded with cheese, chili, and sour cream.","পনির, চিলি এবং টক ক্রিম দিয়ে ভর্তি ফ্রাই।",9.00,,359,f,Starters,Starters,স্টার্টার,t,https://quickbytes.buzz/uploads/menu_placeholders/appetizer.png,,"[""icon:appetizer""]",1,2026-08-02 16:51:12.028618+00,2026-08-02 16:51:12.028602+00
2cfdf559-3b51-4f6b-b4d8-4b5b7a148766,384b833e-d0f6-4e46-b61d-2c938b36eb0d,Mozzarella Sticks,Mozzarella Sticks,মোজারেলা স্টিকস,Golden-fried mozzarella sticks served with marinara sauce.,Golden-fried mozzarella sticks served with marinara sauce.,"সোনালি ভাজা মোজারেলা স্টিক, মেরিনারা সসের সাথে পরিবেশন করা হয়।",9.00,,357,f,Starters,Starters,স্টার্টার,t,https://quickbytes.buzz/uploads/menu_placeholders/appetizer.png,,"[""icon:appetizer""]",1,2026-08-02 16:51:13.0185+00,2026-08-02 16:51:13.018486+00
a569b604-4f2d-480e-803a-8c0b58052a95,384b833e-d0f6-4e46-b61d-2c938b36eb0d,Caesar Salad without Chicken,Caesar Salad without Chicken,চিকেন ছাড়া সিজার সালাদ,Crisp lettuce and croutons tossed in creamy Caesar dressing.,Crisp lettuce and croutons tossed in creamy Caesar dressing.,"ক্রিস্পি লেটুস এবং ক্রাউটন, ক্রিমি সিজার ড্রেসিংয়ে মেশানো।",8.00,,369,f,Salads,Salads,সালাদ,t,https://quickbytes.buzz/uploads/menu_placeholders/vegetable-1.png,,"[""icon:vegetable""]",1,2026-08-02 16:50:06.687403+00,2026-08-02 16:50:06.687389+00
4e075dd1-559b-44e3-adc1-55147bd662b2,384b833e-d0f6-4e46-b61d-2c938b36eb0d,Chicken Caesar Salad,Chicken Caesar Salad,চিকেন সিজার সালাদ,"Crisp lettuce and croutons tossed in creamy Caesar dressing, topped with grilled chicken.","Crisp lettuce and croutons tossed in creamy Caesar dressing, topped with grilled chicken.","ক্রিস্পি লেটুস এবং ক্রাউটন, ক্রিমি সিজার ড্রেসিংয়ে মেশানো, গ্রিলড চিকেন দিয়ে সাজানো।",15.00,,368,f,Salads,Salads,সালাদ,t,https://quickbytes.buzz/uploads/menu_placeholders/chicken-4.png,,"[""icon:chicken""]",1,2026-08-02 16:50:09.866329+00,2026-08-02 16:50:09.866315+00
498f9980-2408-4c4b-94a6-e1930d6b68a7,384b833e-d0f6-4e46-b61d-2c938b36eb0d,Greek Salad,Greek Salad,গ্রিক সালাদ,"Fresh lettuce, tomatoes, cucumbers, beets, yellow peppers, onions, Greek olives, and feta cheese.","Fresh lettuce, tomatoes, cucumbers, beets, yellow peppers, onions, Greek olives, and feta cheese.","তাজা লেটুস, টমেটো, শসা, বিট, হলুদ মরিচ, পেঁয়াজ, গ্রিক জলপাই এবং ফেটা পনির।",11.00,,370,f,Salads,Salads,সালাদ,t,https://quickbytes.buzz/uploads/menu_placeholders/vegetable-1.png,,"[""icon:vegetable"", ""addon:4:Add Chicken""]",1,2026-08-02 16:50:14.257628+00,2026-08-02 16:50:14.257615+00
9d62cb99-664d-461b-8c2a-349f9378701f,384b833e-d0f6-4e46-b61d-2c938b36eb0d,Clam Chowder,Clam Chowder,ক্ল্যাম চাউডার,"Creamy New England-style clam chowder, available on Fridays.","Creamy New England-style clam chowder, available on Fridays.","ক্রিমি নিউ ইংল্যান্ড স্টাইলের ক্ল্যাম চাউডার, শুক্রবারে পাওয়া যায়।",4.50,,364,f,Soups,Soups,স্যুপ,t,https://quickbytes.buzz/uploads/menu_placeholders/soup.png,,"[""icon:soup"", ""option:Cup:0"", ""option:Bowl:1""]",1,2026-08-02 16:50:53.98712+00,2026-08-02 16:50:53.987104+00
ea9d9232-198f-4b82-b093-69fb920b10d7,384b833e-d0f6-4e46-b61d-2c938b36eb0d,Coney Chili,Coney Chili,কনি চিলি,"Hearty beef chili with a classic Coney-style flavor, available every day.","Hearty beef chili with a classic Coney-style flavor, available every day.","ক্লাসিক কনি-স্টাইলের স্বাদে হৃদয়গ্রাহী বিফ চিলি, প্রতিদিন পাওয়া যায়।",4.28,,365,f,Soups,Soups,স্যুপ,t,https://quickbytes.buzz/uploads/menu_placeholders/soup.png,,"[""icon:soup"", ""option:Cup:0"", ""option:Bowl:0.92""]",1,2026-08-02 16:50:55.100413+00,2026-08-02 16:50:55.100398+00
264bf3f9-b890-4ab5-a590-cff8b8c612e1,384b833e-d0f6-4e46-b61d-2c938b36eb0d,Breaded Mushrooms,Breaded Mushrooms,ব্রেডেড মাশরুম,"Mushrooms breaded and fried until crispy, served with dipping sauce.","Mushrooms breaded and fried until crispy, served with dipping sauce.","ব্রেডেড এবং ক্রিস্পি হওয়া পর্যন্ত ভাজা মাশরুম, ডিপিং সসের সাথে পরিবেশন করা হয়।",9.00,,361,f,Starters,Starters,স্টার্টার,t,https://quickbytes.buzz/uploads/menu_placeholders/appetizer.png,,"[""icon:appetizer""]",1,2026-08-02 16:51:05.201364+00,2026-08-02 16:51:05.201349+00
120627db-3839-4c52-bd20-0b93f15b1dcf,384b833e-d0f6-4e46-b61d-2c938b36eb0d,Cheese Quesadilla,Cheese Quesadilla,চিজ কেসাদিয়া,"Flour tortilla filled with melted cheese, grilled until golden.","Flour tortilla filled with melted cheese, grilled until golden.","গলানো পনিরে ভরা ময়দার টর্টিলা, সোনালি হওয়া পর্যন্ত গ্রিল করা।",9.00,,362,f,Starters,Starters,স্টার্টার,t,https://quickbytes.buzz/uploads/menu_placeholders/appetizer.png,,"[""icon:appetizer""]",1,2026-08-02 16:51:06.082559+00,2026-08-02 16:51:06.082545+00
8dd9cd26-7914-4dcb-a333-4eeb696d743d,384b833e-d0f6-4e46-b61d-2c938b36eb0d,Chicken Quesadilla,Chicken Quesadilla,চিকেন কেসাদিয়া,"Flour tortilla filled with chicken, cheese, sautéed peppers, and onions.","Flour tortilla filled with chicken, cheese, sautéed peppers, and onions.","ময়দার টর্টিলায় চিকেন, পনির, সautéed মরিচ এবং পেঁয়াজ ভরা।",13.00,,363,f,Starters,Starters,স্টার্টার,t,https://quickbytes.buzz/uploads/menu_placeholders/chicken-4.png,,"[""icon:chicken""]",1,2026-08-02 16:51:06.998333+00,2026-08-02 16:51:06.99831+00
730f9c57-af9b-4658-84a9-b018787123e4,384b833e-d0f6-4e46-b61d-2c938b36eb0d,Chips & Salsa,Chips & Salsa,চিপস ও সালসা,Tortilla chips served with fresh salsa.,Tortilla chips served with fresh salsa.,"টর্টিলা চিপস, তাজা সালসার সাথে পরিবেশন করা হয়।",6.00,,360,f,Starters,Starters,স্টার্টার,t,https://quickbytes.buzz/uploads/menu_placeholders/appetizer.png,,"[""icon:appetizer""]",1,2026-08-02 16:51:09.04808+00,2026-08-02 16:51:09.048065+00
749f2def-b47a-4713-9de2-69a79a6fa521,384b833e-d0f6-4e46-b61d-2c938b36eb0d,Original Crispy BBQ Bacon Stacker® Burger Box,Original Crispy BBQ Bacon Stacker® Burger Box,অরিজিনাল ক্রিস্পি বিবিকিউ বেকন স্ট্যাকার® বার্গার বক্স,"A towering burger stacked with crispy chicken, BBQ sauce, bacon, and cheese, served in a box with fries and a drink. A feast for the senses.","A towering burger stacked with crispy chicken, BBQ sauce, bacon, and cheese, served in a box with fries and a drink. A feast for the senses.","ক্রিস্পি চিকেন, বিবিকিউ সস, বেকন এবং চিজ দিয়ে স্ট্যাক করা একটি লম্বা বার্গার, ফ্রাই এবং একটি ড্রিংক সহ একটি বক্সে পরিবেশন করা হয়। ইন্দ্রিয়ের জন্য একটি ভোজ।",22.95,,253,f,Box Meals,Box Meals,বক্স মিল,t,https://quickbytes.buzz/uploads/menu_placeholders/burger.png,,"[""icon:burger""]",1,2026-07-31 15:10:38.984818+00,2026-07-31 15:10:38.9848+00
2daac109-194f-4bdc-8a07-f311fd3fe992,384b833e-d0f6-4e46-b61d-2c938b36eb0d,Zinger Bánh Mì Box,Zinger Bánh Mì Box,জিঙ্গার বানহ মি বক্স,"A delicious fusion of crispy Zinger chicken and Vietnamese-style Bánh Mì flavors, packed in a hearty box meal. Perfect for a satisfying lunch or dinner.","A delicious fusion of crispy Zinger chicken and Vietnamese-style Bánh Mì flavors, packed in a hearty box meal. Perfect for a satisfying lunch or dinner.","ক্রিস্পি জিঙ্গার চিকেন এবং ভিয়েতনামী-স্টাইলের বানহ মি ফ্লেভারের একটি সুস্বাদু সংমিশ্রণ, একটি হৃদয়গ্রাহী বক্স মিলে প্যাক করা। একটি সন্তোষজনক লাঞ্চ বা ডিনারের জন্য উপযুক্ত।",21.95,,248,f,Box Meals,Box Meals,বক্স মিল,t,https://quickbytes.buzz/uploads/menu_placeholders/chicken-1.png,,"[""icon:chicken""]",1,2026-07-31 15:11:52.615664+00,2026-07-31 15:11:52.615645+00
3d8f20ed-3c47-4039-a9d1-e4073d921d40,384b833e-d0f6-4e46-b61d-2c938b36eb0d,Hot & Blue Burger,Hot & Blue Burger,হট অ্যান্ড ব্লু বার্গার,"1/2 lb burger topped with green olives, jalapeños, sautéed onions, bleu cheese, and Grey Poupon mustard.","1/2 lb burger topped with green olives, jalapeños, sautéed onions, bleu cheese, and Grey Poupon mustard.","১/২ পাউন্ড বার্গার, সবুজ জলপাই, জালাপেনো, সautéed পেঁয়াজ, ব্লু চিজ এবং গ্রে পুপন সরিষা দিয়ে সাজানো।",13.00,,379,f,Burgers,Burgers,বার্গার,t,https://quickbytes.buzz/uploads/menu_placeholders/burger.png,,"[""icon:burger""]",1,2026-08-02 16:49:28.069417+00,2026-08-02 16:49:28.069403+00
8b978bd9-62b0-47cc-a7dc-1781db3c588c,384b833e-d0f6-4e46-b61d-2c938b36eb0d,Jalapeño Burger,Jalapeño Burger,জালাপেনো বার্গার,"1/2 lb burger with sautéed onions, jalapeños, ketchup, and mayo.","1/2 lb burger with sautéed onions, jalapeños, ketchup, and mayo.","১/২ পাউন্ড বার্গার, সautéed পেঁয়াজ, জালাপেনো, কেচাপ এবং মেয়োনিজ সহ।",13.00,,380,f,Burgers,Burgers,বার্গার,t,https://quickbytes.buzz/uploads/menu_placeholders/burger.png,,"[""icon:burger""]",1,2026-08-02 16:49:30.050753+00,2026-08-02 16:49:30.050738+00
c9371cc1-f093-4ea9-88e4-c8c90f970cce,384b833e-d0f6-4e46-b61d-2c938b36eb0d,Patty Melt,Patty Melt,প্যাটি মেল্ট,1/2 lb burger patty with sautéed onions and Swiss cheese on grilled rye bread.,1/2 lb burger patty with sautéed onions and Swiss cheese on grilled rye bread.,"১/২ পাউন্ড বার্গার প্যাটি, সautéed পেঁয়াজ এবং সুইস পনির সহ গ্রিল করা রাই রুটির উপর।",13.00,,381,f,Burgers,Burgers,বার্গার,t,https://quickbytes.buzz/uploads/menu_placeholders/burger.png,,"[""icon:burger""]",1,2026-08-02 16:49:31.741812+00,2026-08-02 16:49:31.741783+00
435e933f-b640-4d59-adc8-ab04bc817f84,384b833e-d0f6-4e46-b61d-2c938b36eb0d,The Hideout Burger,The Hideout Burger,দ্য হাইডআউট বার্গার,"1/2 lb burger with lettuce, tomato, onion, pickle, ketchup, mustard, and mayo.","1/2 lb burger with lettuce, tomato, onion, pickle, ketchup, mustard, and mayo.","১/২ পাউন্ড বার্গার, লেটুস, টমেটো, পেঁয়াজ, আচার, কেচাপ, সরিষা এবং মেয়োনিজ সহ।",13.00,,378,f,Burgers,Burgers,বার্গার,t,https://quickbytes.buzz/uploads/menu_placeholders/burger.png,,"[""icon:burger""]",1,2026-08-02 16:49:33.532936+00,2026-08-02 16:49:33.532921+00
0884b661-f43b-4882-880e-6882f8ca0e99,384b833e-d0f6-4e46-b61d-2c938b36eb0d,Code Salad,Code Salad,কোড সালাদ,"Marinated chicken breast with chopped bacon, bleu cheese, green pepper, and hard-boiled egg on lettuce.","Marinated chicken breast with chopped bacon, bleu cheese, green pepper, and hard-boiled egg on lettuce.","ম্যারিনেট করা চিকেন ব্রেস্ট, কাটা বেকন, ব্লু চিজ, সবুজ মরিচ এবং সিদ্ধ ডিম, লেটুসের উপর।",15.00,,375,f,Salads,Salads,সালাদ,t,https://quickbytes.buzz/uploads/menu_placeholders/fried-chicken.png,,"[""icon:chicken""]",1,2026-08-02 16:50:11.288169+00,2026-08-02 16:50:11.288155+00
56539147-9ec9-4e2d-bbab-dd85be490833,384b833e-d0f6-4e46-b61d-2c938b36eb0d,Fried Chicken Salad,Fried Chicken Salad,ফ্রাইড চিকেন সালাদ,"Breaded chicken tenders, lettuce, cheese, tomatoes, cucumbers, croutons, and hard-boiled egg.","Breaded chicken tenders, lettuce, cheese, tomatoes, cucumbers, croutons, and hard-boiled egg.","ব্রেডেড চিকেন টেন্ডার, লেটুস, পনির, টমেটো, শসা, ক্রাউটন এবং সিদ্ধ ডিম।",15.00,,373,f,Salads,Salads,সালাদ,t,https://quickbytes.buzz/uploads/menu_placeholders/chicken-4.png,,"[""icon:chicken""]",1,2026-08-02 16:50:12.967553+00,2026-08-02 16:50:12.967539+00
02e37412-ee12-4d59-bd5c-aefd9165fd34,384b833e-d0f6-4e46-b61d-2c938b36eb0d,Grilled Chicken Salad,Grilled Chicken Salad,গ্রিলড চিকেন সালাদ,"Marinated grilled chicken with lettuce, cheese, tomatoes, cucumbers, croutons, and hard-boiled egg.","Marinated grilled chicken with lettuce, cheese, tomatoes, cucumbers, croutons, and hard-boiled egg.","ম্যারিনেট করা গ্রিলড চিকেন, লেটুস, পনির, টমেটো, শসা, ক্রাউটন এবং সিদ্ধ ডিম সহ।",15.00,,374,f,Salads,Salads,সালাদ,t,https://quickbytes.buzz/uploads/menu_placeholders/chicken_fry.png,,"[""icon:chicken""]",1,2026-08-02 16:50:15.607853+00,2026-08-02 16:50:15.607838+00
ef628fb2-6b5c-4c75-8450-7c5a1c5e6bee,384b833e-d0f6-4e46-b61d-2c938b36eb0d,Side Salad,Side Salad,সাইড সালাদ,"A small fresh salad with lettuce, tomatoes, and cucumbers.","A small fresh salad with lettuce, tomatoes, and cucumbers.","লেটুস, টমেটো এবং শসা সহ একটি ছোট তাজা সালাদ।",5.00,,377,f,Salads,Salads,সালাদ,t,https://quickbytes.buzz/uploads/menu_placeholders/vegetable-1.png,,"[""icon:vegetable""]",1,2026-08-02 16:50:16.959547+00,2026-08-02 16:50:16.95953+00
51da28ce-fedc-4d3d-9df2-8332957b7441,384b833e-d0f6-4e46-b61d-2c938b36eb0d,Signature Salad,Signature Salad,সিগনেচার সালাদ,"Marinated chicken breast, bacon, bleu cheese, onions, tomatoes, and croutons on lettuce.","Marinated chicken breast, bacon, bleu cheese, onions, tomatoes, and croutons on lettuce.","ম্যারিনেট করা চিকেন ব্রেস্ট, বেকন, ব্লু চিজ, পেঁয়াজ, টমেটো এবং ক্রাউটন, লেটুসের উপর।",15.00,,372,f,Salads,Salads,সালাদ,t,https://quickbytes.buzz/uploads/menu_placeholders/chicken-2.png,,"[""icon:chicken""]",1,2026-08-02 16:50:18.260591+00,2026-08-02 16:50:18.260573+00
0df63187-2b80-42a7-b34e-dcbd56ad1912,384b833e-d0f6-4e46-b61d-2c938b36eb0d,Tossed Salad,Tossed Salad,টসড সালাদ,"Lettuce, tomatoes, cucumber, onion, and croutons.","Lettuce, tomatoes, cucumber, onion, and croutons.","লেটুস, টমেটো, শসা, পেঁয়াজ এবং ক্রাউটন।",7.00,,376,f,Salads,Salads,সালাদ,t,https://quickbytes.buzz/uploads/menu_placeholders/vegetable-1.png,,"[""icon:vegetable""]",1,2026-08-02 16:50:19.64633+00,2026-08-02 16:50:19.646316+00
b0f63047-a3c2-4821-af70-6171b1ea7ff7,384b833e-d0f6-4e46-b61d-2c938b36eb0d,Chicken Tangri,Chicken Tangri,চিকেন টাংরি,"Tender chicken drumsticks marinated in aromatic spices and roasted until juicy, a classic favorite.","Tender chicken drumsticks marinated in aromatic spices and roasted until juicy, a classic favorite.","সুগন্ধি মসলায় ম্যারিনেট করা কোমল চিকেন ড্রামস্টিক, যা রসালো না হওয়া পর্যন্ত রোস্ট করা হয়, একটি ক্লাসিক প্রিয়।",80.00,,309,f,Kebab,Kebab,কাবাব,t,https://quickbytes.buzz/uploads/menu_placeholders/kebab.png,,"[""icon:kebab""]",1,2026-08-02 16:49:53.667381+00,2026-08-02 16:49:53.667367+00
54b0d272-16e0-4190-886e-bf0e024c0eba,384b833e-d0f6-4e46-b61d-2c938b36eb0d,Fish Barbecue,Fish Barbecue,ফিশ বারবিকিউ,"Fresh fish fillets marinated in spices and grilled over open flame, offering a smoky and succulent seafood delight.","Fresh fish fillets marinated in spices and grilled over open flame, offering a smoky and succulent seafood delight.","মসলায় ম্যারিনেট করা তাজা মাছের ফিলেট, যা খোলা আগুনে গ্রিল করে ধোঁয়াটে ও রসালো সীফুডের স্বাদে পরিবেশন করা হয়।",120.00,,315,f,Kebab,Kebab,কাবাব,t,https://quickbytes.buzz/uploads/menu_placeholders/fish-4.png,,"[""icon:fish""]",1,2026-08-02 16:49:55.244067+00,2026-08-02 16:49:55.244054+00
a83f4652-168c-48f8-a2e6-971194a19347,384b833e-d0f6-4e46-b61d-2c938b36eb0d,Kebab Mixed Rice Bowl,Kebab Mixed Rice Bowl,কাবাব মিশ্র রাইস বোল,"A delightful rice bowl topped with assorted kebabs: 3 pieces of reshmi kebab, 3 pieces of boti kebab, and 1 tangri kebab. A royal feast.","A delightful rice bowl topped with assorted kebabs: 3 pieces of reshmi kebab, 3 pieces of boti kebab, and 1 tangri kebab. A royal feast.","বিভিন্ন কাবাব দিয়ে সাজানো একটি চমৎকার রাইস বোল: ৩ পিস রেশমি কাবাব, ৩ পিস বটি কাবাব এবং ১টি টাংরি কাবাব। একটি রাজকীয় ভোজ।",250.00,,304,f,Rice Platter,Rice Platter,রাইস প্ল্যাটার,t,https://quickbytes.buzz/uploads/menu_placeholders/biryani-3.png,,"[""icon:biryani"", ""inc:Reshmi Kebab (3 pcs)"", ""inc:Boti Kebab (3 pcs)"", ""inc:Tangri Kebab (1 pc)""]",1,2026-08-02 16:50:02.258773+00,2026-08-02 16:50:02.258758+00
293abf20-6a9c-4dc9-9ccc-311f85269eff,384b833e-d0f6-4e46-b61d-2c938b36eb0d,Chef Salad,Chef Salad,শেফ সালাদ,"Turkey, ham, Swiss cheese, and hard-boiled egg on a bed of lettuce.","Turkey, ham, Swiss cheese, and hard-boiled egg on a bed of lettuce.","টার্কি, হ্যাম, সুইস পনির এবং সিদ্ধ ডিম, লেটুসের বিছানার উপর।",15.00,,371,f,Salads,Salads,সালাদ,t,https://quickbytes.buzz/uploads/menu_placeholders/vegetable-1.png,,"[""icon:vegetable""]",1,2026-08-02 16:50:08.2714+00,2026-08-02 16:50:08.271384+00
f3a399ee-9c8f-4325-a2d8-4c7fa186aec3,384b833e-d0f6-4e46-b61d-2c938b36eb0d,Turkey Reuben,Turkey Reuben,টার্কি রুবেন,"Turkey with Swiss cheese, coleslaw, and Thousand Island dressing on rye bread.","Turkey with Swiss cheese, coleslaw, and Thousand Island dressing on rye bread.","টার্কি, সুইস চিজ, কোলসলা এবং থাউজেন্ড আইল্যান্ড ড্রেসিং সহ রাই রুটিতে।",13.00,,322,f,Sandwiches,Sandwiches,স্যান্ডউইচ,t,https://quickbytes.buzz/uploads/menu_placeholders/sandwitch.png,,"[""icon:sandwich""]",1,2026-08-02 16:50:35.820368+00,2026-08-02 16:50:35.820354+00
78c7c4a6-ef06-4cfa-8132-402462962f6f,384b833e-d0f6-4e46-b61d-2c938b36eb0d,Banana Mash,Banana Mash,কলা ভর্তা,"Mashed raw banana with mustard oil and spices, a unique and tasty side.","Mashed raw banana with mustard oil and spices, a unique and tasty side.","কাঁচা কলা সরিষার তেল ও মশলা দিয়ে মাখানো, একটি অনন্য ও সুস্বাদু সাইড।",30.00,,163,f,Appetizer,Appetizer,ক্ষুধাবর্ধক,t,https://quickbytes.buzz/uploads/menu_placeholders/appetizer.png,,"[""icon:appetizer""]",1,2026-07-28 13:13:16.782202+00,2026-07-28 13:13:16.782187+00
9f547b34-e44d-4c77-884b-ef6153dc733d,384b833e-d0f6-4e46-b61d-2c938b36eb0d,Soup of the Day,Soup of the Day,আজকের স্যুপ,Ask your server about our daily soup selection.,Ask your server about our daily soup selection.,আমাদের দৈনিক স্যুপ নির্বাচন সম্পর্কে আপনার সার্ভারকে জিজ্ঞাসা করুন।,3.00,,383,f,Soups,Soups,স্যুপ,t,https://quickbytes.buzz/uploads/menu_placeholders/soup.png,,"[""icon:soup"", ""option:Cup:0"", ""option:Bowl:1""]",1,2026-08-02 16:50:58.357426+00,2026-08-02 16:50:58.357413+00
a598933a-01bb-4555-b442-28645d2de182,384b833e-d0f6-4e46-b61d-2c938b36eb0d,8 Wing Dings,8 Wing Dings,৮ উইং ডিংস,"Eight crispy chicken wings tossed in your choice of mild, hot, or BBQ sauce.","Eight crispy chicken wings tossed in your choice of mild, hot, or BBQ sauce.","আটটি ক্রিস্পি চিকেন উইং, আপনার পছন্দের মাইল্ড, হট বা বিবিকিউ সসে মেশানো।",14.00,,356,f,Starters,Starters,স্টার্টার,t,https://quickbytes.buzz/uploads/menu_placeholders/chicken-1.png,,"[""icon:chicken""]",1,2026-08-02 16:51:00.649275+00,2026-08-02 16:51:00.649256+00
d99c49f9-b5ae-4ad3-8f1e-de27f79ef90f,384b833e-d0f6-4e46-b61d-2c938b36eb0d,Duel Platter,Duel Platter,ড্যুয়েল প্ল্যাটার,"A hearty platter with 3 pieces of reshmi chicken, 3 pieces of chicken boti, 2 chicken tangri, 4 naan, and 2 mixed chips. Great for two.","A hearty platter with 3 pieces of reshmi chicken, 3 pieces of chicken boti, 2 chicken tangri, 4 naan, and 2 mixed chips. Great for two.","একটি পুষ্টিকর প্ল্যাটার যাতে রয়েছে ৩ পিস রেশমি চিকেন, ৩ পিস চিকেন বটি, ২টি চিকেন টাংরি, ৪টি নান এবং ২টি মিক্স চিপস। দুইজনের জন্য দারুণ।",430.00,,306,f,Kebab Platter,Kebab Platter,কাবাব প্ল্যাটার,t,https://quickbytes.buzz/uploads/menu_placeholders/grill.png,,"[""icon:grill"", ""inc:Reshmi Chicken (3 pcs)"", ""inc:Chicken Boti (3 pcs)"", ""inc:Chicken Tangri (2 pcs)"", ""inc:Naan (4 pcs)"", ""inc:Mixed Chips (2 pcs)""]",2,2026-08-02 16:49:58.019283+00,2026-08-02 16:49:58.019264+00
892c7d9c-34b3-4be5-819b-b02e3927c005,384b833e-d0f6-4e46-b61d-2c938b36eb0d,Masala Rice Bowl,Masala Rice Bowl,মাসালা রাইস বোল,"Spiced rice bowl with a blend of aromatic masalas, available in half or full portions. A hearty and flavorful choice.","Spiced rice bowl with a blend of aromatic masalas, available in half or full portions. A hearty and flavorful choice.","মসলাদার চালের বোল, সুগন্ধি মসলার মিশ্রণে তৈরি, অর্ধেক বা পূর্ণ পরিবেশনে। একটি পুষ্টিকর ও সুস্বাদু পছন্দ।",120.00,,303,f,Rice Platter,Rice Platter,রাইস প্ল্যাটার,t,https://quickbytes.buzz/uploads/menu_placeholders/biryani-2.png,,"[""icon:biryani""]",1,2026-08-02 16:50:03.923677+00,2026-08-02 16:50:03.923662+00
1d17f1fc-980c-45b9-ad1d-a1ae8e9202f2,384b833e-d0f6-4e46-b61d-2c938b36eb0d,Tandoori Rice Bowl,Tandoori Rice Bowl,তান্দুরী রাইস বোল,"Aromatic basmati rice tossed with tandoori spices, served with your choice of half or full portion. A flavorful and satisfying rice bowl.","Aromatic basmati rice tossed with tandoori spices, served with your choice of half or full portion. A flavorful and satisfying rice bowl.","সুগন্ধি বাসমতি চাল তন্দুরি মসলায় ভাজা, অর্ধেক বা পূর্ণ পরিবেশনের অপশন সহ। একটি সুস্বাদু ও তৃপ্তিদায়ক রাইস বোল।",120.00,,302,f,Rice Platter,Rice Platter,রাইস প্ল্যাটার,t,https://quickbytes.buzz/uploads/menu_placeholders/biryani-1.png,,"[""icon:biryani""]",1,2026-08-02 16:50:05.4419+00,2026-08-02 16:50:05.441884+00
767af07b-aa36-492b-b113-7289e55560f0,384b833e-d0f6-4e46-b61d-2c938b36eb0d,Big BLT,Big BLT,বিগ বিএলটি,"Crispy bacon, fresh lettuce, juicy tomatoes, American cheese, and creamy mayo on toasted bread.","Crispy bacon, fresh lettuce, juicy tomatoes, American cheese, and creamy mayo on toasted bread.","খাস্তা বেকন, তাজা লেটুস, রসালো টমেটো, আমেরিকান চিজ এবং ক্রিমি মেয়োনিজ টোস্ট করা রুটিতে।",9.00,,316,f,Sandwiches,Sandwiches,স্যান্ডউইচ,t,https://quickbytes.buzz/uploads/menu_placeholders/sandwitch.png,,"[""icon:sandwich""]",1,2026-08-02 16:50:20.928004+00,2026-08-02 16:50:20.927967+00
a0a00364-aaff-40e8-ba41-a27e0f211345,384b833e-d0f6-4e46-b61d-2c938b36eb0d,Corned Beef,Corned Beef,কর্নড বিফ,"Tender, lean corned beef served on grilled rye bread.","Tender, lean corned beef served on grilled rye bread.","কোমল, লিন কর্নড বিফ গ্রিল করা রাই রুটিতে পরিবেশন করা হয়।",12.00,,347,f,Sandwiches,Sandwiches,স্যান্ডউইচ,t,https://quickbytes.buzz/uploads/menu_placeholders/beef-4.png,,"[""icon:beef""]",1,2026-08-02 16:50:22.505526+00,2026-08-02 16:50:22.505497+00
d06a6ca9-98de-4e8e-ae5f-8047ed38277e,384b833e-d0f6-4e46-b61d-2c938b36eb0d,Grilled Chicken Sandwich & Fries,Grilled Chicken Sandwich & Fries,গ্রিলড চিকেন স্যান্ডউইচ ও ফ্রাই,"Marinated chicken breast grilled and served on a bun with lettuce, tomato, and pickle, accompanied by fries.","Marinated chicken breast grilled and served on a bun with lettuce, tomato, and pickle, accompanied by fries.","ম্যারিনেট করা চিকেন ব্রেস্ট গ্রিল করে বানের মধ্যে লেটুস, টমেটো এবং আচার দিয়ে পরিবেশন করা হয়, সাথে ফ্রাই।",9.00,,367,f,Sandwiches,Sandwiches,স্যান্ডউইচ,t,https://quickbytes.buzz/uploads/menu_placeholders/sandwitch.png,,"[""icon:sandwich"", ""inc:Fries""]",1,2026-08-02 16:50:28.197305+00,2026-08-02 16:50:28.197291+00
41869de1-1d94-4a1b-bfb6-41837e5499b1,384b833e-d0f6-4e46-b61d-2c938b36eb0d,Chicken Breast,Chicken Breast,চিকেন ব্রেস্ট,"Grilled chicken breast, juicy and flavorful.","Grilled chicken breast, juicy and flavorful.","গ্রিল করা চিকেন ব্রেস্ট, রসালো এবং সুস্বাদু।",5.00,,335,f,Sides,Sides,সাইড ডিশ,t,https://quickbytes.buzz/uploads/menu_placeholders/fried-chicken.png,,"[""icon:chicken""]",1,2026-08-02 16:50:38.407117+00,2026-08-02 16:50:38.407103+00
24b57f78-334a-4e85-8c08-3d28c76e4afd,384b833e-d0f6-4e46-b61d-2c938b36eb0d,Friday Clam Chowder,Friday Clam Chowder,শুক্রবার ক্ল্যাম চাউডার,"Creamy clam chowder, available on Fridays.","Creamy clam chowder, available on Fridays.","ক্রিমি ক্ল্যাম চাউডার, শুক্রবারে পাওয়া যায়।",4.50,,384,f,Soups,Soups,স্যুপ,t,https://quickbytes.buzz/uploads/menu_placeholders/soup.png,,"[""icon:soup"", ""option:Cup:0"", ""option:Bowl:1""]",1,2026-08-02 16:50:57.278054+00,2026-08-02 16:50:57.27804+00
ab89fda5-2e6f-4245-bf83-64b796bcd156,384b833e-d0f6-4e46-b61d-2c938b36eb0d,Beef,Beef,গরুর মাংস,"Tender beef cooked in rich traditional spices, full of flavor. Served with salad.","Tender beef cooked in rich traditional spices, full of flavor. Served with salad.","ঐতিহ্যবাহী মশলায় রান্না করা নরম গরুর মাংস, স্বাদে ভরপুর। সালাদ সহ পরিবেশন করা হয়।",150.00,,185,f,Beef,Beef,গরুর মাংস,t,https://quickbytes.buzz/uploads/menu_placeholders/beef-3.png,,"[""icon:beef""]",1,2026-07-28 13:13:18.855783+00,2026-07-28 13:13:18.85577+00
3eddfa1c-bbb8-4638-86a8-7eb2cb5d5804,384b833e-d0f6-4e46-b61d-2c938b36eb0d,Beef Chuigost with Rice and Salad,Beef Chuigost with Rice and Salad,গরুর চুই গোস্ত+ ভাত+ সালাদ,Succulent beef chuigost served with steamed rice and fresh salad. A classic Bangladeshi beef preparation bursting with flavors.,Succulent beef chuigost served with steamed rice and fresh salad. A classic Bangladeshi beef preparation bursting with flavors.,"রসালো গরুর চুই গোস্ত, সাদা ভাত ও তাজা সালাদ সহ পরিবেশিত। একটি ক্লাসিক বাংলাদেশি গরুর মাংসের পদ যা স্বাদে ভরপুর।",220.00,,203,f,Beef,Beef,গরুর মাংস,t,https://quickbytes.buzz/uploads/menu_placeholders/beef-1.png,,"[""icon:beef"", ""inc:Beef Chuigost"", ""inc:Rice"", ""inc:Salad""]",1,2026-07-28 13:13:19.587393+00,2026-07-28 13:13:19.587376+00
7c152dc8-0b5b-4b10-9202-af14da625636,384b833e-d0f6-4e46-b61d-2c938b36eb0d,Everyday Coney Chili,Everyday Coney Chili,প্রতিদিনের কনি চিলি,"Hearty beef chili, available every day.","Hearty beef chili, available every day.","পুষ্টিকর বিফ চিলি, প্রতিদিন পাওয়া যায়।",4.28,,385,f,Soups,Soups,স্যুপ,t,https://quickbytes.buzz/uploads/menu_placeholders/soup.png,,"[""icon:soup"", ""option:Cup:0"", ""option:Bowl:0.92""]",1,2026-08-02 16:50:56.227106+00,2026-08-02 16:50:56.227085+00
c399f12a-6a30-4aea-9126-57e0f61ba877,384b833e-d0f6-4e46-b61d-2c938b36eb0d,Chicken Whooper,Chicken Whooper,চিকেন হুপার,"A delicious chicken burger with a crispy fried chicken patty, fresh veggies, and creamy mayo, served in a toasted bun.","A delicious chicken burger with a crispy fried chicken patty, fresh veggies, and creamy mayo, served in a toasted bun.","একটি সুস্বাদু চিকেন বার্গার, কুড়মুড়ে ভাজা চিকেন প্যাটি, তাজা সবজি এবং ক্রিমি মেয়োনিজ সহ টোস্ট করা বানের মধ্যে।",130.00,,388,f,Burger,Burger,বার্গার,t,https://quickbytes.buzz/uploads/menu_placeholders/chicken-4.png,,"[""icon:chicken""]",1,2026-08-02 16:58:09.557494+00,2026-08-02 16:58:09.557479+00
d3af47ab-df5f-4fd3-8986-083564429476,384b833e-d0f6-4e46-b61d-2c938b36eb0d,Crispy Melody,Crispy Melody,ক্রিস্পি মেলোডি,"A crispy and flavorful chicken burger with a crunchy coating, fresh lettuce, and tangy sauce, perfect for a quick bite.","A crispy and flavorful chicken burger with a crunchy coating, fresh lettuce, and tangy sauce, perfect for a quick bite.","একটি কুড়মুড়ে এবং সুস্বাদু চিকেন বার্গার, ক্রাঞ্চি আবরণ, তাজা লেটুস এবং টক সস সহ, দ্রুত খাবারের জন্য উপযুক্ত।",120.00,,389,f,Burger,Burger,বার্গার,t,https://quickbytes.buzz/uploads/menu_placeholders/chicken_fry.png,,"[""icon:chicken""]",1,2026-08-02 16:58:12.105906+00,2026-08-02 16:58:12.10589+00
788ff2f0-0d2a-4948-af7d-bb7a9a28859e,384b833e-d0f6-4e46-b61d-2c938b36eb0d,Grilled Chicken Sandwich,Grilled Chicken Sandwich,গ্রিলড চিকেন স্যান্ডউইচ,"A grilled chicken sandwich with tender chicken breast, fresh lettuce, tomatoes, and a light mayo, served on toasted bread.","A grilled chicken sandwich with tender chicken breast, fresh lettuce, tomatoes, and a light mayo, served on toasted bread.","একটি গ্রিলড চিকেন স্যান্ডউইচ, কোমল চিকেন ব্রেস্ট, তাজা লেটুস, টমেটো এবং হালকা মেয়োনিজ সহ টোস্ট করা রুটিতে পরিবেশন করা হয়।",120.00,,392,f,Sub & Sandwich,Sub & Sandwich,সাব ও স্যান্ডউইচ,t,https://quickbytes.buzz/uploads/menu_placeholders/sandwitch.png,,"[""icon:sandwich""]",1,2026-08-02 16:59:42.02665+00,2026-08-02 16:59:42.026636+00
5381a9b1-59e8-4fdf-bcfa-f163b9ff9d68,384b833e-d0f6-4e46-b61d-2c938b36eb0d,Roasted Beef Sub,Roasted Beef Sub,রোস্টেড বিফ সাব,"A hearty sub sandwich filled with roasted beef, fresh vegetables, and a savory sauce, served on a soft sub roll.","A hearty sub sandwich filled with roasted beef, fresh vegetables, and a savory sauce, served on a soft sub roll.","একটি হেভি সাব স্যান্ডউইচ, রোস্টেড বিফ, তাজা সবজি এবং সুস্বাদু সস সহ নরম সাব রোলে পরিবেশন করা হয়।",170.00,,390,f,Sub & Sandwich,Sub & Sandwich,সাব ও স্যান্ডউইচ,t,https://quickbytes.buzz/uploads/menu_placeholders/sandwitch.png,,"[""icon:sandwich""]",1,2026-08-02 16:59:43.736564+00,2026-08-02 16:59:43.73655+00
35a5a5ba-c347-4b9e-9d44-0c8126a0f772,384b833e-d0f6-4e46-b61d-2c938b36eb0d,Roasted Chicken Sub,Roasted Chicken Sub,রোস্টেড চিকেন সাব,"A delicious sub with roasted chicken, crisp veggies, and a creamy dressing, served on a soft roll.","A delicious sub with roasted chicken, crisp veggies, and a creamy dressing, served on a soft roll.","একটি সুস্বাদু সাব, রোস্টেড চিকেন, কুড়মুড়ে সবজি এবং ক্রিমি ড্রেসিং সহ নরম রোলে পরিবেশন করা হয়।",120.00,,391,f,Sub & Sandwich,Sub & Sandwich,সাব ও স্যান্ডউইচ,t,https://quickbytes.buzz/uploads/menu_placeholders/sandwitch.png,,"[""icon:sandwich""]",1,2026-08-02 16:59:44.567099+00,2026-08-02 16:59:44.567079+00
53222d6b-377c-483e-95e3-efbbfa81058f,384b833e-d0f6-4e46-b61d-2c938b36eb0d,Aloo Vorta,Aloo Vorta,আলু ভর্তা,"Mashed potatoes seasoned with mustard oil, onion, and green chili, a classic Bengali side.","Mashed potatoes seasoned with mustard oil, onion, and green chili, a classic Bengali side.","আলু ভর্তা, সরিষার তেল, পেঁয়াজ ও কাঁচা মরিচ দিয়ে মাখানো।",15.00,,178,f,Appetizer,Appetizer,ক্ষুধাবর্ধক,t,https://quickbytes.buzz/uploads/menu_placeholders/appetizer.png,,"[""icon:appetizer""]",1,2026-07-28 13:13:16.699372+00,2026-07-28 13:13:16.69934+00
69efb20f-a542-4e18-91b9-9b6749310311,384b833e-d0f6-4e46-b61d-2c938b36eb0d,Black Cumin Mash,Black Cumin Mash,কালোজিরার ভর্তা,"Mashed black cumin seeds with mustard oil and spices, an aromatic and flavorful side.","Mashed black cumin seeds with mustard oil and spices, an aromatic and flavorful side.","কালোজিরা সরিষার তেল ও মশলা দিয়ে মাখানো, একটি সুগন্ধি ও সুস্বাদু সাইড।",30.00,,165,f,Appetizer,Appetizer,ক্ষুধাবর্ধক,t,https://quickbytes.buzz/uploads/menu_placeholders/appetizer.png,,"[""icon:appetizer""]",1,2026-07-28 13:13:16.88491+00,2026-07-28 13:13:16.884889+00
462f9e71-a865-4c6a-b1ac-0083d79a3604,384b833e-d0f6-4e46-b61d-2c938b36eb0d,Chili Mash,Chili Mash,মরিচ ভর্তা,"Mashed green chilies with mustard oil and spices, a spicy and fiery side.","Mashed green chilies with mustard oil and spices, a spicy and fiery side.","কাঁচা মরিচ সরিষার তেল ও মশলা দিয়ে মাখানো, একটি ঝাল ও তীব্র সাইড।",20.00,,164,f,Appetizer,Appetizer,ক্ষুধাবর্ধক,t,https://quickbytes.buzz/uploads/menu_placeholders/appetizer.png,,"[""icon:appetizer""]",1,2026-07-28 13:13:16.99613+00,2026-07-28 13:13:16.996115+00
695b79f0-5469-4df3-909f-fa1791ac837f,384b833e-d0f6-4e46-b61d-2c938b36eb0d,Dried Fish Mash,Dried Fish Mash,শুটকি ভর্তা,"Mashed dried fish with mustard oil and spices, a pungent and flavorful side.","Mashed dried fish with mustard oil and spices, a pungent and flavorful side.","শুটকি মাছ সরিষার তেল ও মশলা দিয়ে মাখানো, একটি তীব্র ও সুস্বাদু সাইড।",30.00,,160,f,Appetizer,Appetizer,ক্ষুধাবর্ধক,t,https://quickbytes.buzz/uploads/menu_placeholders/appetizer.png,,"[""icon:appetizer""]",1,2026-07-28 13:13:17.09638+00,2026-07-28 13:13:17.096365+00
ebd1021e-d60a-45df-953e-7590bc1a851d,384b833e-d0f6-4e46-b61d-2c938b36eb0d,Egg Mash,Egg Mash,ডিম ভর্তা,"Mashed boiled eggs with mustard oil and spices, a protein-rich side.","Mashed boiled eggs with mustard oil and spices, a protein-rich side.","সেদ্ধ ডিম সরিষার তেল ও মশলা দিয়ে মাখানো, একটি প্রোটিনসমৃদ্ধ সাইড।",20.00,,161,f,Appetizer,Appetizer,ক্ষুধাবর্ধক,t,https://quickbytes.buzz/uploads/menu_placeholders/appetizer.png,,"[""icon:appetizer""]",1,2026-07-28 13:13:17.276812+00,2026-07-28 13:13:17.276798+00
54ccaa74-c50a-49f2-b445-bd41f2f370a7,384b833e-d0f6-4e46-b61d-2c938b36eb0d,Hilsa Fish Tail Mash,Hilsa Fish Tail Mash,ইলিশ মাছের লেজ ভর্তা,"Mashed Hilsa fish tail with mustard oil and spices, a delicacy for fish lovers.","Mashed Hilsa fish tail with mustard oil and spices, a delicacy for fish lovers.","ইলিশ মাছের লেজ সরিষার তেল ও মশলা দিয়ে মাখানো, মাছপ্রেমীদের জন্য একটি সুস্বাদু পদ।",50.00,,166,f,Appetizer,Appetizer,ক্ষুধাবর্ধক,t,https://quickbytes.buzz/uploads/menu_placeholders/appetizer.png,,"[""icon:appetizer""]",1,2026-07-28 13:13:17.487094+00,2026-07-28 13:13:17.487074+00
d155a1fb-84ad-49c2-9911-09972b78bfbd,384b833e-d0f6-4e46-b61d-2c938b36eb0d,Hyacinth Bean and Prawn Mash,Hyacinth Bean and Prawn Mash,বরবটি+চিংড়ী ভর্তা,"Mashed hyacinth beans and prawns with mustard oil and spices, a flavorful combination.","Mashed hyacinth beans and prawns with mustard oil and spices, a flavorful combination.","বরবটি ও চিংড়ি সরিষার তেল ও মশলা দিয়ে মাখানো, একটি সুস্বাদু সংমিশ্রণ।",30.00,,167,f,Appetizer,Appetizer,ক্ষুধাবর্ধক,t,https://quickbytes.buzz/uploads/menu_placeholders/appetizer.png,,"[""icon:appetizer""]",1,2026-07-28 13:13:17.60829+00,2026-07-28 13:13:17.608276+00
7add5dd4-c775-4f7c-9c49-97aa1a1eb792,384b833e-d0f6-4e46-b61d-2c938b36eb0d,Peanut Mash,Peanut Mash,বাদাম ভর্তা,"Crushed peanuts mixed with mustard oil and spices, a crunchy and flavorful side.","Crushed peanuts mixed with mustard oil and spices, a crunchy and flavorful side.","বাদাম সরিষার তেল ও মশলা দিয়ে মাখানো, একটি ক্রাঞ্চি ও সুস্বাদু সাইড।",30.00,,157,f,Appetizer,Appetizer,ক্ষুধাবর্ধক,t,https://quickbytes.buzz/uploads/menu_placeholders/appetizer.png,,"[""icon:appetizer""]",1,2026-07-28 13:13:17.720224+00,2026-07-28 13:13:17.72021+00
c8dfee3d-a756-4072-972f-c2b64854142d,384b833e-d0f6-4e46-b61d-2c938b36eb0d,Pointed Gourd Mash,Pointed Gourd Mash,পটল ভর্তা,"Mashed pointed gourd with mustard oil and spices, a unique and tasty side.","Mashed pointed gourd with mustard oil and spices, a unique and tasty side.","পটল সরিষার তেল ও মশলা দিয়ে মাখানো, একটি অনন্য ও সুস্বাদু সাইড।",25.00,,155,f,Appetizer,Appetizer,ক্ষুধাবর্ধক,t,https://quickbytes.buzz/uploads/menu_placeholders/appetizer.png,,"[""icon:appetizer""]",1,2026-07-28 13:13:18.016227+00,2026-07-28 13:13:18.016214+00
381d24e1-037d-4b9c-b357-58e09f6c0deb,384b833e-d0f6-4e46-b61d-2c938b36eb0d,Potato Mash,Potato Mash,আলু ভর্তা,"Mashed potatoes seasoned with mustard oil and spices, a simple yet flavorful side.","Mashed potatoes seasoned with mustard oil and spices, a simple yet flavorful side.","সেদ্ধ আলু সরিষার তেল ও মশলা দিয়ে মাখানো, একটি সহজ অথচ সুস্বাদু সাইড।",15.00,,154,f,Appetizer,Appetizer,ক্ষুধাবর্ধক,t,https://quickbytes.buzz/uploads/menu_placeholders/appetizer.png,,"[""icon:appetizer""]",1,2026-07-28 13:13:18.135872+00,2026-07-28 13:13:18.135858+00
40d52592-8ba3-4855-a110-a59ab4d83134,384b833e-d0f6-4e46-b61d-2c938b36eb0d,Baked Potato,Baked Potato,বেকড আলু,A fluffy baked potato served with butter.,A fluffy baked potato served with butter.,মাখন সহ নরম বেকড আলু।,4.00,,333,f,Sides,Sides,সাইড ডিশ,t,https://quickbytes.buzz/uploads/menu_placeholders/vegetable-1.png,,"[""icon:vegetable""]",1,2026-08-02 16:50:37.017842+00,2026-08-02 16:50:37.017828+00
68266d2c-1556-446e-bfee-2f9b11633dd2,384b833e-d0f6-4e46-b61d-2c938b36eb0d,Prawn Mash,Prawn Mash,চিংড়ি মাছের ভর্তা,"Mashed prawns with mustard oil and spices, a rich and savory side.","Mashed prawns with mustard oil and spices, a rich and savory side.","চিংড়ি সরিষার তেল ও মশলা দিয়ে মাখানো, একটি সমৃদ্ধ ও সুস্বাদু সাইড।",30.00,,159,f,Appetizer,Appetizer,ক্ষুধাবর্ধক,t,https://quickbytes.buzz/uploads/menu_placeholders/appetizer.png,,"[""icon:appetizer""]",1,2026-07-28 13:13:18.233733+00,2026-07-28 13:13:18.233719+00
7e992853-f1ec-4892-8b62-a7fd4aaf6b95,384b833e-d0f6-4e46-b61d-2c938b36eb0d,Beef Chui Gosht,Beef Chui Gosht,গরুর চুই গোস্ত,"Tender beef pieces cooked in a flavorful bone marrow gravy, a traditional delicacy with rich, earthy flavors.","Tender beef pieces cooked in a flavorful bone marrow gravy, a traditional delicacy with rich, earthy flavors.","গরুর মাংসের চুই গোস্ত, হাড়ের মজ্জার ঝোল সহ রান্না করা একটি ঐতিহ্যবাহী পদ।",200.00,,171,f,Beef,Beef,গরুর মাংস,t,https://quickbytes.buzz/uploads/menu_placeholders/beef-2.png,,"[""icon:beef""]",1,2026-07-28 13:13:19.326055+00,2026-07-28 13:13:19.326041+00
e906cb59-faf6-4b8d-ab46-fa6da48df9b0,384b833e-d0f6-4e46-b61d-2c938b36eb0d,Beef Curry,Beef Curry,গরুর মাংস,"Tender beef pieces slow-cooked in a rich, spicy gravy.","Tender beef pieces slow-cooked in a rich, spicy gravy.",গরুর মাংসের টুকরো ঘন ও মশলাদার ঝোলে ধীরে রান্না করা।,160.00,,129,f,Beef,Beef,গরুর মাংস,t,https://quickbytes.buzz/uploads/menu_placeholders/beef-4.png,,"[""icon:beef""]",1,2026-07-28 13:13:19.698387+00,2026-07-28 13:13:19.698362+00
7ff71f0c-0ddd-4fa6-bce6-aa110d2766c8,384b833e-d0f6-4e46-b61d-2c938b36eb0d,Beef Red Curry,Beef Red Curry,গরুর মাংসের লাল ভুনা,"Tender beef slow-cooked in a rich, aromatic red curry with traditional spices, delivering a hearty and flavorful experience.","Tender beef slow-cooked in a rich, aromatic red curry with traditional spices, delivering a hearty and flavorful experience.","নরম গরুর মাংস ঐতিহ্যবাহী মশলায় ধীরে রান্না করা লাল ভুনা, যা একটি সুস্বাদু ও পুষ্টিকর অভিজ্ঞতা দেয়।",130.00,,141,f,Beef,Beef,গরুর মাংস,t,https://quickbytes.buzz/uploads/menu_placeholders/beef-1.png,,"[""icon:beef""]",1,2026-07-28 13:13:20.100553+00,2026-07-28 13:13:20.100534+00
a4b7380e-5a6b-4264-89b9-110e056ade1d,384b833e-d0f6-4e46-b61d-2c938b36eb0d,Milk Tea,Milk Tea,দুধ চা,"Creamy, sweet milk tea, a beloved Bangladeshi beverage.","Creamy, sweet milk tea, a beloved Bangladeshi beverage.","ক্রিমি ও মিষ্টি দুধ চা, একটি প্রিয় বাংলাদেশী পানীয়।",30.00,,135,f,Beverages,Beverages,পানীয়,t,https://quickbytes.buzz/uploads/menu_placeholders/tea_and_coffee.png,,"[""icon:tea_coffee""]",1,2026-07-28 13:13:20.586587+00,2026-07-28 13:13:20.586567+00
0db6956f-bc71-4afb-939d-585b36a0c0e2,384b833e-d0f6-4e46-b61d-2c938b36eb0d,Paratha,Paratha,পরোটা,"Flaky, golden-brown fried flatbread, perfect for breakfast or any meal.","Flaky, golden-brown fried flatbread, perfect for breakfast or any meal.","সোনালী ও খাস্তা ভাজা পরোটা, সকালের নাস্তা বা যেকোনো খাবারের জন্য উপযুক্ত।",20.00,,122,f,Bread,Bread,রুটি,t,https://quickbytes.buzz/uploads/menu_placeholders/beverages.png,,"[""icon:general""]",1,2026-07-28 13:13:21.076656+00,2026-07-28 13:13:21.076639+00
3df810b4-228c-489d-910d-c81a8bf6242a,384b833e-d0f6-4e46-b61d-2c938b36eb0d,Chicken Curry,Chicken Curry,মুরগীর মাংসের ভুনা,"Succulent chicken pieces cooked in a spicy, aromatic curry, a beloved classic.","Succulent chicken pieces cooked in a spicy, aromatic curry, a beloved classic.","রসালো মুরগির টুকরা মশলাদার ও সুগন্ধি কারিতে রান্না করা, একটি প্রিয় ক্লাসিক।",60.00,,146,f,Chicken,Chicken,মুরগির মাংস,t,https://quickbytes.buzz/uploads/menu_placeholders/chicken-1.png,,"[""icon:chicken""]",1,2026-07-28 13:13:21.607474+00,2026-07-28 13:13:21.607452+00
2afcb8ed-a70b-41d6-a3d0-93316de568fc,384b833e-d0f6-4e46-b61d-2c938b36eb0d,Golden Chicken Curry,Golden Chicken Curry,সোনালী মুরগীর ভুনা,"Golden fried chicken cooked in a rich, spicy gravy, crispy outside and tender inside.","Golden fried chicken cooked in a rich, spicy gravy, crispy outside and tender inside.","সোনালী ভাজা মুরগি সমৃদ্ধ মশলাদার গ্রেভিতে রান্না করা, বাইরে খাস্তা ও ভিতরে নরম।",120.00,,147,f,Chicken,Chicken,মুরগির মাংস,t,https://quickbytes.buzz/uploads/menu_placeholders/chicken-2.png,,"[""icon:chicken""]",1,2026-07-28 13:13:22.166192+00,2026-07-28 13:13:22.166177+00
779f864f-efb8-4074-a763-094a0151a3fb,384b833e-d0f6-4e46-b61d-2c938b36eb0d,Luchi with Beef Liver,Luchi with Beef Liver,লুচি+গরুর কলিজা ভুনা+সালাদ,"Flaky luchi paired with rich beef liver bhuna, accompanied by fresh salad for a hearty experience.","Flaky luchi paired with rich beef liver bhuna, accompanied by fresh salad for a hearty experience.",মসৃণ লুচির সাথে ঘন গরুর কলিজা ভুনা এবং তাজা সালাদ পরিবেশন করা হয়।,150.00,,137,f,Combo,Combo,কম্বো,t,https://quickbytes.buzz/uploads/menu_placeholders/beef-2.png,,"[""icon:beef"", ""inc:Salad""]",1,2026-07-28 13:13:22.748874+00,2026-07-28 13:13:22.74886+00
e6d07625-efce-497b-8767-837bd3bc0ef8,384b833e-d0f6-4e46-b61d-2c938b36eb0d,Vorta Package,Vorta Package,ভর্তা প্যাকেজ,"A platter of 8 kinds of mashed vegetables (vorta), fried eggplant, rice, and salad. Unlimited rice included.","A platter of 8 kinds of mashed vegetables (vorta), fried eggplant, rice, and salad. Unlimited rice included.","৮ রকমের ভর্তা, বেগুন ভাজা, ভাত ও সালাদ সমৃদ্ধ একটি প্লেট। আনলিমিটেড ভাত।",160.00,,186,f,Combo,Combo,কম্বো,t,https://quickbytes.buzz/uploads/menu_placeholders/vegetable-1.png,,"[""icon:vegetable"", ""inc:8 kinds of Vorta"", ""inc:Fried Eggplant"", ""inc:Rice"", ""inc:Salad""]",1,2026-07-28 13:13:23.276049+00,2026-07-28 13:13:23.276035+00
bf442e0e-f59c-4b80-b6cf-29af71a9f5ae,384b833e-d0f6-4e46-b61d-2c938b36eb0d,Masoor Dal (Red Lentil),Masoor Dal (Red Lentil),মসুর ডাল,"Simple and comforting red lentil soup, tempered with garlic and cumin. A staple of Bengali cuisine.","Simple and comforting red lentil soup, tempered with garlic and cumin. A staple of Bengali cuisine.","সরল ও আরামদায়ক মসুর ডালের স্যুপ, রসুন ও জিরা দিয়ে ফোড়ন দেওয়া। বাংলা রান্নার একটি প্রধান পদ।",30.00,,198,f,Dal,Dal,ডাল,t,https://quickbytes.buzz/uploads/menu_placeholders/dal-2.png,,"[""icon:dal""]",1,2026-07-28 13:13:23.560263+00,2026-07-28 13:13:23.56025+00
bae9ea9d-313f-4b41-b9a2-11825b76c216,384b833e-d0f6-4e46-b61d-2c938b36eb0d,Taki Fish Mash,Taki Fish Mash,টাকি মাছের ভর্তা,"Mashed Taki fish with mustard oil and spices, a traditional Bengali delicacy.","Mashed Taki fish with mustard oil and spices, a traditional Bengali delicacy.","টাকি মাছ সরিষার তেল ও মশলা দিয়ে মাখানো, একটি ঐতিহ্যবাহী বাঙালি সুস্বাদু পদ।",30.00,,158,f,Appetizer,Appetizer,ক্ষুধাবর্ধক,t,https://quickbytes.buzz/uploads/menu_placeholders/appetizer.png,,"[""icon:appetizer""]",1,2026-07-28 13:13:18.426038+00,2026-07-28 13:13:18.426024+00
c9f1d3fc-b568-4840-be41-5c57fdab6bd7,384b833e-d0f6-4e46-b61d-2c938b36eb0d,Beef Aloo Gosht,Beef Aloo Gosht,গরুর আলু গোস্ত,"Hearty beef and potato curry simmered in a spiced gravy, perfect comfort food with a homestyle taste.","Hearty beef and potato curry simmered in a spiced gravy, perfect comfort food with a homestyle taste.","গরুর মাংস ও আলুর তরকারি, মশলাদার ঝোলে রান্না করা একটি আরামদায়ক ঘরোয়া পদ।",90.00,,172,f,Beef,Beef,গরুর মাংস,t,https://quickbytes.buzz/uploads/menu_placeholders/beef-3.png,,"[""icon:beef""]",1,2026-07-28 13:13:19.065892+00,2026-07-28 13:13:19.065878+00
29afca73-76ed-47c1-a776-e8286b9969ab,384b833e-d0f6-4e46-b61d-2c938b36eb0d,Beef Chui Gosht with Rice and Salad,Beef Chui Gosht with Rice and Salad,গরুর চুই গোস্ত + ভাত + সালাদ,"Tender beef cooked in a traditional chui style, served with steamed rice and fresh salad. A classic Bangladeshi beef dish.","Tender beef cooked in a traditional chui style, served with steamed rice and fresh salad. A classic Bangladeshi beef dish.","ঐতিহ্যবাহী চুই পদ্ধতিতে রান্না করা নরম গরুর মাংস, ভাপে সিদ্ধ ভাত এবং তাজা সালাদ সহ পরিবেশন করা হয়। একটি ক্লাসিক বাংলাদেশী গরুর মাংসের পদ।",220.00,,191,f,Beef,Beef,গরুর মাংস,t,https://quickbytes.buzz/uploads/menu_placeholders/beef-4.png,,"[""icon:beef""]",1,2026-07-28 13:13:19.427649+00,2026-07-28 13:13:19.427631+00
edfd1015-8bef-4b3b-8e71-d0c01a5681af,384b833e-d0f6-4e46-b61d-2c938b36eb0d,Beef Lal Bhuna,Beef Lal Bhuna,গরুর মাংসের লাল ভুনা,"A rich and aromatic beef curry slow-cooked with traditional spices, offering a deep red hue and tender texture that melts in your mouth.","A rich and aromatic beef curry slow-cooked with traditional spices, offering a deep red hue and tender texture that melts in your mouth.","মশলাদার ও সুগন্ধি গরুর মাংসের লাল ভুনা, ধীরে রান্না করা যা মুখে গলতে থাকে।",160.00,,170,f,Beef,Beef,গরুর মাংস,t,https://quickbytes.buzz/uploads/menu_placeholders/beef-1.png,,"[""icon:beef""]",1,2026-07-28 13:13:19.847658+00,2026-07-28 13:13:19.847638+00
98385bb9-49b0-488c-b2e7-b5647b9ea41f,384b833e-d0f6-4e46-b61d-2c938b36eb0d,Beef with Potato,Beef with Potato,গরুর আলু গোস্ত,"Juicy beef pieces cooked with potatoes in a flavorful gravy, a classic comfort dish.","Juicy beef pieces cooked with potatoes in a flavorful gravy, a classic comfort dish.","রসালো গরুর মাংস আলু দিয়ে সুস্বাদু গ্রেভিতে রান্না করা, একটি ক্লাসিক আরামদায়ক পদ।",90.00,,143,f,Beef,Beef,গরুর মাংস,t,https://quickbytes.buzz/uploads/menu_placeholders/beef-3.png,,"[""icon:beef""]",1,2026-07-28 13:13:20.268584+00,2026-07-28 13:13:20.268566+00
0a23a418-9ba8-4596-93ed-515099b0c76b,384b833e-d0f6-4e46-b61d-2c938b36eb0d,Special Mutton Biryani,Special Mutton Biryani,স্পেশাল খাশির বিরিয়ানী,"Fragrant basmati rice layered with tender mutton pieces, slow-cooked with aromatic spices. A royal biryani experience.","Fragrant basmati rice layered with tender mutton pieces, slow-cooked with aromatic spices. A royal biryani experience.",সুগন্ধি বাসমতি চালে নরম খাশির মাংসের টুকরো স্তর দিয়ে সুগন্ধি মসলায় ধীরে রান্না করা। একটি রাজকীয় বিরিয়ানি অভিজ্ঞতা।,260.00,,192,f,Biryani,Biryani,বিরিয়ানি,t,https://quickbytes.buzz/uploads/menu_placeholders/biryani-1.png,,"[""icon:biryani""]",1,2026-07-28 13:13:20.7465+00,2026-07-28 13:13:20.746483+00
91c351b7-f7c6-48a2-bbaf-3c77cafefc2e,384b833e-d0f6-4e46-b61d-2c938b36eb0d,Roti,Roti,রুটি,"Whole wheat flatbread, soft and healthy, a staple in Bangladeshi cuisine.","Whole wheat flatbread, soft and healthy, a staple in Bangladeshi cuisine.","গমের আটার তৈরি নরম ও স্বাস্থ্যকর রুটি, বাংলাদেশী খাবারের একটি প্রধান উপাদান।",10.00,,124,f,Bread,Bread,রুটি,t,https://quickbytes.buzz/uploads/menu_placeholders/beverages.png,,"[""icon:general""]",1,2026-07-28 13:13:21.236809+00,2026-07-28 13:13:21.236794+00
33c9eb0b-4168-41d7-baa6-35cf36bb5169,384b833e-d0f6-4e46-b61d-2c938b36eb0d,Chicken Roast,Chicken Roast,মুরগির রোস্ট,"Whole chicken roasted to perfection with aromatic spices, juicy and flavorful.","Whole chicken roasted to perfection with aromatic spices, juicy and flavorful.","পুরো মুরগি সুগন্ধি মশলায় নিখুঁতভাবে রোস্ট করা, রসালো ও সুস্বাদু।",150.00,,148,f,Chicken,Chicken,মুরগির মাংস,t,https://quickbytes.buzz/uploads/menu_placeholders/chicken-4.png,,"[""icon:chicken""]",1,2026-07-28 13:13:21.803746+00,2026-07-28 13:13:21.803728+00
dc994dd1-f4cc-47cd-8226-59a0feaf2fea,384b833e-d0f6-4e46-b61d-2c938b36eb0d,Sonali Chicken Bhuna,Sonali Chicken Bhuna,সোনালী মুরগীর ভুনা,"Premium Sonali chicken cooked in a rich, spicy bhuna style, tender and full of flavor.","Premium Sonali chicken cooked in a rich, spicy bhuna style, tender and full of flavor.","সোনালী মুরগীর ভুনা, মশলাদার ও কোমল, বিশেষ স্বাদে রান্না করা।",120.00,,175,f,Chicken,Chicken,মুরগি,t,https://quickbytes.buzz/uploads/menu_placeholders/chicken-2.png,,"[""icon:chicken""]",1,2026-07-28 13:13:22.345868+00,2026-07-28 13:13:22.345854+00
7087c453-92cf-4252-a397-2de9f9a6988e,384b833e-d0f6-4e46-b61d-2c938b36eb0d,Luchi with Chicken,Luchi with Chicken,লুচি+মুরগি ভুনা+সালাদ,"Crispy luchi paired with aromatic chicken bhuna and fresh salad, a classic evening delight.","Crispy luchi paired with aromatic chicken bhuna and fresh salad, a classic evening delight.","খাস্তা লুচির সাথে সুগন্ধি মুরগি ভুনা ও তাজা সালাদ, একটি ক্লাসিক সন্ধ্যার আয়োজন।",90.00,,139,f,Combo,Combo,কম্বো,t,https://quickbytes.buzz/uploads/menu_placeholders/chicken_fry.png,,"[""icon:chicken"", ""inc:Salad""]",1,2026-07-28 13:13:22.965749+00,2026-07-28 13:13:22.965736+00
c6a554f5-082f-4c86-962b-fd120fc37c03,384b833e-d0f6-4e46-b61d-2c938b36eb0d,Tomato Mash,Tomato Mash,টমেটো ভর্তা,"Mashed tomatoes with mustard oil and spices, a tangy and refreshing side.","Mashed tomatoes with mustard oil and spices, a tangy and refreshing side.","টমেটো সরিষার তেল ও মশলা দিয়ে মাখানো, একটি টক ও সতেজ সাইড।",25.00,,156,f,Appetizer,Appetizer,ক্ষুধাবর্ধক,t,https://quickbytes.buzz/uploads/menu_placeholders/appetizer.png,,"[""icon:appetizer""]",1,2026-07-28 13:13:18.616147+00,2026-07-28 13:13:18.616133+00
287bdfba-ba02-40a7-b38e-8306a0f7f60c,384b833e-d0f6-4e46-b61d-2c938b36eb0d,Beef Chui Gong,Beef Chui Gong,গরুর চুই গোঙ,"A traditional beef preparation with unique spices, offering a distinct and savory taste.","A traditional beef preparation with unique spices, offering a distinct and savory taste.","একটি ঐতিহ্যবাহী গরুর মাংসের পদ যা বিশেষ মশলায় তৈরি, একটি স্বতন্ত্র ও সুস্বাদু স্বাদ প্রদান করে।",160.00,,142,f,Beef,Beef,গরুর মাংস,t,https://quickbytes.buzz/uploads/menu_placeholders/beef-2.png,,"[""icon:beef""]",1,2026-07-28 13:13:19.2161+00,2026-07-28 13:13:19.216086+00
3b3b3159-5d21-47c8-a3d4-d3752d968ee9,384b833e-d0f6-4e46-b61d-2c938b36eb0d,Beef Liver Bhuna,Beef Liver Bhuna,গরুর কলিজা ভুনা,"Beef liver stir-fried with aromatic spices, dry and flavorful.","Beef liver stir-fried with aromatic spices, dry and flavorful.","গরুর কলিজা সুগন্ধি মশলায় ভুনা, শুকনা ও স্বাদে ভরপুর।",140.00,,130,f,Beef,Beef,গরুর মাংস,t,https://quickbytes.buzz/uploads/menu_placeholders/beef-1.png,,"[""icon:beef""]",1,2026-07-28 13:13:19.966824+00,2026-07-28 13:13:19.966806+00
11f41a46-92c3-455a-9cbe-59b16a61d254,384b833e-d0f6-4e46-b61d-2c938b36eb0d,Dudh Cha,Dudh Cha,দুধ চা,"Creamy milk tea brewed to perfection, a comforting beverage to accompany any meal.","Creamy milk tea brewed to perfection, a comforting beverage to accompany any meal.","ক্রিমি দুধ চা, নিখুঁতভাবে তৈরি, যেকোনো খাবারের সাথে একটি আরামদায়ক পানীয়।",30.00,,140,f,Beverages,Beverages,পানীয়,t,https://quickbytes.buzz/uploads/menu_placeholders/tea_and_coffee.png,,"[""icon:tea_coffee""]",1,2026-07-28 13:13:20.486359+00,2026-07-28 13:13:20.486344+00
1b755035-57d5-480f-ba82-b62932815566,384b833e-d0f6-4e46-b61d-2c938b36eb0d,Luchi,Luchi,লুচি,"Deep-fried puffed bread made from refined flour, light and crispy.","Deep-fried puffed bread made from refined flour, light and crispy.",ময়দা দিয়ে তৈরি হালকা ও খাস্তা ভাজা লুচি।,10.00,,123,f,Bread,Bread,রুটি,t,https://quickbytes.buzz/uploads/menu_placeholders/beverages.png,,"[""icon:general""]",1,2026-07-28 13:13:20.906912+00,2026-07-28 13:13:20.906895+00
face0f5c-a95f-4bb7-93ed-755449fba538,384b833e-d0f6-4e46-b61d-2c938b36eb0d,Chicken Bhuna,Chicken Bhuna,মুরগীর মাংসের ভুনা,"Classic chicken bhuna, dry and richly spiced, cooked with caramelized onions and aromatic spices.","Classic chicken bhuna, dry and richly spiced, cooked with caramelized onions and aromatic spices.","মুরগীর মাংসের ভুনা, শুকনা ও মশলাদার, পেঁয়াজ ও সুগন্ধি মশলা দিয়ে রান্না করা।",80.00,,174,f,Chicken,Chicken,মুরগি,t,https://quickbytes.buzz/uploads/menu_placeholders/chicken-1.png,,"[""icon:chicken""]",1,2026-07-28 13:13:21.46681+00,2026-07-28 13:13:21.466793+00
426a367b-094e-4294-8d0c-6603a0b6d4e4,384b833e-d0f6-4e46-b61d-2c938b36eb0d,Duck Meat,Duck Meat,হাঁসের মাংস,"Tender duck meat cooked with traditional spices, offering a rich and distinctive flavor.","Tender duck meat cooked with traditional spices, offering a rich and distinctive flavor.","নরম হাঁসের মাংস ঐতিহ্যবাহী মশলায় রান্না করা, একটি সমৃদ্ধ ও স্বতন্ত্র স্বাদ প্রদান করে।",180.00,,145,f,Chicken,Chicken,মুরগির মাংস,t,https://quickbytes.buzz/uploads/menu_placeholders/fried-chicken.png,,"[""icon:chicken""]",1,2026-07-28 13:13:21.9964+00,2026-07-28 13:13:21.996384+00
545bf6a6-5673-4e41-8e41-5ee09708cb07,384b833e-d0f6-4e46-b61d-2c938b36eb0d,Luchi with Beef and Roshogolla,Luchi with Beef and Roshogolla,লুচি+গরুর মাংস+রসগোল্লা+সালাদ,"Golden luchi served with succulent beef curry, sweet roshogolla, and crisp salad for a delightful contrast.","Golden luchi served with succulent beef curry, sweet roshogolla, and crisp salad for a delightful contrast.","সোনালি লুচির সাথে রসালো গরুর মাংসের তরকারি, মিষ্টি রসগোল্লা ও খাস্তা সালাদ পরিবেশন করা হয়।",170.00,,138,f,Combo,Combo,কম্বো,t,https://quickbytes.buzz/uploads/menu_placeholders/beef-3.png,,"[""icon:beef"", ""inc:Roshogolla"", ""inc:Salad""]",1,2026-07-28 13:13:22.576339+00,2026-07-28 13:13:22.576325+00
f40944d6-51e8-42dc-838e-3aa01d3afb87,384b833e-d0f6-4e46-b61d-2c938b36eb0d,Luchi with Meat,Luchi with Meat,লুচি+মাংস,"Crispy fried bread served with tender meat curry, paired with lentil soup and fresh salad for a satisfying meal.","Crispy fried bread served with tender meat curry, paired with lentil soup and fresh salad for a satisfying meal.","খাস্তা লুচির সাথে কোমল মাংসের তরকারি, সাথে ডাল ও তাজা সালাদ পরিবেশন করা হয়।",80.00,,136,f,Combo,Combo,কম্বো,t,https://quickbytes.buzz/uploads/menu_placeholders/beef-1.png,,"[""icon:beef"", ""inc:Dal"", ""inc:Salad""]",1,2026-07-28 13:13:23.096085+00,2026-07-28 13:13:23.096071+00
1756aae0-d8af-43bb-b570-1490bf77a1a5,384b833e-d0f6-4e46-b61d-2c938b36eb0d,Lentil Mash,Lentil Mash,ডাল ভর্তা,"Mashed lentils with mustard oil and spices, a comforting and nutritious side.","Mashed lentils with mustard oil and spices, a comforting and nutritious side.","ডাল সরিষার তেল ও মশলা দিয়ে মাখানো, একটি আরামদায়ক ও পুষ্টিকর সাইড।",30.00,,162,f,Dal,Dal,ডাল,t,https://quickbytes.buzz/uploads/menu_placeholders/dal-2.png,,"[""icon:dal""]",1,2026-07-28 13:13:23.485933+00,2026-07-28 13:13:23.485919+00
45d2da17-d076-4e57-8725-0f32d4b2f56c,384b833e-d0f6-4e46-b61d-2c938b36eb0d,Fried Egg,Fried Egg,ডিম ভাজি,"Crispy fried egg, golden yolk, perfect side for any meal.","Crispy fried egg, golden yolk, perfect side for any meal.","খাস্তা ভাজা ডিম, সোনালী কুসুম, যেকোনো খাবারের সাথে পরিবেশন উপযোগী।",25.00,,126,f,Egg,Egg,ডিম,t,https://quickbytes.buzz/uploads/menu_placeholders/beverages.png,,"[""icon:general""]",1,2026-07-28 13:13:23.786491+00,2026-07-28 13:13:23.786477+00
70e0038c-e995-41e1-9a63-fe415b403161,384b833e-d0f6-4e46-b61d-2c938b36eb0d,Dal with Rohu Fish Head (Muri Ghonto),Dal with Rohu Fish Head (Muri Ghonto),রুই মাছের মাথা দিয়ে মুড়িঘন্ট,"A traditional Bengali delicacy: lentil curry cooked with rohu fish head, rich in flavor and tradition.","A traditional Bengali delicacy: lentil curry cooked with rohu fish head, rich in flavor and tradition.","একটি ঐতিহ্যবাহী বাংলা পদ: রুই মাছের মাথা দিয়ে রান্না করা ডাল, স্বাদ ও ঐতিহ্যে সমৃদ্ধ।",50.00,,197,f,Dal,Dal,ডাল,t,https://quickbytes.buzz/uploads/menu_placeholders/dal-1.png,,"[""icon:dal""]",1,2026-07-28 13:13:23.376346+00,2026-07-28 13:13:23.376331+00
89ba41bd-43a3-46d5-adf5-a1396ebd6c3d,384b833e-d0f6-4e46-b61d-2c938b36eb0d,Mutton Head with Moong Dal,Mutton Head with Moong Dal,খাসির মাথা দিয়ে মুগ ডাল,Rich and hearty moong dal slow-cooked with tender mutton head pieces.,Rich and hearty moong dal slow-cooked with tender mutton head pieces.,খাসির মাথার টুকরো সহ ধীরে রান্না করা ঘন ও পুষ্টিকর মুগ ডাল।,50.00,,128,f,Dal,Dal,ডাল,t,https://quickbytes.buzz/uploads/menu_placeholders/dal-1.png,,"[""icon:dal""]",1,2026-07-28 13:13:23.676233+00,2026-07-28 13:13:23.676219+00
2efc1e98-b139-4612-9ecd-e0cf38bb099b,384b833e-d0f6-4e46-b61d-2c938b36eb0d,Katla Fish Curry,Katla Fish Curry,কাতল মাছের ঝোল,"Fresh Katla fish simmered in a flavorful, spicy gravy, a beloved Bengali dish.","Fresh Katla fish simmered in a flavorful, spicy gravy, a beloved Bengali dish.","তাজা কাতল মাছ সুস্বাদু মশলাদার গ্রেভিতে রান্না করা, একটি প্রিয় বাঙালি পদ।",130.00,,150,f,Fish,Fish,মাছ,t,https://quickbytes.buzz/uploads/menu_placeholders/fish-2.png,,"[""icon:fish""]",1,2026-07-28 13:13:24.076336+00,2026-07-28 13:13:24.076316+00
81f4d143-9d18-46bb-8afc-5c595fdb1074,384b833e-d0f6-4e46-b61d-2c938b36eb0d,Shrimp Masala,Shrimp Masala,চিংড়ি মাসালা,"Juicy shrimp cooked in a rich, spicy masala gravy, bursting with flavor.","Juicy shrimp cooked in a rich, spicy masala gravy, bursting with flavor.","চিংড়ি মাছ মশলাদার ঝোলে রান্না করা, স্বাদে ভরপুর।",180.00,,177,f,Fish,Fish,মাছ,t,https://quickbytes.buzz/uploads/menu_placeholders/fish-4.png,,"[""icon:fish""]",1,2026-07-28 13:13:24.536237+00,2026-07-28 13:13:24.536222+00
3da2d31a-958c-43a3-b62c-fb307b8250fa,384b833e-d0f6-4e46-b61d-2c938b36eb0d,Mutton Paya,Mutton Paya,খাসির পায়া,"Slow-cooked mutton trotters in a rich, gelatinous broth, full of flavor.","Slow-cooked mutton trotters in a rich, gelatinous broth, full of flavor.","খাসির পায়া ধীরে রান্না করে ঘন ও জেলির মতো ঝোল, স্বাদে ভরপুর।",150.00,,132,f,Mutton,Mutton,খাসির মাংস,t,https://quickbytes.buzz/uploads/menu_placeholders/mutton-3.png,,"[""icon:mutton""]",1,2026-07-28 13:13:24.887072+00,2026-07-28 13:13:24.887057+00
ce4b049d-ba9b-46ea-9b6a-b17522d4fd06,384b833e-d0f6-4e46-b61d-2c938b36eb0d,Chicken Polao,Chicken Polao,মোরগ পোলাও,Fragrant polao rice served with tender chicken pieces. A classic Bangladeshi dish that delights the senses.,Fragrant polao rice served with tender chicken pieces. A classic Bangladeshi dish that delights the senses.,সুগন্ধি পোলাও ভাতের সাথে কোমল মুরগির টুকরা পরিবেশন করা হয়। একটি ক্লাসিক বাংলাদেশী খাবার যা ইন্দ্রিয়কে আনন্দ দেয়।,180.00,,181,f,Rice,Rice,ভাত,t,https://quickbytes.buzz/uploads/menu_placeholders/biryani-3.png,,"[""icon:biryani""]",1,2026-07-28 13:13:25.37673+00,2026-07-28 13:13:25.376715+00
58b54972-278d-4d5a-983e-942d6fb1bef8,384b833e-d0f6-4e46-b61d-2c938b36eb0d,Khichuri,Khichuri,খিচুড়ী,"A comforting one-pot dish of rice and lentils, mildly spiced and aromatic.","A comforting one-pot dish of rice and lentils, mildly spiced and aromatic.","চাল ও ডালের আরামদায়ক এক-পাত্রের পদ, মৃদু মশলাদার ও সুগন্ধি।",40.00,,125,f,Rice,Rice,ভাত,t,https://quickbytes.buzz/uploads/menu_placeholders/dal-2.png,,"[""icon:dal""]",1,2026-07-28 13:13:25.716861+00,2026-07-28 13:13:25.716844+00
0fe706ca-dc14-4ab5-9a99-8839743b4e46,384b833e-d0f6-4e46-b61d-2c938b36eb0d,"Khichuri with 3 pieces beef, eggplant fry, 3 types of bharta, pickle, salad","Khichuri with 3 pieces beef, eggplant fry, 3 types of bharta, pickle, salad",খিচুড়ি + ৩ পিস গরুর মাংস + বেগুন ভাজা + ৩ রকমের ভর্তা + আঁচার + সালাদ,"A lavish khichuri platter featuring three pieces of beef, crispy eggplant fry, three varieties of mashed vegetables (bharta), pickle, and salad. A feast for the senses.","A lavish khichuri platter featuring three pieces of beef, crispy eggplant fry, three varieties of mashed vegetables (bharta), pickle, and salad. A feast for the senses.","একটি বিলাসবহুল খিচুড়ি প্লেটার যাতে তিন টুকরো গরুর মাংস, ক্রিস্পি বেগুন ভাজা, তিন রকমের ভর্তা, আঁচার এবং সালাদ রয়েছে। ইন্দ্রিয়ের জন্য একটি ভোজ।",200.00,,190,f,Rice,Rice,ভাত,t,https://quickbytes.buzz/uploads/menu_placeholders/beef-3.png,,"[""icon:beef""]",1,2026-07-28 13:13:26.026405+00,2026-07-28 13:13:26.026387+00
7097eb76-1e41-4e89-bf36-c5f2241ce026,384b833e-d0f6-4e46-b61d-2c938b36eb0d,Morog Polao,Morog Polao,মোরগ পোলাও,"A fragrant rice dish cooked with tender chicken and aromatic spices, served with salad. A classic Bengali delicacy.","A fragrant rice dish cooked with tender chicken and aromatic spices, served with salad. A classic Bengali delicacy.","সুগন্ধি চাল ও মুরগির মাংস দিয়ে রান্না করা একটি সুস্বাদু পোলাও, সালাদ সহ পরিবেশন করা হয়। একটি ঐতিহ্যবাহী বাংলা পদ।",140.00,,183,f,Rice,Rice,ভাত,t,https://quickbytes.buzz/uploads/menu_placeholders/biryani-1.png,,"[""icon:biryani""]",1,2026-07-28 13:13:26.419083+00,2026-07-28 13:13:26.419066+00
8c887154-9ad0-461e-9d39-e7895af5639f,384b833e-d0f6-4e46-b61d-2c938b36eb0d,White Rice,White Rice,সাদা ভাত,"Steamed plain white rice, soft and fluffy. A staple side dish.","Steamed plain white rice, soft and fluffy. A staple side dish.","সিদ্ধ সাদা ভাত, নরম ও ফুলকো। একটি প্রধান সাইড ডিশ।",30.00,,187,f,Rice,Rice,ভাত,t,https://quickbytes.buzz/uploads/menu_placeholders/beverages.png,,"[""icon:general""]",1,2026-07-28 13:13:26.775545+00,2026-07-28 13:13:26.775531+00
fd0a36e9-2d48-4bb1-84c5-0487d62b8319,384b833e-d0f6-4e46-b61d-2c938b36eb0d,Chicken Soup,Chicken Soup,মুরগির স্যুপ,"Warm and soothing chicken soup, perfect starter or light meal.","Warm and soothing chicken soup, perfect starter or light meal.","গরম ও আরামদায়ক মুরগির স্যুপ, শুরুতে বা হালকা খাবার হিসেবে আদর্শ।",140.00,,131,f,Soup,Soup,স্যুপ,t,https://quickbytes.buzz/uploads/menu_placeholders/soup.png,,"[""icon:soup""]",1,2026-07-28 13:13:27.256554+00,2026-07-28 13:13:27.256522+00
b2906b13-fbea-4656-850b-813298189cfa,384b833e-d0f6-4e46-b61d-2c938b36eb0d,Hilsa Fish,Hilsa Fish,ইলিশ মাছ,"Premium Hilsa fish, known for its delicate flavor, cooked to perfection.","Premium Hilsa fish, known for its delicate flavor, cooked to perfection.","উন্নত মানের ইলিশ মাছ, এর সূক্ষ্ম স্বাদের জন্য পরিচিত, নিখুঁতভাবে রান্না করা।",300.00,,153,f,Fish,Fish,মাছ,t,https://quickbytes.buzz/uploads/menu_placeholders/fish-1.png,,"[""icon:fish""]",1,2026-07-28 13:13:23.937708+00,2026-07-28 13:13:23.93769+00
032d5b47-9a5e-4bf2-9992-d15a836107cd,384b833e-d0f6-4e46-b61d-2c938b36eb0d,Rui Fish Curry,Rui Fish Curry,রুই মাছের ঝোল,"Fresh Rui fish cooked in a light, tangy gravy with traditional spices, a Bengali staple.","Fresh Rui fish cooked in a light, tangy gravy with traditional spices, a Bengali staple.","তাজা রুই মাছ হালকা টক গ্রেভিতে ঐতিহ্যবাহী মশলায় রান্না করা, একটি বাঙালি প্রধান পদ।",100.00,,149,f,Fish,Fish,মাছ,t,https://quickbytes.buzz/uploads/menu_placeholders/fish-1.png,,"[""icon:fish""]",1,2026-07-28 13:13:24.417628+00,2026-07-28 13:13:24.417613+00
e79e403c-8db3-4ae8-ac06-efe6b4f1e72b,384b833e-d0f6-4e46-b61d-2c938b36eb0d,Small Fish Curry,Small Fish Curry,ছোট মাছ,"A medley of small fish cooked in a spicy, tangy gravy, bursting with coastal flavors.","A medley of small fish cooked in a spicy, tangy gravy, bursting with coastal flavors.","ছোট মাছের মিশ্রণ মশলাদার টক গ্রেভিতে রান্না করা, উপকূলীয় স্বাদে ভরপুর।",100.00,,151,f,Fish,Fish,মাছ,t,https://quickbytes.buzz/uploads/menu_placeholders/fish-3.png,,"[""icon:fish""]",1,2026-07-28 13:13:24.8162+00,2026-07-28 13:13:24.816186+00
15627e3a-33e9-48c7-8250-86f0dbbbf198,384b833e-d0f6-4e46-b61d-2c938b36eb0d,Tender Mutton Kasha,Tender Mutton Kasha,কচি খাসির কষা মাংস,"Young mutton slow-cooked in a thick, spicy gravy with aromatic spices, delivering a rich and tender experience.","Young mutton slow-cooked in a thick, spicy gravy with aromatic spices, delivering a rich and tender experience.","কচি খাসির মাংস ঘন মশলাদার ঝোলে ধীরে রান্না করা, সুগন্ধি ও কোমল।",180.00,,173,f,Mutton,Mutton,খাসির মাংস,t,https://quickbytes.buzz/uploads/menu_placeholders/mutton-4.png,,"[""icon:mutton""]",1,2026-07-28 13:13:25.155841+00,2026-07-28 13:13:25.155827+00
b838568a-5de1-44e8-ba00-68e41c491c6f,384b833e-d0f6-4e46-b61d-2c938b36eb0d,Grand Khichuri Package-2,Grand Khichuri Package-2,গ্র্যান্ড খিচুড়ী প্যাকেজ-২,"A luxurious khichuri package with three pieces of tender mutton, fried eggplant, three kinds of mashed vegetables, pickles, and salad. A royal treat.","A luxurious khichuri package with three pieces of tender mutton, fried eggplant, three kinds of mashed vegetables, pickles, and salad. A royal treat.","বিলাসবহুল খিচুড়ি প্যাকেজ: তিন পিস কোমল খাশির মাংস, বেগুন ভাজা, তিন রকমের ভর্তা, আঁচার ও সালাদ। রাজকীয় আয়োজন।",230.00,,202,f,Rice,Rice,ভাত,t,https://quickbytes.buzz/uploads/menu_placeholders/mutton-4.png,,"[""icon:mutton"", ""inc:Khichuri"", ""inc:Mutton (3 pieces)"", ""inc:Fried Eggplant"", ""inc:3 Kinds of Mashed Vegetables"", ""inc:Pickles"", ""inc:Salad""]",1,2026-07-28 13:13:25.606654+00,2026-07-28 13:13:25.606638+00
ecbea51b-56be-417b-b1de-dbca6c3550a8,384b833e-d0f6-4e46-b61d-2c938b36eb0d,"Khichuri with 2 pieces chicken, egg fry, pickle, salad","Khichuri with 2 pieces chicken, egg fry, pickle, salad",খিচুড়ি + ২ পিস মুরগির মাংস + ডিম ভাঁজি + আঁচার + সালাদ,"Delicious khichuri paired with two tender chicken pieces, a fried egg, pickle, and salad. A comforting and flavorful meal.","Delicious khichuri paired with two tender chicken pieces, a fried egg, pickle, and salad. A comforting and flavorful meal.","সুস্বাদু খিচুড়ির সাথে দুই টুকরো নরম মুরগির মাংস, ভাঁজা ডিম, আঁচার এবং সালাদ। একটি আরামদায়ক ও স্বাদযুক্ত খাবার।",100.00,,189,f,Rice,Rice,ভাত,t,https://quickbytes.buzz/uploads/menu_placeholders/chicken-2.png,,"[""icon:chicken""]",1,2026-07-28 13:13:25.90735+00,2026-07-28 13:13:25.907333+00
1aa4cab2-2276-4885-8763-bc4c18569606,384b833e-d0f6-4e46-b61d-2c938b36eb0d,Khichuri with Chicken,Khichuri with Chicken,খিচুড়ি+ মুরগির মাংস,"A delightful khichuri served with two pieces of succulent chicken, fried egg, pickles, and fresh salad. A lighter yet satisfying option.","A delightful khichuri served with two pieces of succulent chicken, fried egg, pickles, and fresh salad. A lighter yet satisfying option.","সুস্বাদু খিচুড়ির সাথে দুই পিস রসালো মুরগির মাংস, ডিম ভাজি, আঁচার ও তাজা সালাদ। হালকা অথচ তৃপ্তিদায়ক একটি বিকল্প।",100.00,,200,f,Rice,Rice,ভাত,t,https://quickbytes.buzz/uploads/menu_placeholders/chicken-2.png,,"[""icon:chicken"", ""inc:Khichuri"", ""inc:Chicken (2 pieces)"", ""inc:Fried Egg"", ""inc:Pickles"", ""inc:Salad""]",1,2026-07-28 13:13:26.257348+00,2026-07-28 13:13:26.257195+00
5a3e1b7c-061f-4dae-9657-040a7b0204f5,384b833e-d0f6-4e46-b61d-2c938b36eb0d,White Polao,White Polao,সাদা পোলাও,"Plain white rice cooked in ghee and spices, light and fluffy. Perfect accompaniment to any curry.","Plain white rice cooked in ghee and spices, light and fluffy. Perfect accompaniment to any curry.","ঘি ও মশলা দিয়ে রান্না করা সাদা পোলাও, হালকা ও নরম। যেকোনো তরকারির সাথে উপযুক্ত।",60.00,,184,f,Rice,Rice,ভাত,t,https://quickbytes.buzz/uploads/menu_placeholders/biryani-2.png,,"[""icon:biryani""]",1,2026-07-28 13:13:26.686021+00,2026-07-28 13:13:26.685967+00
6947a3d3-2234-4f6c-bbdf-4e7ce30a1748,384b833e-d0f6-4e46-b61d-2c938b36eb0d,White Rice with Shrimp Masala and Salad,White Rice with Shrimp Masala and Salad,সাদা পোলাও + চিংড়ি মাসালা + সালাদ,Steamed white rice served with spicy shrimp masala and fresh salad. A delightful seafood combination.,Steamed white rice served with spicy shrimp masala and fresh salad. A delightful seafood combination.,ভাপে সিদ্ধ সাদা পোলাওয়ের সাথে মসলাদার চিংড়ি মাসালা এবং তাজা সালাদ। একটি চমৎকার সামুদ্রিক খাবারের সমন্বয়।,160.00,,193,f,Rice,Rice,ভাত,t,https://quickbytes.buzz/uploads/menu_placeholders/fish-3.png,,"[""icon:fish""]",1,2026-07-28 13:13:26.956805+00,2026-07-28 13:13:26.956789+00
765b4449-6292-4424-94cd-b897c205a335,384b833e-d0f6-4e46-b61d-2c938b36eb0d,Prawn Masala,Prawn Masala,চিংড়ি মাসালা,"Succulent prawns cooked in a rich, spicy masala gravy, a seafood delight.","Succulent prawns cooked in a rich, spicy masala gravy, a seafood delight.","রসালো চিংড়ি সমৃদ্ধ মশলাদার মাসালা গ্রেভিতে রান্না করা, একটি সামুদ্রিক আনন্দ।",180.00,,152,f,Fish,Fish,মাছ,t,https://quickbytes.buzz/uploads/menu_placeholders/fish-4.png,,"[""icon:fish""]",1,2026-07-28 13:13:24.216045+00,2026-07-28 13:13:24.216031+00
1925ba48-62b6-42b4-947e-09f4b35465e0,384b833e-d0f6-4e46-b61d-2c938b36eb0d,Small Fish,Small Fish,ছোট মাছ,"Assorted small fish cooked in a traditional Bengali style, crispy and flavorful.","Assorted small fish cooked in a traditional Bengali style, crispy and flavorful.","ছোট মাছ ভাজি বা ঝোল, ঐতিহ্যবাহী বাঙালি রন্ধনশৈলীতে।",100.00,,176,f,Fish,Fish,মাছ,t,https://quickbytes.buzz/uploads/menu_placeholders/fish-3.png,,"[""icon:fish""]",1,2026-07-28 13:13:24.666743+00,2026-07-28 13:13:24.666728+00
abbcca61-aa0e-48fe-8301-b9f9f8f2d8cd,384b833e-d0f6-4e46-b61d-2c938b36eb0d,Tender Mutton Kash,Tender Mutton Kash,কচি খাসির কষা মাংস,"Young mutton slow-cooked with aromatic spices in a thick, rich gravy, bursting with flavor.","Young mutton slow-cooked with aromatic spices in a thick, rich gravy, bursting with flavor.","কচি খাসির মাংস সুগন্ধি মশলায় ধীরে রান্না করা ঘন গ্রেভিতে, স্বাদে ভরপুর।",180.00,,144,f,Mutton,Mutton,খাসির মাংস,t,https://quickbytes.buzz/uploads/menu_placeholders/mutton-4.png,,"[""icon:mutton""]",1,2026-07-28 13:13:25.065858+00,2026-07-28 13:13:25.065843+00
21d9287e-58f1-4dcd-83d1-ff51a0d75f60,384b833e-d0f6-4e46-b61d-2c938b36eb0d,Grand Khichuri Package-1,Grand Khichuri Package-1,গ্র্যান্ড খিচুড়ী প্যাকেজ-১,"A grand khichuri feast with three pieces of beef, fried eggplant, three kinds of mashed vegetables, pickles, and salad. Perfect for a hearty appetite.","A grand khichuri feast with three pieces of beef, fried eggplant, three kinds of mashed vegetables, pickles, and salad. Perfect for a hearty appetite.","বিশাল খিচুড়ি ভোজ: তিন পিস গরুর মাংস, বেগুন ভাজা, তিন রকমের ভর্তা, আঁচার ও সালাদ। পেট ভরা খাবারের জন্য আদর্শ।",200.00,,201,f,Rice,Rice,ভাত,t,https://quickbytes.buzz/uploads/menu_placeholders/beef-3.png,,"[""icon:beef"", ""inc:Khichuri"", ""inc:Beef (3 pieces)"", ""inc:Fried Eggplant"", ""inc:3 Kinds of Mashed Vegetables"", ""inc:Pickles"", ""inc:Salad""]",1,2026-07-28 13:13:25.48609+00,2026-07-28 13:13:25.486075+00
46db870c-70c7-4e14-8fda-54c6c45357bb,384b833e-d0f6-4e46-b61d-2c938b36eb0d,"Khichuri with 2 pieces beef, egg fry, pickle, salad","Khichuri with 2 pieces beef, egg fry, pickle, salad",খিচুড়ি + ২ পিস গরুর মাংস + ডিম ভাঁজি + আঁচার + সালাদ,"A hearty bowl of khichuri served with two succulent pieces of beef, a perfectly fried egg, tangy pickle, and fresh salad. A satisfying meal for lunch or dinner.","A hearty bowl of khichuri served with two succulent pieces of beef, a perfectly fried egg, tangy pickle, and fresh salad. A satisfying meal for lunch or dinner.","এক বাটি গরম খিচুড়ির সাথে পরিবেশন করা হচ্ছে দুই টুকরো রসালো গরুর মাংস, একটি সুন্দর ভাঁজা ডিম, টক আঁচার এবং তাজা সালাদ। দুপুর বা রাতের খাবারের জন্য একটি তৃপ্তিদায়ক খাবার।",130.00,,188,f,Rice,Rice,ভাত,t,https://quickbytes.buzz/uploads/menu_placeholders/beef-1.png,,"[""icon:beef""]",1,2026-07-28 13:13:25.796833+00,2026-07-28 13:13:25.796816+00
8dce5f37-139c-4cf4-a25c-7cf9f17ad152,384b833e-d0f6-4e46-b61d-2c938b36eb0d,Khichuri with Beef,Khichuri with Beef,খিচুড়ি+ গরুর মাংস,"A comforting bowl of khichuri served with two pieces of tender beef, fried egg, pickles, and fresh salad. A hearty meal perfect for lunch or dinner.","A comforting bowl of khichuri served with two pieces of tender beef, fried egg, pickles, and fresh salad. A hearty meal perfect for lunch or dinner.","আরামদায়ক খিচুড়ির সাথে দুই পিস কোমল গরুর মাংস, ডিম ভাজি, আঁচার ও তাজা সালাদ। দুপুর বা রাতের খাবারের জন্য একটি পুষ্টিকর আয়োজন।",130.00,,199,f,Rice,Rice,ভাত,t,https://quickbytes.buzz/uploads/menu_placeholders/beef-1.png,,"[""icon:beef"", ""inc:Khichuri"", ""inc:Beef (2 pieces)"", ""inc:Fried Egg"", ""inc:Pickles"", ""inc:Salad""]",1,2026-07-28 13:13:26.156727+00,2026-07-28 13:13:26.156709+00
b8b01c1a-84e3-4006-ad4c-5a90c6e050a7,384b833e-d0f6-4e46-b61d-2c938b36eb0d,Plain Rice with Fish Mash and Salad,Plain Rice with Fish Mash and Salad,সাদা ভাত+ মাছ ভর্তা+ সালাদ,Simple steamed rice served with spicy mashed fish and fresh salad. A light yet flavorful meal.,Simple steamed rice served with spicy mashed fish and fresh salad. A light yet flavorful meal.,"সাদা ভাত, ঝাল মাছ ভর্তা ও তাজা সালাদ সহ। হালকা অথচ স্বাদে ভরপুর খাবার।",140.00,,204,f,Rice,Rice,ভাত,t,https://quickbytes.buzz/uploads/menu_placeholders/fish-4.png,,"[""icon:fish"", ""inc:Plain Rice"", ""inc:Fish Mash"", ""inc:Salad""]",1,2026-07-28 13:13:26.556734+00,2026-07-28 13:13:26.556718+00
3ae6838e-4872-405c-8685-3bd0753749a5,384b833e-d0f6-4e46-b61d-2c938b36eb0d,White Rice with Fish,White Rice with Fish,সাদা ভাত মাছ,"Simple steamed white rice served with fish, mashed vegetables, and salad. A light and wholesome meal.","Simple steamed white rice served with fish, mashed vegetables, and salad. A light and wholesome meal.","সাদা সিদ্ধ ভাত মাছ, ভর্তা ও সালাদ সহ পরিবেশন করা হয়। একটি হালকা ও পুষ্টিকর খাবার।",140.00,,182,f,Rice,Rice,ভাত,t,https://quickbytes.buzz/uploads/menu_placeholders/fish-4.png,,"[""icon:fish"", ""inc:White Rice"", ""inc:Fish"", ""inc:Mashed Vegetables"", ""inc:Salad""]",1,2026-07-28 13:13:26.867629+00,2026-07-28 13:13:26.867612+00
0a28d54a-cd6d-4b94-b59f-a4ab6f73c08c,384b833e-d0f6-4e46-b61d-2c938b36eb0d,Khirsa,Khirsa,খিরসা,"A traditional Bengali sweet made from thickened milk and sugar, delicately flavored. A perfect end to any meal.","A traditional Bengali sweet made from thickened milk and sugar, delicately flavored. A perfect end to any meal.","ঘন দুধ ও চিনি দিয়ে তৈরি একটি ঐতিহ্যবাহী বাংলা মিষ্টি, সূক্ষ্ম স্বাদযুক্ত। যেকোনো খাবারের নিখুঁত সমাপ্তি।",50.00,,194,f,Sweets,Sweets,মিষ্টান্ন,t,https://quickbytes.buzz/uploads/menu_placeholders/Desserts.png,,"[""icon:sweets""]",1,2026-07-28 13:13:27.536351+00,2026-07-28 13:13:27.536332+00
169391da-9dbc-4d09-978d-ef2271d4f869,384b833e-d0f6-4e46-b61d-2c938b36eb0d,Grand Khichuri Package-1,Grand Khichuri Package-1,গ্র্যান্ড খিচুড়ী প্যাকেজ-১,"A hearty platter of khichuri served with 3 pieces of beef, fried eggplant, 3 types of mashed vegetables, pickles, and salad. Perfect for a fulfilling meal.","A hearty platter of khichuri served with 3 pieces of beef, fried eggplant, 3 types of mashed vegetables, pickles, and salad. Perfect for a fulfilling meal.","একটি হৃদয়গ্রাহী খিচুড়ি প্লেটার যা ৩ পিস গরুর মাংস, বেগুন ভাজা, ৩ রকমের ভর্তা, আঁচার ও সালাদ সহ পরিবেশন করা হয়। একটি তৃপ্তিদায়ক খাবারের জন্য উপযুক্ত।",200.00,,179,f,Rice Platter,Rice Platter,ভাতের প্লেটার,t,https://quickbytes.buzz/uploads/menu_placeholders/biryani-1.png,,"[""icon:biryani"", ""inc:Khichuri"", ""inc:Beef (3 pieces)"", ""inc:Fried Eggplant"", ""inc:3 Types of Mashed Vegetables"", ""inc:Pickles"", ""inc:Salad""]",1,2026-07-28 13:13:27.038252+00,2026-07-28 13:13:27.038236+00
51b3581f-940d-4196-ac42-9c3635fa110d,384b833e-d0f6-4e46-b61d-2c938b36eb0d,Bundia,Bundia,বুন্দিয়া,"Crispy, tiny gram flour balls soaked in sugar syrup, a classic sweet.","Crispy, tiny gram flour balls soaked in sugar syrup, a classic sweet.","ছোট ছোট খাস্তা বেসনের বল চিনির সিরায় ভেজানো, একটি ক্লাসিক মিষ্টি।",30.00,,134,f,Sweets,Sweets,মিষ্টি,t,https://quickbytes.buzz/uploads/menu_placeholders/sweets.png,,"[""icon:sweets""]",1,2026-07-28 13:13:27.345903+00,2026-07-28 13:13:27.345884+00
1a7121ee-a746-4ff5-8438-e5cd7620fb7d,384b833e-d0f6-4e46-b61d-2c938b36eb0d,Mixed Vegetable/Potato Fry,Mixed Vegetable/Potato Fry,মিক্সড সবজি/আলু ভাজি,"Assorted vegetables or potatoes stir-fried with spices, a crispy and tasty side.","Assorted vegetables or potatoes stir-fried with spices, a crispy and tasty side.","মিশ্র সবজি বা আলু মশলা দিয়ে ভাজা, একটি খাস্তা ও সুস্বাদু সাইড।",30.00,,168,f,Vegetable,Vegetable,সবজি,t,https://quickbytes.buzz/uploads/menu_placeholders/vegetable-1.png,,"[""icon:vegetable""]",1,2026-07-28 13:13:28.037092+00,2026-07-28 13:13:28.037055+00
01eca084-ae7a-45e8-9fc4-49b05fbae2f4,384b833e-d0f6-4e46-b61d-2c938b36eb0d,Grand Khichuri Package-2,Grand Khichuri Package-2,গ্র্যান্ড খিচুড়ী প্যাকেজ-২,"A rich khichuri platter accompanied by 3 pieces of mutton, fried eggplant, 3 types of mashed vegetables, pickles, and salad. A royal treat.","A rich khichuri platter accompanied by 3 pieces of mutton, fried eggplant, 3 types of mashed vegetables, pickles, and salad. A royal treat.","একটি সমৃদ্ধ খিচুড়ি প্লেটার যা ৩ পিস খাশির মাংস, বেগুন ভাজা, ৩ রকমের ভর্তা, আঁচার ও সালাদ সহ পরিবেশন করা হয়। একটি রাজকীয় আপ্যায়ন।",230.00,,180,f,Rice Platter,Rice Platter,ভাতের প্লেটার,t,https://quickbytes.buzz/uploads/menu_placeholders/biryani-2.png,,"[""icon:biryani"", ""inc:Khichuri"", ""inc:Mutton (3 pieces)"", ""inc:Fried Eggplant"", ""inc:3 Types of Mashed Vegetables"", ""inc:Pickles"", ""inc:Salad""]",1,2026-07-28 13:13:27.165855+00,2026-07-28 13:13:27.16584+00
ba28d87d-e1cb-4e00-8068-e01596eba510,384b833e-d0f6-4e46-b61d-2c938b36eb0d,Doi (Yogurt),Doi (Yogurt),দই,"Creamy and tangy homemade yogurt, a refreshing and healthy dessert option.","Creamy and tangy homemade yogurt, a refreshing and healthy dessert option.","ক্রিমি ও টক ঘরে তৈরি দই, একটি সতেজ ও স্বাস্থ্যকর ডেজার্ট অপশন।",50.00,,195,f,Sweets,Sweets,মিষ্টান্ন,t,https://quickbytes.buzz/uploads/menu_placeholders/sweets.png,,"[""icon:sweets""]",1,2026-07-28 13:13:27.425864+00,2026-07-28 13:13:27.42585+00
0e531ce5-09da-4c16-b766-b1c5314b9d12,384b833e-d0f6-4e46-b61d-2c938b36eb0d,Rosmalai,Rosmalai,রসমালাই,"Soft cottage cheese dumplings soaked in sweetened, thickened milk. A beloved Bengali sweet.","Soft cottage cheese dumplings soaked in sweetened, thickened milk. A beloved Bengali sweet.",নরম ছানার পিঠা মিষ্টি ঘন দুধে ভেজানো। একটি প্রিয় বাংলা মিষ্টি।,80.00,,196,f,Sweets,Sweets,মিষ্টান্ন,t,https://quickbytes.buzz/uploads/menu_placeholders/Desserts.png,,"[""icon:sweets""]",1,2026-07-28 13:13:27.875901+00,2026-07-28 13:13:27.875887+00
2ff7dddc-98e5-4487-a60e-74dbec653e1f,384b833e-d0f6-4e46-b61d-2c938b36eb0d,Vegetable Curry,Vegetable Curry,সবজি,"Mixed seasonal vegetables cooked in a light, flavorful gravy.","Mixed seasonal vegetables cooked in a light, flavorful gravy.",মৌসুমি সবজি হালকা ও সুস্বাদু ঝোলে রান্না করা।,30.00,,127,f,Vegetable,Vegetable,সবজি,t,https://quickbytes.buzz/uploads/menu_placeholders/vegetable-1.png,,"[""icon:vegetable""]",1,2026-07-28 13:13:28.116728+00,2026-07-28 13:13:28.11671+00
596b8924-661f-4445-8fa0-781d4b9a20f7,384b833e-d0f6-4e46-b61d-2c938b36eb0d,Fried Eggplant,Fried Eggplant,বেগুন ভাজা,"Sliced eggplant deep-fried to golden perfection, a crispy and delicious side.","Sliced eggplant deep-fried to golden perfection, a crispy and delicious side.","বেগুনের টুকরা সোনালী করে ভাজা, একটি খাস্তা ও সুস্বাদু সাইড।",20.00,,169,f,Vegetable,Vegetable,সবজি,t,https://quickbytes.buzz/uploads/menu_placeholders/vegetable-1.png,,"[""icon:vegetable""]",1,2026-07-28 13:13:27.9461+00,2026-07-28 13:13:27.94608+00
48479ee8-257a-479c-b499-b65d6c9a9497,384b833e-d0f6-4e46-b61d-2c938b36eb0d,Combo 2,Combo 2,কম্বো ২,BBQ Rice Bowl paired with Mr. Lemonade for a smoky and refreshing experience.,BBQ Rice Bowl paired with Mr. Lemonade for a smoky and refreshing experience.,"বিবিকিউ রাইস বাওল এবং মিস্টার লেমোনেডের সংমিশ্রণ, একটি স্মোকি ও রিফ্রেশিং অভিজ্ঞতার জন্য।",329.00,,206,f,Combo,Combo,কম্বো,t,https://quickbytes.buzz/uploads/menu_placeholders/beverages.png,,"[""icon:beverages"", ""inc:BBQ Rice Bowl"", ""inc:Mr. Lemonade""]",1,2026-07-28 13:17:48.293519+00,2026-07-28 13:17:48.293502+00
73a400e7-388a-49d6-b2ba-ad19d3dbb94d,384b833e-d0f6-4e46-b61d-2c938b36eb0d,Combo 3,Combo 3,কম্বো ৩,"Fried Rice with Crispy Chicken, Coleslaw, and a Soft Drink for a complete meal.","Fried Rice with Crispy Chicken, Coleslaw, and a Soft Drink for a complete meal.","ফ্রাইড রাইস, ক্রিস্পি চিকেন, কোলসলা এবং একটি সফট ড্রিংক সহ একটি সম্পূর্ণ খাবার।",329.00,,207,f,Combo,Combo,কম্বো,t,https://quickbytes.buzz/uploads/menu_placeholders/chicken-4.png,,"[""icon:chicken"", ""inc:Fried Rice"", ""inc:Crispy Chicken"", ""inc:Coleslaw"", ""inc:Soft Drink""]",1,2026-07-28 13:17:48.375505+00,2026-07-28 13:17:48.375487+00
42a7f203-e859-4863-8bc4-d8f6cd0adfd4,384b833e-d0f6-4e46-b61d-2c938b36eb0d,Combo 4,Combo 4,কম্বো ৪,"Real Star with small French Fries and Mr. Lemonade, a classic combo.","Real Star with small French Fries and Mr. Lemonade, a classic combo.","রিয়েল স্টার, ছোট ফ্রেঞ্চ ফ্রাই এবং মিস্টার লেমোনেড, একটি ক্লাসিক কম্বো।",399.00,,208,f,Combo,Combo,কম্বো,t,https://quickbytes.buzz/uploads/menu_placeholders/beverages.png,,"[""icon:beverages"", ""inc:Real Star"", ""inc:French Fries (Small)"", ""inc:Mr. Lemonade""]",1,2026-07-28 13:17:48.436016+00,2026-07-28 13:17:48.435999+00
8a82d823-6419-4721-9762-1ffb6844fe98,384b833e-d0f6-4e46-b61d-2c938b36eb0d,Combo 5,Combo 5,কম্বো ৫,"BBQ Chicken Cheese French Fries (small), Crispy Chicken, and small Cold Coffee.","BBQ Chicken Cheese French Fries (small), Crispy Chicken, and small Cold Coffee.","বিবিকিউ চিকেন চিজ ফ্রেঞ্চ ফ্রাই (ছোট), ক্রিস্পি চিকেন এবং ছোট কোল্ড কফি।",439.00,,209,f,Combo,Combo,কম্বো,t,https://quickbytes.buzz/uploads/menu_placeholders/fried-chicken.png,,"[""icon:chicken"", ""inc:BBQ Chicken Cheese French Fries (Small)"", ""inc:Crispy Chicken"", ""inc:Cold Coffee (Small)""]",1,2026-07-28 13:17:48.566888+00,2026-07-28 13:17:48.566871+00
27d50db3-a4f9-4cb0-ad53-edbbfbeed10a,384b833e-d0f6-4e46-b61d-2c938b36eb0d,Combo 6,Combo 6,কম্বো ৬,"Chicken Cheese Delicious French Fries, a cheesy and crispy delight.","Chicken Cheese Delicious French Fries, a cheesy and crispy delight.","চিকেন চিজ ডেলিশিয়াস ফ্রেঞ্চ ফ্রাই, একটি চিজি ও ক্রিস্পি আনন্দ।",459.00,,210,f,Combo,Combo,কম্বো,t,https://quickbytes.buzz/uploads/menu_placeholders/chicken-1.png,,"[""icon:chicken"", ""inc:Chicken Cheese Delicious French Fries""]",1,2026-07-28 13:17:48.645684+00,2026-07-28 13:17:48.645668+00
2d437d75-30f0-469c-9502-0bd87017a9e5,384b833e-d0f6-4e46-b61d-2c938b36eb0d,Combo 7,Combo 7,কম্বো ৭,Fried Rice with 4 pieces of Crispy Wings and a Soft Drink.,Fried Rice with 4 pieces of Crispy Wings and a Soft Drink.,"ফ্রাইড রাইস, ৪ পিস ক্রিস্পি উইংস এবং একটি সফট ড্রিংক।",339.00,,211,f,Combo,Combo,কম্বো,t,https://quickbytes.buzz/uploads/menu_placeholders/chicken-2.png,,"[""icon:chicken"", ""inc:Fried Rice"", ""inc:Crispy Wings (4 pcs)"", ""inc:Soft Drink""]",1,2026-07-28 13:17:48.745587+00,2026-07-28 13:17:48.745571+00
1b090d94-f79e-4309-bad8-78ccc6a542ed,384b833e-d0f6-4e46-b61d-2c938b36eb0d,Combo 8,Combo 8,কম্বো ৮,Chicken Fried Rice with Boo Chicken Drumstick and Mr. Lemonade.,Chicken Fried Rice with Boo Chicken Drumstick and Mr. Lemonade.,"চিকেন ফ্রাইড রাইস, বু চিকেন ড্রামস্টিক এবং মিস্টার লেমোনেড।",359.00,,212,f,Combo,Combo,কম্বো,t,https://quickbytes.buzz/uploads/menu_placeholders/chicken-4.png,,"[""icon:chicken"", ""inc:Chicken Fried Rice"", ""inc:Boo Chicken Drumstick"", ""inc:Mr. Lemonade""]",1,2026-07-28 13:17:48.845434+00,2026-07-28 13:17:48.845418+00
25ac3b5a-6a25-41d8-adf3-430d91df12e5,384b833e-d0f6-4e46-b61d-2c938b36eb0d,Double Combo 1,Double Combo 1,ডাবল কম্বো ১,"Two Rice Bowls (BBQ Rice Bowl) with 2 Mr. Lemonade, perfect for sharing.","Two Rice Bowls (BBQ Rice Bowl) with 2 Mr. Lemonade, perfect for sharing.","দুটি রাইস বাওল (বিবিকিউ রাইস বাওল) এবং ২টি মিস্টার লেমোনেড, শেয়ার করার জন্য উপযুক্ত।",629.00,,213,f,Double Combo,Double Combo,ডাবল কম্বো,t,https://quickbytes.buzz/uploads/menu_placeholders/beverages.png,,"[""icon:beverages"", ""inc:BBQ Rice Bowl"", ""inc:BBQ Rice Bowl"", ""inc:Mr. Lemonade"", ""inc:Mr. Lemonade""]",1,2026-07-28 13:17:48.915605+00,2026-07-28 13:17:48.915589+00
ecdd8551-ee7a-4afb-9160-8e7b40832245,384b833e-d0f6-4e46-b61d-2c938b36eb0d,Double Combo 2,Double Combo 2,ডাবল কম্বো ২,Real Star BBQ Chicken Cheese with 1 Large French Fries and 2 Mr. Lemonade.,Real Star BBQ Chicken Cheese with 1 Large French Fries and 2 Mr. Lemonade.,"রিয়েল স্টার বিবিকিউ চিকেন চিজ, ১টি লার্জ ফ্রেঞ্চ ফ্রাই এবং ২টি মিস্টার লেমোনেড।",699.00,,214,f,Double Combo,Double Combo,ডাবল কম্বো,t,https://quickbytes.buzz/uploads/menu_placeholders/fried-chicken.png,,"[""icon:chicken"", ""inc:Real Star BBQ Chicken Cheese"", ""inc:Large French Fries"", ""inc:Mr. Lemonade"", ""inc:Mr. Lemonade""]",1,2026-07-28 13:17:49.045781+00,2026-07-28 13:17:49.045764+00
1ea1e68f-130f-490f-a803-5d2040f6ca70,384b833e-d0f6-4e46-b61d-2c938b36eb0d,Combo 1,Combo 1,কম্বো ১,"A delightful combination of Rice Bowl and Mr. Lemonade, perfect for a satisfying meal.","A delightful combination of Rice Bowl and Mr. Lemonade, perfect for a satisfying meal.","একটি চমৎকার কম্বো যাতে রয়েছে রাইস বাওল এবং মিস্টার লেমোনেড, যা একটি তৃপ্তিদায়ক খাবারের জন্য উপযুক্ত।",299.00,,205,f,Combo,Combo,কম্বো,t,https://quickbytes.buzz/uploads/menu_placeholders/beverages.png,,"[""icon:beverages"", ""inc:Rice Bowl"", ""inc:Mr. Lemonade""]",1,2026-07-28 13:17:48.210116+00,2026-07-28 13:17:48.210095+00
9dc1b608-a068-4ae8-84f6-076b0a102475,384b833e-d0f6-4e46-b61d-2c938b36eb0d,Mega Combo,Mega Combo,মেগা কম্বো,"Two Rice Bowls, a mega portion for a hearty appetite.","Two Rice Bowls, a mega portion for a hearty appetite.","দুটি রাইস বাওল, একটি বড় অংশ যা ক্ষুধা মেটানোর জন্য।",1799.00,,215,f,Mega Combo,Mega Combo,মেগা কম্বো,t,https://quickbytes.buzz/uploads/menu_placeholders/beverages.png,,"[""icon:general"", ""inc:Rice Bowl"", ""inc:Rice Bowl""]",1,2026-07-28 13:17:49.131197+00,2026-07-28 13:17:49.131161+00
5793b163-562b-4713-b5cb-3a8ce766436c,384b833e-d0f6-4e46-b61d-2c938b36eb0d,Original Crispy BBQ Bacon Stacker Burger Box,Original Crispy BBQ Bacon Stacker Burger Box,অরিজিনাল ক্রিসপি বিবিকিউ বেকন স্ট্যাকার বার্গার বক্স,"A towering burger with crispy chicken, BBQ sauce, and bacon, stacked high in a box meal. For the ultimate burger lover.","A towering burger with crispy chicken, BBQ sauce, and bacon, stacked high in a box meal. For the ultimate burger lover.","ক্রিসপি চিকেন, বিবিকিউ সস এবং বেকন সহ একটি উঁচু বার্গার, বক্স মিলে স্ট্যাক করা। আল্টিমেট বার্গার প্রেমীদের জন্য।",22.95,,222,f,Boxed Meals,Boxed Meals,বক্সড মিল,t,https://quickbytes.buzz/uploads/menu_placeholders/chicken-2.png,,"[""icon:chicken""]",1,2026-07-31 15:12:07.866099+00,2026-07-31 15:12:07.866079+00
2d22ccfb-4fe6-4c2e-bf8b-d4930c4b4047,384b833e-d0f6-4e46-b61d-2c938b36eb0d,Original Crispy Burger Box,Original Crispy Burger Box,অরিজিনাল ক্রিস্পি বার্গার বক্স,"Our classic Original Crispy chicken fillet in a burger, served with fries and a drink in a convenient box. A timeless favorite.","Our classic Original Crispy chicken fillet in a burger, served with fries and a drink in a convenient box. A timeless favorite.","আমাদের ক্লাসিক অরিজিনাল ক্রিস্পি চিকেন ফিলেট একটি বার্গারে, ফ্রাই এবং একটি ড্রিংক সহ একটি সুবিধাজনক বক্সে পরিবেশিত। একটি নিরবধি প্রিয়।",18.95,,219,f,Boxed Meals,Boxed Meals,বক্সড মিল,t,https://quickbytes.buzz/uploads/menu_placeholders/chicken_fry.png,,"[""icon:chicken""]",1,2026-07-31 15:12:10.425938+00,2026-07-31 15:12:10.425922+00
ed42f029-56b6-4bd9-821d-5e1d8da62fff,384b833e-d0f6-4e46-b61d-2c938b36eb0d,Lychee Cooler,Lychee Cooler,লিচু কুলার,"A sweet and tangy lychee drink, served over ice.","A sweet and tangy lychee drink, served over ice.","মিষ্টি এবং টক লিচু ড্রিংক, বরফের উপর পরিবেশন করা হয়।",170.00,,420,f,Beverages,Beverages,বেভারেজ,t,https://quickbytes.buzz/uploads/menu_placeholders/juice.png,,"[""icon:juice""]",1,2026-08-02 16:57:48.466157+00,2026-08-02 16:57:48.466142+00
ee7d4be7-3aa1-41fa-a1ed-0aafd0078e13,384b833e-d0f6-4e46-b61d-2c938b36eb0d,Grilled Chicken Sandwich,Grilled Chicken Sandwich,গ্রিলড চিকেন স্যান্ডউইচ,"Grilled chicken breast with lettuce, tomato, and mayo, served on toasted bread. A healthy and tasty choice.","Grilled chicken breast with lettuce, tomato, and mayo, served on toasted bread. A healthy and tasty choice.","গ্রিলড চিকেন ব্রেস্ট, লেটুস, টমেটো এবং মেয়োনিজ সহ টোস্ট করা রুটিতে পরিবেশন করা হয়। স্বাস্থ্যকর ও সুস্বাদু।",320.00,,392,f,Sandwich,Sandwich,স্যান্ডউইচ,t,https://quickbytes.buzz/uploads/menu_placeholders/chicken-2.png,,"[""icon:chicken""]",1,2026-08-02 16:59:11.315524+00,2026-08-02 16:59:11.315509+00
763b6dc7-87a4-4461-8b8a-a53c8c7fad81,384b833e-d0f6-4e46-b61d-2c938b36eb0d,Black Pepper Chicken with Sesame Sauce,Black Pepper Chicken with Sesame Sauce,ব্ল্যাক পেপার চিকেন উইথ সেসেম সস,"Chicken stir-fried with black pepper and a savory sesame sauce, served with rice.","Chicken stir-fried with black pepper and a savory sesame sauce, served with rice.","কালো গোলমরিচ এবং সুস্বাদু সেসেম সসে ভাজা চিকেন, ভাতের সাথে পরিবেশন করা হয়।",370.00,,410,f,Set Menu,Set Menu,সেট মেনু,t,https://quickbytes.buzz/uploads/menu_placeholders/fried-chicken.png,,"[""icon:chicken""]",1,2026-08-02 16:59:20.554692+00,2026-08-02 16:59:20.554677+00
3ae325e4-6726-42a4-818a-9f6714a951a2,384b833e-d0f6-4e46-b61d-2c938b36eb0d,Chicken Chilli Meal,Chicken Chilli Meal,চিকেন চিলি মিল,"Spicy chilli chicken with bell peppers and onions, served with steamed rice.","Spicy chilli chicken with bell peppers and onions, served with steamed rice.","মশলাদার চিলি চিকেন, বেল পেপার এবং পেঁয়াজ সহ, স্টিমড রাইসের সাথে পরিবেশন করা হয়।",290.00,,406,f,Set Menu,Set Menu,সেট মেনু,t,https://quickbytes.buzz/uploads/menu_placeholders/chicken-1.png,,"[""icon:chicken""]",1,2026-08-02 16:59:23.275556+00,2026-08-02 16:59:23.27554+00
3ba51ceb-a2d2-4a71-bdfd-70a8e1d98e19,384b833e-d0f6-4e46-b61d-2c938b36eb0d,4 Pra Wings Friss,4 Pra Wings Friss,৪ প্রা উইংস ফ্রিস,"A platter of four crispy and flavorful chicken wings, perfect for sharing.","A platter of four crispy and flavorful chicken wings, perfect for sharing.","চারটি খাস্তা এবং সুস্বাদু চিকেন উইংসের একটি প্লেটার, শেয়ার করার জন্য উপযুক্ত।",199.00,,228,f,Appetizer,Appetizer,অ্যাপেটাইজার,t,https://quickbytes.buzz/uploads/menu_placeholders/chicken-1.png,,"[""icon:chicken""]",1,2026-07-31 15:10:20.784551+00,2026-07-31 15:10:20.784533+00
72094e2b-ccfd-4391-a1a3-51507fa9ebbd,384b833e-d0f6-4e46-b61d-2c938b36eb0d,Fit Fiat Shals,Fit Fiat Shals,ফিট ফিয়াট শালস,A healthy and fit drink option.,A healthy and fit drink option.,একটি স্বাস্থ্যকর এবং ফিট পানীয় বিকল্প।,20.00,,233,f,Beverages,Beverages,পানীয়,t,https://quickbytes.buzz/uploads/menu_placeholders/beverages.png,,"[""icon:beverages""]",1,2026-07-31 15:10:30.040653+00,2026-07-31 15:10:30.040634+00
72455144-b0aa-4888-825d-9633430f2aa4,384b833e-d0f6-4e46-b61d-2c938b36eb0d,Shakes & Dr,Shakes & Dr,শেকস অ্যান্ড ড্র,Refreshing shakes and drinks to complement your meal.,Refreshing shakes and drinks to complement your meal.,আপনার খাবারের পরিপূরক করার জন্য রিফ্রেশিং শেক এবং পানীয়।,30.00,,232,f,Beverages,Beverages,পানীয়,t,https://quickbytes.buzz/uploads/menu_placeholders/beverages.png,,"[""icon:beverages""]",1,2026-07-31 15:10:32.914804+00,2026-07-31 15:10:32.914788+00
23ffa278-5298-45df-94b4-bebd4b3722a8,384b833e-d0f6-4e46-b61d-2c938b36eb0d,Cheese Black Star,Cheese Black Star,চিজ ব্ল্যাক স্টার,"A delicious burger featuring a black bun and rich cheese, offering a unique and indulgent taste experience.","A delicious burger featuring a black bun and rich cheese, offering a unique and indulgent taste experience.","একটি কালো বান এবং সমৃদ্ধ পনির সমন্বিত একটি সুস্বাদু বার্গার, একটি অনন্য এবং ভোগের স্বাদ অভিজ্ঞতা প্রদান করে।",185.00,,226,f,Burger,Burger,বার্গার,t,https://quickbytes.buzz/uploads/menu_placeholders/burger.png,,"[""icon:burger""]",1,2026-07-31 15:12:22.955609+00,2026-07-31 15:12:22.955592+00
582ddd7a-593f-4fd9-9c30-6469cc910894,384b833e-d0f6-4e46-b61d-2c938b36eb0d,Delicious Real Star,Delicious Real Star,ডেলিশিয়াস রিয়েল স্টার,A star-quality burger that delivers real taste with fresh ingredients and a juicy patty.,A star-quality burger that delivers real taste with fresh ingredients and a juicy patty.,একটি স্টার-কোয়ালিটি বার্গার যা তাজা উপাদান এবং একটি রসালো প্যাটি দিয়ে আসল স্বাদ প্রদান করে।,199.00,,229,f,Burger,Burger,বার্গার,t,https://quickbytes.buzz/uploads/menu_placeholders/burger.png,,"[""icon:burger""]",1,2026-07-31 15:12:23.844877+00,2026-07-31 15:12:23.84486+00
fa40daf6-0f04-40d4-a317-a2968e07d86e,384b833e-d0f6-4e46-b61d-2c938b36eb0d,Two S,Two S,টু এস,"A tasty burger option with a satisfying combination of ingredients, perfect for a quick meal.","A tasty burger option with a satisfying combination of ingredients, perfect for a quick meal.","উপাদানের একটি সন্তোষজনক সংমিশ্রণ সহ একটি সুস্বাদু বার্গার বিকল্প, দ্রুত খাবারের জন্য উপযুক্ত।",199.00,,227,f,Burger,Burger,বার্গার,t,https://quickbytes.buzz/uploads/menu_placeholders/burger.png,,"[""icon:burger""]",1,2026-07-31 15:12:27.626357+00,2026-07-31 15:12:27.626338+00
8c57e0ce-b341-47a6-b8f1-e4e329750042,384b833e-d0f6-4e46-b61d-2c938b36eb0d,Chicken Haches,Chicken Haches,চিকেন হ্যাচেস,A savory chicken dish with a unique blend of spices and herbs.,A savory chicken dish with a unique blend of spices and herbs.,মশলা এবং ভেষজের একটি অনন্য মিশ্রণ সহ একটি সুস্বাদু চিকেন ডিশ।,199.00,,234,f,Chicken,Chicken,চিকেন,t,https://quickbytes.buzz/uploads/menu_placeholders/chicken-2.png,,"[""icon:chicken""]",1,2026-07-31 15:12:29.577031+00,2026-07-31 15:12:29.577014+00
c93b5136-a4df-408e-a382-6b84d1fe1e4b,384b833e-d0f6-4e46-b61d-2c938b36eb0d,Spicy,Spicy,স্পাইসি,A spicy flavor option for your meal.,A spicy flavor option for your meal.,আপনার খাবারের জন্য একটি মশলাদার স্বাদের বিকল্প।,80.00,,230,f,General,General,সাধারণ,t,https://quickbytes.buzz/uploads/menu_placeholders/beverages.png,,"[""icon:general""]",1,2026-07-31 15:12:42.925688+00,2026-07-31 15:12:42.925665+00
e7de1f1f-1d0c-4024-9697-5747f3147fe4,384b833e-d0f6-4e46-b61d-2c938b36eb0d,Spicy Defea Ris,Spicy Defea Ris,স্পাইসি ডিফিয়া রিস,A spicy rice dish with bold flavors.,A spicy rice dish with bold flavors.,বোল্ড স্বাদ সহ একটি মশলাদার ভাতের পদ।,35.00,,231,f,Rice,Rice,ভাত,t,https://quickbytes.buzz/uploads/menu_placeholders/beverages.png,,"[""icon:general""]",1,2026-07-31 15:12:48.917908+00,2026-07-31 15:12:48.917889+00
fbec5355-5f01-4e10-9c34-2160846d90ec,384b833e-d0f6-4e46-b61d-2c938b36eb0d,Chicken with Methen,Chicken with Methen,চিকেন উইথ মেথেন,"Chicken cooked with a special methen sauce, rich in flavor.","Chicken cooked with a special methen sauce, rich in flavor.","একটি বিশেষ মেথেন সস দিয়ে রান্না করা চিকেন, স্বাদে সমৃদ্ধ।",199.00,,237,f,Chicken,Chicken,চিকেন,t,https://quickbytes.buzz/uploads/menu_placeholders/fried-chicken.png,,"[""icon:chicken""]",1,2026-07-31 15:12:31.615846+00,2026-07-31 15:12:31.61583+00
0bf78f03-487a-4a18-b9c9-9041f576657a,384b833e-d0f6-4e46-b61d-2c938b36eb0d,BBQ Chicken Nachos,BBQ Chicken Nachos,বিবিকিউ চিকেন নাচোস,"Crispy nachos topped with BBQ chicken, cheese, and fresh salsa.","Crispy nachos topped with BBQ chicken, cheese, and fresh salsa.","ক্রিস্পি নাচোস বিবিকিউ চিকেন, পনির এবং তাজা সালসা দিয়ে সাজানো।",199.00,,235,f,Appetizer,Appetizer,অ্যাপেটাইজার,t,https://quickbytes.buzz/uploads/menu_placeholders/chicken-4.png,,"[""icon:chicken""]",1,2026-07-31 15:10:21.23477+00,2026-07-31 15:10:21.234754+00
eb391209-947c-4e9f-b6f2-51ffc0c9b742,384b833e-d0f6-4e46-b61d-2c938b36eb0d,Cheese,Cheese,চিজ,"A classic cheese item, rich and creamy, perfect for cheese lovers.","A classic cheese item, rich and creamy, perfect for cheese lovers.","একটি ক্লাসিক চিজ আইটেম, সমৃদ্ধ এবং ক্রিমি, চিজ প্রেমীদের জন্য উপযুক্ত।",185.00,,243,f,Appetizer,Appetizer,অ্যাপেটাইজার,t,https://quickbytes.buzz/uploads/menu_placeholders/appetizer.png,,"[""icon:appetizer""]",1,2026-07-31 15:10:21.372533+00,2026-07-31 15:10:21.372518+00
2cc9dd8d-1b73-4506-9c23-10ffa7b52cc0,384b833e-d0f6-4e46-b61d-2c938b36eb0d,Mineral Water (900ml),Mineral Water (900ml),মিনারেল ওয়াটার (৯০০মিলি),"Pure and refreshing mineral water, perfect to quench your thirst.","Pure and refreshing mineral water, perfect to quench your thirst.","বিশুদ্ধ এবং সতেজ মিনারেল ওয়াটার, আপনার তৃষ্ণা মেটানোর জন্য উপযুক্ত।",20.00,,242,f,Beverages,Beverages,পানীয়,t,https://quickbytes.buzz/uploads/menu_placeholders/water.png,,"[""icon:water""]",1,2026-07-31 15:10:31.451386+00,2026-07-31 15:10:31.45137+00
c99e15d6-3c27-4244-9629-9183125e991d,384b833e-d0f6-4e46-b61d-2c938b36eb0d,Complete Treat ft. Fried Cookie Dough,Complete Treat ft. Fried Cookie Dough,কমপ্লিট ট্রিট ফ্রাইড কুকি ডough সহ,"Indulge in a complete treat featuring our famous fried cookie dough, paired with your choice of chicken or burger. A sweet and savory delight that satisfies all cravings.","Indulge in a complete treat featuring our famous fried cookie dough, paired with your choice of chicken or burger. A sweet and savory delight that satisfies all cravings.","আমাদের বিখ্যাত ফ্রাইড কুকি ডough সহ একটি সম্পূর্ণ ট্রিট উপভোগ করুন, আপনার পছন্দের চিকেন বা বার্গারের সাথে। একটি মিষ্টি ও নোনতা আনন্দ যা সব আকাঙ্ক্ষা পূরণ করে।",20.95,,217,f,Boxed Meals,Boxed Meals,বক্সড মিল,t,https://quickbytes.buzz/uploads/menu_placeholders/Desserts.png,,"[""icon:sweets""]",7,2026-07-31 15:12:04.690272+00,2026-07-31 15:12:04.690254+00
f87db738-96da-4240-822f-41e98066785b,384b833e-d0f6-4e46-b61d-2c938b36eb0d,Grilled Chicken Perta,Grilled Chicken Perta,গ্রিলড চিকেন পার্টা,Grilled chicken breast served with a side of vegetables and sauce.,Grilled chicken breast served with a side of vegetables and sauce.,গ্রিলড চিকেন ব্রেস্ট সবজি এবং সসের সাথে পরিবেশন করা হয়।,199.00,,236,f,Chicken,Chicken,চিকেন,t,https://quickbytes.buzz/uploads/menu_placeholders/chicken_fry.png,,"[""icon:chicken""]",1,2026-07-31 15:12:34.287158+00,2026-07-31 15:12:34.287142+00
41d9a674-3f61-47de-ba3a-ddbcfc6a4881,384b833e-d0f6-4e46-b61d-2c938b36eb0d,Addons,Addons,অ্যাড-অন,Additional toppings and sides to customize your meal.,Additional toppings and sides to customize your meal.,আপনার খাবার কাস্টমাইজ করার জন্য অতিরিক্ত টপিংস এবং সাইড।,50.00,,238,f,General,General,সাধারণ,t,https://quickbytes.buzz/uploads/menu_placeholders/beverages.png,,"[""icon:general"", ""addon:50:Pally Cheese"", ""addon:50:Pepperons"", ""addon:50:Mushroom"", ""addon:50:B.B.Q. Sauce"", ""addon:50:Salamsi"", ""addon:50:Spesial Hatey Mastard"", ""addon:50:Darks Sauce"", ""addon:50:Burger Sauce"", ""addon:50:Rushroom""]",1,2026-07-31 15:12:39.645857+00,2026-07-31 15:12:39.645831+00
c4b7fac9-c10a-49ce-8504-de6577bec9b3,384b833e-d0f6-4e46-b61d-2c938b36eb0d,Choose Your Flavour Spicy,Choose Your Flavour Spicy,আপনার স্বাদ বেছে নিন মশলাদার,"A spicy option for those who love heat, available in various flavors.","A spicy option for those who love heat, available in various flavors.","যারা ঝাল পছন্দ করেন তাদের জন্য একটি মশলাদার অপশন, বিভিন্ন ফ্লেভারে উপলব্ধ।",80.00,,239,f,General,General,সাধারণ,t,https://quickbytes.buzz/uploads/menu_placeholders/beverages.png,,"[""icon:general""]",1,2026-07-31 15:12:40.516039+00,2026-07-31 15:12:40.516022+00
8efb4ec1-7a60-48d7-9c2b-927fd2318f0a,384b833e-d0f6-4e46-b61d-2c938b36eb0d,Mineral Water (900ml),Mineral Water (900ml),মিনারেল ওয়াটার (৯০০মিলি),"Pure and refreshing mineral water, perfect to quench your thirst.","Pure and refreshing mineral water, perfect to quench your thirst.","বিশুদ্ধ এবং সতেজ মিনারেল ওয়াটার, আপনার তৃষ্ণা মেটানোর জন্য উপযুক্ত।",20.00,,240,f,Water,Water,পানি,t,https://quickbytes.buzz/uploads/menu_placeholders/water.png,,"[""icon:water""]",1,2026-07-31 15:12:55.266018+00,2026-07-31 15:12:55.265999+00
8c3008b2-0a40-48fd-bc32-d8dceecb33ac,384b833e-d0f6-4e46-b61d-2c938b36eb0d,Wings,Wings,উইংস,"Crispy and flavorful chicken wings, perfect for sharing or as a hearty snack. Served with your choice of dipping sauce.","Crispy and flavorful chicken wings, perfect for sharing or as a hearty snack. Served with your choice of dipping sauce.","খাস্তা এবং সুস্বাদু চিকেন উইংস, শেয়ার করার জন্য বা একটি হৃদয়গ্রাহী স্ন্যাক হিসাবে উপযুক্ত। আপনার পছন্দের ডিপিং সসের সাথে পরিবেশন করা হয়।",160.00,,224,f,Appetizer,Appetizer,অ্যাপেটাইজার,t,https://quickbytes.buzz/uploads/menu_placeholders/chicken-2.png,,"[""icon:chicken""]",1,2026-07-31 15:10:23.624439+00,2026-07-31 15:10:23.624422+00
6bdb4171-9b1a-4ff9-8817-704d5262c489,384b833e-d0f6-4e46-b61d-2c938b36eb0d,Original Crunch Twister Box,Original Crunch Twister Box,অরিজিনাল ক্রাঞ্চ টুইস্টার বক্স,"An original crunch twister box, served with fries, a side, a biscuit, and a drink.","An original crunch twister box, served with fries, a side, a biscuit, and a drink.","একটি অরিজিনাল ক্রাঞ্চ টুইস্টার বক্স, ফ্রাই, সাইড, বিস্কুট এবং একটি পানীয় সহ পরিবেশন করা হয়।",21.95,,271,f,Boxed Meals,Boxed Meals,বক্সড মিল,t,https://quickbytes.buzz/uploads/menu_placeholders/chicken_fry.png,,"[""icon:chicken""]",1,2026-07-31 15:12:11.558211+00,2026-07-31 15:12:11.558192+00
3bfbe78f-6c84-4872-aafd-822ec59307c4,384b833e-d0f6-4e46-b61d-2c938b36eb0d,Original Tenders Box,Original Tenders Box,অরিজিনাল টেন্ডারস বক্স,"A box of original chicken tenders, served with fries, a side, a biscuit, and a drink.","A box of original chicken tenders, served with fries, a side, a biscuit, and a drink.","অরিজিনাল চিকেন টেন্ডারসের একটি বক্স, ফ্রাই, সাইড, বিস্কুট এবং একটি পানীয় সহ পরিবেশন করা হয়।",19.95,,267,f,Boxed Meals,Boxed Meals,বক্সড মিল,t,https://quickbytes.buzz/uploads/menu_placeholders/fried-chicken.png,,"[""icon:chicken""]",1,2026-07-31 15:12:12.963859+00,2026-07-31 15:12:12.963842+00
9ebf2832-0c9a-4df4-80ed-6a9d872fe4d7,384b833e-d0f6-4e46-b61d-2c938b36eb0d,Zinger Bacon & Cheese Burger Box,Zinger Bacon & Cheese Burger Box,জিঙ্গার বেকন অ্যান্ড চিজ বার্গার বক্স,"A Zinger burger box with bacon and cheese, served with fries, a side, a biscuit, and a drink.","A Zinger burger box with bacon and cheese, served with fries, a side, a biscuit, and a drink.","বেকন এবং চিজ সহ একটি জিঙ্গার বার্গার বক্স, ফ্রাই, সাইড, বিস্কুট এবং একটি পানীয় সহ পরিবেশন করা হয়।",20.95,,269,f,Boxed Meals,Boxed Meals,বক্সড মিল,t,https://quickbytes.buzz/uploads/menu_placeholders/chicken-2.png,,"[""icon:chicken""]",1,2026-07-31 15:12:14.136232+00,2026-07-31 15:12:14.136213+00
4173d5f2-4287-44f2-b4da-9087618321f2,384b833e-d0f6-4e46-b61d-2c938b36eb0d,Zinger Bánh Mí Box,Zinger Bánh Mí Box,জিঙ্গার বান মি বক্স,"A fusion box combining Zinger chicken with Vietnamese-style bánh mí flavors, served with fries, a side, a biscuit, and a drink.","A fusion box combining Zinger chicken with Vietnamese-style bánh mí flavors, served with fries, a side, a biscuit, and a drink.","জিঙ্গার চিকেনের সাথে ভিয়েতনামি-স্টাইলের বান মি ফ্লেভারের সংমিশ্রণ, ফ্রাই, সাইড, বিস্কুট এবং একটি পানীয় সহ পরিবেশন করা হয়।",21.95,,265,f,Boxed Meals,Boxed Meals,বক্সড মিল,t,https://quickbytes.buzz/uploads/menu_placeholders/chicken_fry.png,,"[""icon:chicken""]",1,2026-07-31 15:12:17.405667+00,2026-07-31 15:12:17.40565+00
de20db90-b599-4e6b-8fd4-8426eae84b77,384b833e-d0f6-4e46-b61d-2c938b36eb0d,Black Star,Black Star,ব্ল্যাক স্টার,A bold and flavorful burger with a unique black bun and premium toppings.,A bold and flavorful burger with a unique black bun and premium toppings.,একটি সাহসী এবং সুস্বাদু বার্গার যার সাথে অনন্য কালো বান এবং প্রিমিয়াম টপিংস।,199.00,,244,f,Burger,Burger,বার্গার,t,https://quickbytes.buzz/uploads/menu_placeholders/burger.png,,"[""icon:burger""]",1,2026-07-31 15:12:22.036266+00,2026-07-31 15:12:22.036249+00
0431afa8-ac85-451b-af34-a03637c0d8c8,384b833e-d0f6-4e46-b61d-2c938b36eb0d,Fit Fiat Shals,Fit Fiat Shals,ফিট ফিয়াট শালস,A healthy and fit option for a light meal.,A healthy and fit option for a light meal.,হালকা খাবারের জন্য একটি স্বাস্থ্যকর এবং ফিট বিকল্প।,20.00,,247,f,General,General,সাধারণ,t,https://quickbytes.buzz/uploads/menu_placeholders/beverages.png,,"[""icon:general""]",1,2026-07-31 15:12:42.196451+00,2026-07-31 15:12:42.196433+00
1281ca33-c611-48f1-863f-9e0bb69feaad,384b833e-d0f6-4e46-b61d-2c938b36eb0d,Mega Chicken Box,Mega Chicken Box,মেগা চিকেন বক্স,"A massive box loaded with juicy chicken pieces, crispy fries, and a refreshing drink. Perfect for sharing or for a big appetite.","A massive box loaded with juicy chicken pieces, crispy fries, and a refreshing drink. Perfect for sharing or for a big appetite.","রসালো চিকেন পিস, ক্রিস্পি ফ্রাই এবং একটি রিফ্রেশিং ড্রিংক সহ একটি বিশাল বক্স। শেয়ার করার জন্য বা বড় ক্ষুধার জন্য উপযুক্ত।",20.45,,250,f,Box Meals,Box Meals,বক্স মিল,t,https://quickbytes.buzz/uploads/menu_placeholders/chicken-4.png,,"[""icon:chicken""]",1,2026-07-31 15:10:36.315848+00,2026-07-31 15:10:36.315832+00
1d43a6b5-4718-4282-a703-7e5a1dad63fc,384b833e-d0f6-4e46-b61d-2c938b36eb0d,Original Crispy Bacon & Cheese Burger Box,Original Crispy Bacon & Cheese Burger Box,অরিজিনাল ক্রিস্পি বেকন ও চিজ বার্গার বক্স,"The Original Crispy Burger topped with smoky bacon and melted cheese, served in a box with fries and a drink. A savory delight.","The Original Crispy Burger topped with smoky bacon and melted cheese, served in a box with fries and a drink. A savory delight.","অরিজিনাল ক্রিস্পি বার্গার স্মোকি বেকন এবং গলানো চিজ দিয়ে টপ করা, ফ্রাই এবং একটি ড্রিংক সহ একটি বক্সে পরিবেশন করা হয়। একটি সুস্বাদু আনন্দ।",19.95,,252,f,Box Meals,Box Meals,বক্স মিল,t,https://quickbytes.buzz/uploads/menu_placeholders/burger.png,,"[""icon:burger""]",1,2026-07-31 15:10:37.43472+00,2026-07-31 15:10:37.434704+00
834ce37a-1392-496e-91f2-92da5294f6f1,384b833e-d0f6-4e46-b61d-2c938b36eb0d,Original Crunch Twister® Box,Original Crunch Twister® Box,অরিজিনাল ক্রাঞ্চ টুইস্টার® বক্স,"A crispy chicken wrap with a twist, served in a box with fries and a drink. A fun and flavorful meal.","A crispy chicken wrap with a twist, served in a box with fries and a drink. A fun and flavorful meal.","একটি টুইস্ট সহ একটি ক্রিস্পি চিকেন র্যাপ, ফ্রাই এবং একটি ড্রিংক সহ একটি বক্সে পরিবেশন করা হয়। একটি মজাদার এবং স্বাদযুক্ত খাবার।",21.95,,260,f,Box Meals,Box Meals,বক্স মিল,t,https://quickbytes.buzz/uploads/menu_placeholders/chicken-4.png,,"[""icon:chicken""]",1,2026-07-31 15:10:41.354747+00,2026-07-31 15:10:41.35473+00
22b9f8f2-5ac7-4f61-bf64-9f8380395ab9,384b833e-d0f6-4e46-b61d-2c938b36eb0d,Zinger Burger Box Hot & Crispy,Zinger Burger Box Hot & Crispy,জিঙ্গার বার্গার বক্স হট ও ক্রিস্পি,"Our iconic Zinger Burger, hot and crispy, served in a box with fries and a drink. A spicy favorite.","Our iconic Zinger Burger, hot and crispy, served in a box with fries and a drink. A spicy favorite.","আমাদের আইকনিক জিঙ্গার বার্গার, গরম এবং ক্রিস্পি, ফ্রাই এবং একটি ড্রিংক সহ একটি বক্সে পরিবেশন করা হয়। একটি মশলাদার প্রিয়।",19.95,,256,f,Box Meals,Box Meals,বক্স মিল,t,https://quickbytes.buzz/uploads/menu_placeholders/burger.png,,"[""icon:burger""]",1,2026-07-31 15:11:50.897038+00,2026-07-31 15:11:50.897017+00
2b470db5-a963-4b8b-a8a7-eedced6231d9,384b833e-d0f6-4e46-b61d-2c938b36eb0d,Zinger Stacker® Burger Box Hot & Crispy,Zinger Stacker® Burger Box Hot & Crispy,জিঙ্গার স্ট্যাকার® বার্গার বক্স হট ও ক্রিস্পি,"A stacked Zinger Burger with extra layers of chicken, cheese, and sauce, served hot and crispy in a box with fries and a drink. For the ultimate burger experience.","A stacked Zinger Burger with extra layers of chicken, cheese, and sauce, served hot and crispy in a box with fries and a drink. For the ultimate burger experience.","একটি স্ট্যাকড জিঙ্গার বার্গার অতিরিক্ত লেয়ার চিকেন, চিজ এবং সস সহ, ফ্রাই এবং একটি ড্রিংক সহ একটি বক্সে গরম এবং ক্রিস্পি পরিবেশন করা হয়। আল্টিমেট বার্গার অভিজ্ঞতার জন্য।",22.95,,258,f,Box Meals,Box Meals,বক্স মিল,t,https://quickbytes.buzz/uploads/menu_placeholders/burger.png,,"[""icon:burger""]",1,2026-07-31 15:11:57.166815+00,2026-07-31 15:11:57.166787+00
659de05e-fa1a-4e01-9980-4905553b60e8,384b833e-d0f6-4e46-b61d-2c938b36eb0d,Delicious,Delicious,ডেলিশিয়াস,"A delightful treat that lives up to its name, packed with flavor.","A delightful treat that lives up to its name, packed with flavor.","একটি আনন্দদায়ক ট্রিট যা তার নামের প্রতি সত্য, স্বাদে ভরপুর।",199.00,,245,f,General,General,সাধারণ,t,https://quickbytes.buzz/uploads/menu_placeholders/beverages.png,,"[""icon:general""]",1,2026-07-31 15:12:41.345254+00,2026-07-31 15:12:41.345237+00
587efed2-10b4-4752-b2ae-cba734cedf64,384b833e-d0f6-4e46-b61d-2c938b36eb0d,Original Crispy Burger Box,Original Crispy Burger Box,অরিজিনাল ক্রিস্পি বার্গার বক্স,Our classic Original Crispy Burger served in a box with crispy fries and a drink. A timeless favorite for burger lovers.,Our classic Original Crispy Burger served in a box with crispy fries and a drink. A timeless favorite for burger lovers.,আমাদের ক্লাসিক অরিজিনাল ক্রিস্পি বার্গার একটি বক্সে ক্রিস্পি ফ্রাই এবং একটি ড্রিংক সহ পরিবেশন করা হয়। বার্গার প্রেমীদের জন্য একটি নিরবধি প্রিয়।,18.95,,251,f,Box Meals,Box Meals,বক্স মিল,t,https://quickbytes.buzz/uploads/menu_placeholders/burger.png,,"[""icon:burger""]",1,2026-07-31 15:10:40.00564+00,2026-07-31 15:10:40.005612+00
5648ad22-4804-4c12-8261-443f4667aadd,384b833e-d0f6-4e46-b61d-2c938b36eb0d,Original Tenders Box,Original Tenders Box,অরিজিনাল টেন্ডারস বক্স,"Crispy chicken tenders served with your choice of dipping sauce, fries, and a drink. Perfect for a quick and tasty meal.","Crispy chicken tenders served with your choice of dipping sauce, fries, and a drink. Perfect for a quick and tasty meal.","ক্রিস্পি চিকেন টেন্ডারস আপনার পছন্দের ডিপিং সস, ফ্রাই এবং একটি ড্রিংক সহ পরিবেশন করা হয়। দ্রুত এবং সুস্বাদু খাবারের জন্য উপযুক্ত।",19.95,,255,f,Box Meals,Box Meals,বক্স মিল,t,https://quickbytes.buzz/uploads/menu_placeholders/chicken-4.png,,"[""icon:chicken""]",1,2026-07-31 15:10:42.695663+00,2026-07-31 15:10:42.695641+00
b147c2b1-0139-4ecc-9d52-c8dac518d7c2,384b833e-d0f6-4e46-b61d-2c938b36eb0d,Zinger Bacon & Cheese Burger Box Hot & Crispy,Zinger Bacon & Cheese Burger Box Hot & Crispy,জিঙ্গার বেকন ও চিজ বার্গার বক্স হট ও ক্রিস্পি,"The Zinger Burger topped with crispy bacon and melted cheese, served hot and crispy in a box with fries and a drink. A flavor explosion.","The Zinger Burger topped with crispy bacon and melted cheese, served hot and crispy in a box with fries and a drink. A flavor explosion.","জিঙ্গার বার্গার ক্রিস্পি বেকন এবং গলানো চিজ দিয়ে টপ করা, ফ্রাই এবং একটি ড্রিংক সহ একটি বক্সে গরম এবং ক্রিস্পি পরিবেশন করা হয়। একটি স্বাদের বিস্ফোরণ।",20.95,,257,f,Box Meals,Box Meals,বক্স মিল,t,https://quickbytes.buzz/uploads/menu_placeholders/burger.png,,"[""icon:burger""]",1,2026-07-31 15:10:43.364711+00,2026-07-31 15:10:43.364693+00
f010ad52-cbb4-4cb4-be8d-2385c8ba3959,384b833e-d0f6-4e46-b61d-2c938b36eb0d,Zinger Crunch Burger™ Box Hot & Crispy™,Zinger Crunch Burger™ Box Hot & Crispy™,জিঙ্গার ক্রাঞ্চ বার্গার™ বক্স হট ও ক্রিস্পি™,"The Zinger Crunch Burger with an extra crispy coating, served hot and crispy in a box with fries and a drink. A crunchy sensation.","The Zinger Crunch Burger with an extra crispy coating, served hot and crispy in a box with fries and a drink. A crunchy sensation.","জিঙ্গার ক্রাঞ্চ বার্গার একটি অতিরিক্ত ক্রিস্পি কোাটিং সহ, ফ্রাই এবং একটি ড্রিংক সহ একটি বক্সে গরম এবং ক্রিস্পি পরিবেশন করা হয়। একটি ক্রাঞ্চি সংবেদন।",21.95,,259,f,Box Meals,Box Meals,বক্স মিল,t,https://quickbytes.buzz/uploads/menu_placeholders/burger.png,,"[""icon:burger""]",1,2026-07-31 15:11:54.126048+00,2026-07-31 15:11:54.126026+00
75626ad7-3944-48d0-9f4b-8b1ded45590d,384b833e-d0f6-4e46-b61d-2c938b36eb0d,Burger Box,Burger Box,বার্গার বক্স,"A classic burger box with a juicy chicken patty, served with fries, a side, a biscuit, and a drink.","A classic burger box with a juicy chicken patty, served with fries, a side, a biscuit, and a drink.","একটি ক্লাসিক বার্গার বক্স যাতে রসালো চিকেন প্যাটি থাকে, ফ্রাই, সাইড, বিস্কুট এবং একটি পানীয় সহ পরিবেশন করা হয়।",21.95,,264,f,Boxed Meals,Boxed Meals,বক্সড মিল,t,https://quickbytes.buzz/uploads/menu_placeholders/chicken-4.png,,"[""icon:chicken""]",1,2026-07-31 15:12:00.845763+00,2026-07-31 15:12:00.845745+00
255ee64f-f7c3-44d3-ab58-d4aa975a658d,384b833e-d0f6-4e46-b61d-2c938b36eb0d,Real Star,Real Star,রিয়েল স্টার,A star-quality burger with fresh ingredients and a signature sauce.,A star-quality burger with fresh ingredients and a signature sauce.,তাজা উপাদান এবং একটি সিগনেচার সস সহ একটি স্টার-কোয়ালিটি বার্গার।,199.00,,246,f,Burger,Burger,বার্গার,t,https://quickbytes.buzz/uploads/menu_placeholders/burger.png,,"[""icon:burger""]",1,2026-07-31 15:12:25.747694+00,2026-07-31 15:12:25.74767+00
0dbb5e92-844c-4bce-b7f3-68bf19b08a7a,384b833e-d0f6-4e46-b61d-2c938b36eb0d,pizza,pizza,,,,,80.00,,453,f,pizza,pizza,,t,,,"[""icon:general""]",1,2026-08-07 01:45:54.534492+00,2026-08-07 01:45:54.534476+00
326a33d1-23da-47c5-b13b-d38544237d61,384b833e-d0f6-4e46-b61d-2c938b36eb0d,Zinger Crunch Twister® Box,Zinger Crunch Twister® Box,জিঙ্গার ক্রাঞ্চ টুইস্টার® বক্স,"A spicy Zinger twist wrap, crispy and delicious, served in a box with fries and a drink. A zesty treat.","A spicy Zinger twist wrap, crispy and delicious, served in a box with fries and a drink. A zesty treat.","একটি মশলাদার জিঙ্গার টুইস্ট র্যাপ, ক্রিস্পি এবং সুস্বাদু, ফ্রাই এবং একটি ড্রিংক সহ একটি বক্সে পরিবেশন করা হয়। একটি জেস্টি ট্রিট।",21.95,,261,f,Box Meals,Box Meals,বক্স মিল,t,https://quickbytes.buzz/uploads/menu_placeholders/chicken_fry.png,,"[""icon:chicken""]",1,2026-07-31 15:11:55.872684+00,2026-07-31 15:11:55.872667+00
8f6ae37a-aec3-4b22-bc29-b5d2b0f98800,384b833e-d0f6-4e46-b61d-2c938b36eb0d,Box Hot & Crispy,Box Hot & Crispy,বক্স হট অ্যান্ড ক্রিস্পি,"A box of hot and crispy chicken, perfect for a satisfying meal.","A box of hot and crispy chicken, perfect for a satisfying meal.","গরম এবং ক্রিস্পি চিকেনের একটি বক্স, একটি তৃপ্তিদায়ক খাবারের জন্য উপযুক্ত।",22.95,,263,f,Boxed Meals,Boxed Meals,বক্সড মিল,t,https://quickbytes.buzz/uploads/menu_placeholders/chicken-2.png,,"[""icon:chicken""]",1,2026-07-31 15:11:59.836037+00,2026-07-31 15:11:59.836017+00
657315ed-8f38-409b-bcb0-2d32eb1e112c,384b833e-d0f6-4e46-b61d-2c938b36eb0d,Zinger Bacon & Cheese Burger Box Hot & Crispy,Zinger Bacon & Cheese Burger Box Hot & Crispy,জিঙ্গার বেকন অ্যান্ড চিজ বার্গার বক্স হট অ্যান্ড ক্রিসপি,"A Zinger Bacon & Cheese Burger Box with hot and crispy chicken, fries, a side, a biscuit, and a drink. Loaded with flavor.","A Zinger Bacon & Cheese Burger Box with hot and crispy chicken, fries, a side, a biscuit, and a drink. Loaded with flavor.","হট অ্যান্ড ক্রিসপি চিকেন, ফ্রাই, সাইড, বিস্কুট এবং একটি পানীয় সহ জিঙ্গার বেকন অ্যান্ড চিজ বার্গার বক্স। স্বাদে ভরপুর।",20.95,,274,f,Boxed Meals,Boxed Meals,বক্সড মিল,t,https://quickbytes.buzz/uploads/menu_placeholders/chicken-2.png,,"[""icon:chicken""]",1,2026-07-31 15:12:15.336437+00,2026-07-31 15:12:15.336418+00
32b89e35-0354-4ad8-8c83-c4d482f42218,384b833e-d0f6-4e46-b61d-2c938b36eb0d,Wings (Gravy/Fried/Grilled),Wings (Gravy/Fried/Grilled),উইংস (গ্রেভি/ফ্রাইড/গ্রিল্ড),"Juicy chicken wings prepared your way: smothered in rich gravy, crispy fried, or char-grilled to perfection.","Juicy chicken wings prepared your way: smothered in rich gravy, crispy fried, or char-grilled to perfection.","রসালো চিকেন উইংস আপনার পছন্দমতো: সমৃদ্ধ গ্রেভিতে, খাস্তা ভাজা, বা নিখুঁত গ্রিল করা।",290.00,,431,f,Starter,Starter,স্টার্টার,t,https://quickbytes.buzz/uploads/menu_placeholders/chicken-2.png,,"[""icon:chicken""]",1,2026-08-07 01:46:05.675906+00,2026-08-07 01:46:05.675892+00
d9c6332d-8c7d-412a-9edc-5e81c9451f51,384b833e-d0f6-4e46-b61d-2c938b36eb0d,Chicken Wings,Chicken Wings,চিকেন উইংস,"Crispy, golden-fried chicken wings tossed in a savory house sauce, served hot and fresh. Perfect for sharing or as a hearty appetizer.","Crispy, golden-fried chicken wings tossed in a savory house sauce, served hot and fresh. Perfect for sharing or as a hearty appetizer.","খাস্তা, সোনালি ভাজা চিকেন উইংস ঘরোয়া সসে মাখানো, গরম গরম পরিবেশন করা হয়। শেয়ার করার জন্য বা হৃদয়গ্রাহী অ্যাপেটাইজার হিসেবে পারফেক্ট।",220.00,,454,f,Appetizers,Appetizers,অ্যাপেটাইজার,t,https://quickbytes.buzz/uploads/menu_placeholders/chicken-1.png,,"[""icon:chicken""]",1,2026-08-07 01:53:40.645582+00,2026-08-07 01:53:40.645566+00
612536ef-fdf1-45bf-8fc8-036081cd9cb3,384b833e-d0f6-4e46-b61d-2c938b36eb0d,Chilli Chicken Wings,Chilli Chicken Wings,চিলি চিকেন উইংস,"Crispy wings tossed in a spicy chili-garlic sauce, garnished with spring onions. A zesty appetizer with a fiery finish.","Crispy wings tossed in a spicy chili-garlic sauce, garnished with spring onions. A zesty appetizer with a fiery finish.","খাস্তা উইংস ঝাল চিলি-রসুন সসে মাখানো, সবুজ পেঁয়াজ দিয়ে সাজানো। ঝাল স্বাদের সাথে দারুণ অ্যাপেটাইজার।",240.00,,457,f,Appetizers,Appetizers,অ্যাপেটাইজার,t,https://quickbytes.buzz/uploads/menu_placeholders/chicken_fry.png,,"[""icon:chicken""]",1,2026-08-07 01:53:41.264665+00,2026-08-07 01:53:41.264649+00
30fc44a2-3589-4488-9854-28e8c6ead6e2,384b833e-d0f6-4e46-b61d-2c938b36eb0d,Naga Wings,Naga Wings,নাগা উইংস,"Fiery chicken wings coated in a spicy naga sauce, delivering a bold kick for heat lovers. Served with cooling dip.","Fiery chicken wings coated in a spicy naga sauce, delivering a bold kick for heat lovers. Served with cooling dip.","ঝাল নাগা সসে মাখানো মশলাদার চিকেন উইংস, যারা ঝাল পছন্দ করেন তাদের জন্য দারুণ। কুলিং ডিপ সহ পরিবেশন করা হয়।",240.00,,455,f,Appetizers,Appetizers,অ্যাপেটাইজার,t,https://quickbytes.buzz/uploads/menu_placeholders/chicken-2.png,,"[""icon:chicken""]",1,2026-08-07 01:53:43.934261+00,2026-08-07 01:53:43.934246+00
6eabdf51-9fc5-4bd3-b50e-b3026554025f,384b833e-d0f6-4e46-b61d-2c938b36eb0d,3 Piece Box,3 Piece Box,৩ পিস বক্স,"A box with 3 pieces of chicken, fries, a side, a biscuit, and a drink.","A box with 3 pieces of chicken, fries, a side, a biscuit, and a drink.","৩ পিস চিকেন, ফ্রাই, সাইড, বিস্কুট এবং একটি পানীয় সহ একটি বক্স।",19.95,,266,f,Boxed Meals,Boxed Meals,বক্সড মিল,t,https://quickbytes.buzz/uploads/menu_placeholders/chicken_fry.png,,"[""icon:chicken""]",1,2026-07-31 15:11:58.556108+00,2026-07-31 15:11:58.556091+00
d70a3309-0bae-4c0e-a861-6c4354492c06,384b833e-d0f6-4e46-b61d-2c938b36eb0d,Zinger Burger Box Hot & Crispy,Zinger Burger Box Hot & Crispy,জিঙ্গার বার্গার বক্স হট অ্যান্ড ক্রিস্পি,"A Zinger burger box with hot and crispy chicken, served with fries, a side, a biscuit, and a drink.","A Zinger burger box with hot and crispy chicken, served with fries, a side, a biscuit, and a drink.","গরম এবং ক্রিস্পি চিকেন সহ একটি জিঙ্গার বার্গার বক্স, ফ্রাই, সাইড, বিস্কুট এবং একটি পানীয় সহ পরিবেশন করা হয়।",19.95,,268,f,Boxed Meals,Boxed Meals,বক্সড মিল,t,https://quickbytes.buzz/uploads/menu_placeholders/chicken-1.png,,"[""icon:chicken""]",1,2026-07-31 15:12:16.344906+00,2026-07-31 15:12:16.344889+00
01bc7dcd-cbfd-448f-b957-2fac09c7c8a9,384b833e-d0f6-4e46-b61d-2c938b36eb0d,Zinger Crunch Burger Box Hot & Crispy,Zinger Crunch Burger Box Hot & Crispy,জিঙ্গার ক্রাঞ্চ বার্গার বক্স হট অ্যান্ড ক্রিস্পি,"A Zinger crunch burger box with hot and crispy chicken, served with fries, a side, a biscuit, and a drink.","A Zinger crunch burger box with hot and crispy chicken, served with fries, a side, a biscuit, and a drink.","গরম এবং ক্রিস্পি চিকেন সহ একটি জিঙ্গার ক্রাঞ্চ বার্গার বক্স, ফ্রাই, সাইড, বিস্কুট এবং একটি পানীয় সহ পরিবেশন করা হয়।",22.95,,270,f,Boxed Meals,Boxed Meals,বক্সড মিল,t,https://quickbytes.buzz/uploads/menu_placeholders/chicken-4.png,,"[""icon:chicken""]",1,2026-07-31 15:12:18.539288+00,2026-07-31 15:12:18.539269+00
2ec4f589-99f5-4d8d-b454-5e1d6de2d9cd,384b833e-d0f6-4e46-b61d-2c938b36eb0d,Zinger Crunch Twister Box,Zinger Crunch Twister Box,জিঙ্গার ক্রাঞ্চ টুইস্টার বক্স,"A Zinger crunch twister box, served with fries, a side, a biscuit, and a drink.","A Zinger crunch twister box, served with fries, a side, a biscuit, and a drink.","একটি জিঙ্গার ক্রাঞ্চ টুইস্টার বক্স, ফ্রাই, সাইড, বিস্কুট এবং একটি পানীয় সহ পরিবেশন করা হয়।",21.95,,272,f,Boxed Meals,Boxed Meals,বক্সড মিল,t,https://quickbytes.buzz/uploads/menu_placeholders/fried-chicken.png,,"[""icon:chicken""]",1,2026-07-31 15:12:19.83557+00,2026-07-31 15:12:19.835553+00
806fe51b-6bd9-442f-b336-2cb7c9af67c9,384b833e-d0f6-4e46-b61d-2c938b36eb0d,Clear Vegetable Soup,Clear Vegetable Soup,ক্লিয়ার ভেজিটেবল স্যুপ,Light and healthy clear soup with fresh vegetables.,Light and healthy clear soup with fresh vegetables.,"হালকা ও স্বাস্থ্যকর ক্লিয়ার স্যুপ, টাটকা সবজি সহ।",170.00,,444,f,Soup,Soup,স্যুপ,t,https://quickbytes.buzz/uploads/menu_placeholders/soup.png,,"[""icon:soup""]",1,2026-08-07 01:45:56.615292+00,2026-08-07 01:45:56.615274+00
9855c6fa-ed15-48eb-a74b-9e7308f42d21,384b833e-d0f6-4e46-b61d-2c938b36eb0d,Cream of Mushroom,Cream of Mushroom,ক্রিম অফ মাশরুম,"Rich and creamy mushroom soup, a comforting classic.","Rich and creamy mushroom soup, a comforting classic.","সমৃদ্ধ ও ক্রিমি মাশরুম স্যুপ, একটি আরামদায়ক ক্লাসিক।",240.00,,442,f,Soup,Soup,স্যুপ,t,https://quickbytes.buzz/uploads/menu_placeholders/soup.png,,"[""icon:soup""]",1,2026-08-07 01:45:57.245339+00,2026-08-07 01:45:57.245323+00
97040d95-cb9b-4f8c-8d15-f8636fdcba09,384b833e-d0f6-4e46-b61d-2c938b36eb0d,BBQ Wings,BBQ Wings,বিবিকিউ উইংস,"Smoky BBQ-glazed chicken wings, charred to perfection and bursting with tangy flavor. A crowd-pleasing starter.","Smoky BBQ-glazed chicken wings, charred to perfection and bursting with tangy flavor. A crowd-pleasing starter.","স্মোকি বিবিকিউ গ্লেজ করা চিকেন উইংস, নিখুঁতভাবে ঝলসানো এবং টক-মিষ্টি স্বাদে ভরা। জনপ্রিয় স্টার্টার।",260.00,,456,f,Appetizers,Appetizers,অ্যাপেটাইজার,t,https://quickbytes.buzz/uploads/menu_placeholders/chicken-4.png,,"[""icon:chicken""]",1,2026-08-07 01:53:38.185775+00,2026-08-07 01:53:38.18576+00
a7321152-a371-4de7-8d94-6e6cd0f8a21a,384b833e-d0f6-4e46-b61d-2c938b36eb0d,Calamary Fry,Calamary Fry,ক্যালামারি ফ্রাই,"Tender calamari rings, lightly battered and fried until golden, served with a zesty dip.","Tender calamari rings, lightly battered and fried until golden, served with a zesty dip.","কোমল ক্যালামারি রিং, হালকা ব্যাটারে ডুবিয়ে সোনালি করে ভাজা, জেস্টি ডিপের সাথে পরিবেশিত।",380.00,,432,f,Starter,Starter,স্টার্টার,t,https://quickbytes.buzz/uploads/menu_placeholders/appetizer.png,,"[""icon:appetizer""]",1,2026-08-07 01:46:00.018292+00,2026-08-07 01:46:00.018276+00
38ddd3b0-6550-4bfc-84b7-9b0e59e2f78b,384b833e-d0f6-4e46-b61d-2c938b36eb0d,Burger Box Hot & Crispy,Burger Box Hot & Crispy,বার্গার বক্স হট অ্যান্ড ক্রিস্পি,"A delicious burger box with hot and crispy chicken, served with fries, a side, a biscuit, and a drink.","A delicious burger box with hot and crispy chicken, served with fries, a side, a biscuit, and a drink.","গরম এবং ক্রিস্পি চিকেন সহ একটি সুস্বাদু বার্গার বক্স, ফ্রাই, সাইড, বিস্কুট এবং একটি পানীয় সহ পরিবেশন করা হয়।",20.95,,262,f,Boxed Meals,Boxed Meals,বক্সড মিল,t,https://quickbytes.buzz/uploads/menu_placeholders/chicken-1.png,,"[""icon:chicken""]",3,2026-07-31 15:12:02.246799+00,2026-07-31 15:12:02.246781+00
636d1aa6-9195-47d1-97aa-dcb82a66e1d2,384b833e-d0f6-4e46-b61d-2c938b36eb0d,Complete Treat,Complete Treat,কমপ্লিট ট্রিট,"A complete treat box featuring fried cookie dough, fries, a side, a biscuit, and a drink. A delightful combination.","A complete treat box featuring fried cookie dough, fries, a side, a biscuit, and a drink. A delightful combination.","একটি সম্পূর্ণ ট্রিট বক্স যাতে ফ্রাইড কুকি ডো, ফ্রাই, সাইড, বিস্কুট এবং একটি পানীয় রয়েছে। একটি আনন্দদায়ক সংমিশ্রণ।",20.95,,273,f,Boxed Meals,Boxed Meals,বক্সড মিল,t,https://quickbytes.buzz/uploads/menu_placeholders/Desserts.png,,"[""icon:sweets""]",1,2026-07-31 15:12:03.396629+00,2026-07-31 15:12:03.396603+00
e8c529fb-c55d-4345-b5e9-6d599386a53f,384b833e-d0f6-4e46-b61d-2c938b36eb0d,Soft Drinks,Soft Drinks,সফট ড্রিংকস,Chilled carbonated beverages to complement your meal.,Chilled carbonated beverages to complement your meal.,আপনার খাবারের সাথে উপভোগ করার জন্য ঠান্ডা কার্বনেটেড পানীয়।,30.00,,478,f,Beverages,Beverages,পানীয়,t,https://quickbytes.buzz/uploads/menu_placeholders/soft-drink.png,,"[""icon:soft_drink""]",1,2026-08-07 01:53:46.825565+00,2026-08-07 01:53:46.82555+00
60446b3b-3b34-4e5a-93f9-8664105b8169,384b833e-d0f6-4e46-b61d-2c938b36eb0d,Strawberry Shake,Strawberry Shake,স্ট্রবেরি শেক,"A creamy strawberry shake made with fresh strawberries, a delightful treat.","A creamy strawberry shake made with fresh strawberries, a delightful treat.","তাজা স্ট্রবেরি দিয়ে তৈরি একটি ক্রিমি স্ট্রবেরি শেক, একটি আনন্দদায়ক ট্রিট।",160.00,,477,f,Beverages,Beverages,পানীয়,t,https://quickbytes.buzz/uploads/menu_placeholders/juice.png,,"[""icon:juice""]",1,2026-08-07 01:53:46.925596+00,2026-08-07 01:53:46.92558+00
35f4c5b0-21dc-4bf9-82d0-ad9861ebebd2,384b833e-d0f6-4e46-b61d-2c938b36eb0d,Egg,Egg,ডিম,Add a fresh egg to your order.,Add a fresh egg to your order.,আপনার অর্ডারে একটি তাজা ডিম যোগ করুন।,30.00,,483,f,Upgrades,Upgrades,আপগ্রেড,t,https://quickbytes.buzz/uploads/menu_placeholders/beverages.png,,"[""icon:general""]",1,2026-08-07 01:53:53.796999+00,2026-08-07 01:53:53.796955+00
f3361796-56a8-4458-bbb5-624d6846fafb,384b833e-d0f6-4e46-b61d-2c938b36eb0d,Extra Cheese,Extra Cheese,অতিরিক্ত চিজ,Add extra cheese to your favorite item.,Add extra cheese to your favorite item.,আপনার প্রিয় আইটেমে অতিরিক্ত চিজ যোগ করুন।,150.00,,482,f,Upgrades,Upgrades,আপগ্রেড,t,https://quickbytes.buzz/uploads/menu_placeholders/beverages.png,,"[""icon:general""]",1,2026-08-07 01:53:53.855399+00,2026-08-07 01:53:53.855383+00
8a9ccb30-caee-4ced-8a7c-33331be408d2,384b833e-d0f6-4e46-b61d-2c938b36eb0d,Extra Chicken,Extra Chicken,অতিরিক্ত চিকেন,Add extra chicken to your dish for a heartier meal.,Add extra chicken to your dish for a heartier meal.,আপনার খাবারে অতিরিক্ত চিকেন যোগ করুন।,150.00,,481,f,Upgrades,Upgrades,আপগ্রেড,t,https://quickbytes.buzz/uploads/menu_placeholders/chicken_fry.png,,"[""icon:chicken""]",1,2026-08-07 01:53:53.915616+00,2026-08-07 01:53:53.915601+00
b50b2085-8cac-4e9c-b2a9-5cd7d567c34c,384b833e-d0f6-4e46-b61d-2c938b36eb0d,Extra Sauce/Mayonnaise,Extra Sauce/Mayonnaise,অতিরিক্ত সস/মেয়োনিজ,Add extra sauce or mayonnaise to your order.,Add extra sauce or mayonnaise to your order.,আপনার অর্ডারে অতিরিক্ত সস বা মেয়োনিজ যোগ করুন।,10.00,,480,f,Upgrades,Upgrades,আপগ্রেড,t,https://quickbytes.buzz/uploads/menu_placeholders/beverages.png,,"[""icon:general""]",1,2026-08-07 01:53:54.045472+00,2026-08-07 01:53:54.045457+00
766b60c2-e66f-4877-9c8d-94df691d9abc,384b833e-d0f6-4e46-b61d-2c938b36eb0d,Extra Sausage,Extra Sausage,অতিরিক্ত সসেজ,Add extra sausage to your meal.,Add extra sausage to your meal.,আপনার খাবারে অতিরিক্ত সসেজ যোগ করুন।,40.00,,484,f,Upgrades,Upgrades,আপগ্রেড,t,https://quickbytes.buzz/uploads/menu_placeholders/beverages.png,,"[""icon:general""]",1,2026-08-07 01:53:54.105531+00,2026-08-07 01:53:54.105509+00
020db97a-6450-4ed8-9238-2884660c4955,384b833e-d0f6-4e46-b61d-2c938b36eb0d,Zinger® Bánh Mì Box,Zinger® Bánh Mì Box,জিঙ্গার® বান মি বক্স,"A delicious fusion of KFC's iconic Zinger® chicken with the fresh, tangy flavors of a Vietnamese bánh mì, served in a convenient box meal. Perfect for a satisfying lunch or dinner.","A delicious fusion of KFC's iconic Zinger® chicken with the fresh, tangy flavors of a Vietnamese bánh mì, served in a convenient box meal. Perfect for a satisfying lunch or dinner.","কেএফসির আইকনিক জিঙ্গার® চিকেনের সাথে ভিয়েতনামিজ বান মির তাজা ও টক স্বাদের একটি চমৎকার সংমিশ্রণ, একটি সুবিধাজনক বক্স মিলে পরিবেশিত। একটি তৃপ্তিদায়ক লাঞ্চ বা ডিনারের জন্য উপযুক্ত।",21.95,,216,f,Boxed Meals,Boxed Meals,বক্সড মিল,t,https://quickbytes.buzz/uploads/menu_placeholders/chicken-1.png,,"[""icon:chicken""]",3,2026-07-31 15:12:21.188749+00,2026-07-31 15:12:21.188731+00
7a06c73a-0adc-4072-91fa-a0883e0d6f2a,384b833e-d0f6-4e46-b61d-2c938b36eb0d,Mr. Perfect,Mr. Perfect,মি. পারফেক্ট,"A perfectly crafted burger that lives up to its name, with a balanced combination of meat, cheese, and fresh toppings.","A perfectly crafted burger that lives up to its name, with a balanced combination of meat, cheese, and fresh toppings.","একটি নিখুঁতভাবে তৈরি বার্গার যা তার নামের প্রতি সুবিচার করে, মাংস, পনির এবং তাজা টপিংয়ের একটি সুষম সংমিশ্রণ সহ।",299.00,,225,f,Burger,Burger,বার্গার,t,https://quickbytes.buzz/uploads/menu_placeholders/burger.png,,"[""icon:burger""]",3,2026-07-31 15:12:24.835302+00,2026-07-31 15:12:24.835282+00
56b5c470-df4e-4744-8033-1bc709d9a704,384b833e-d0f6-4e46-b61d-2c938b36eb0d,Chicken Sausage Pizza,Chicken Sausage Pizza,চিকেন সসেজ পিৎজা,"Pizza topped with savory chicken sausage, bell peppers, and mozzarella. A hearty and satisfying choice.","Pizza topped with savory chicken sausage, bell peppers, and mozzarella. A hearty and satisfying choice.","সুস্বাদু চিকেন সসেজ, বেল পেপার এবং মোজারেলা দিয়ে টপ করা পিৎজা। একটি হৃদয়গ্রাহী এবং তৃপ্তিদায়ক পছন্দ।",310.00,,467,f,Signature Pizzas,Signature Pizzas,সিগনেচার পিৎজা,t,https://quickbytes.buzz/uploads/menu_placeholders/beverages.png,,"[""icon:general""]",1,2026-08-07 01:53:47.095956+00,2026-08-07 01:53:47.09594+00
74499f45-3247-4571-80e4-c3563e19973b,384b833e-d0f6-4e46-b61d-2c938b36eb0d,Mega Chicken Box,Mega Chicken Box,মেগা চিকেন বক্স,"A massive box packed with your favorite KFC chicken pieces, fries, and a drink. The ultimate feast for chicken lovers who want it all.","A massive box packed with your favorite KFC chicken pieces, fries, and a drink. The ultimate feast for chicken lovers who want it all.","আপনার প্রিয় কেএফসি চিকেন পিস, ফ্রাই এবং একটি ড্রিংক সহ একটি বিশাল বক্স। চিকেন প্রেমীদের জন্য চূড়ান্ত ভোজ যারা সবকিছু চান।",20.45,,218,f,Boxed Meals,Boxed Meals,বক্সড মিল,t,https://quickbytes.buzz/uploads/menu_placeholders/chicken-4.png,,"[""icon:chicken""]",3,2026-07-31 15:12:05.851393+00,2026-07-31 15:12:05.851358+00
51a44a74-fd7a-4536-80ab-fa27ec084ab7,384b833e-d0f6-4e46-b61d-2c938b36eb0d,Original Crispy Bacon & Cheese Burger Box,Original Crispy Bacon & Cheese Burger Box,অরিজিনাল ক্রিস্পি বেকন ও চিজ বার্গার বক্স,"Our Original Crispy chicken topped with crispy bacon and melted cheese, served in a burger with fries and a drink. A savory indulgence.","Our Original Crispy chicken topped with crispy bacon and melted cheese, served in a burger with fries and a drink. A savory indulgence.","আমাদের অরিজিনাল ক্রিস্পি চিকেনের উপরে ক্রিস্পি বেকন ও গলানো চিজ, ফ্রাই এবং একটি ড্রিংক সহ বার্গারে পরিবেশিত। একটি নোনতা আস্বাদন।",19.95,,220,f,Boxed Meals,Boxed Meals,বক্সড মিল,t,https://quickbytes.buzz/uploads/menu_placeholders/fried-chicken.png,,"[""icon:chicken""]",5,2026-07-31 15:12:06.807673+00,2026-07-31 15:12:06.807647+00
fa12514f-6f80-4a4f-90bc-c3ac91035d15,384b833e-d0f6-4e46-b61d-2c938b36eb0d,Texas-Style Chili,Texas-Style Chili,টেক্সাস-স্টাইল চিলি,"Hearty Texas-style chili, available in cup or bowl.","Hearty Texas-style chili, available in cup or bowl.","হেভি টেক্সাস-স্টাইল চিলি, কাপ বা বাটিতে পাওয়া যায়।",4.50,,345,f,Soups,Soups,স্যুপ,t,https://quickbytes.buzz/uploads/menu_placeholders/soup.png,,"[""icon:soup"", ""option:Cup:0"", ""option:Bowl:1""]",1,2026-08-02 16:50:59.427399+00,2026-08-02 16:50:59.427386+00
f956b82c-2973-4d36-80e0-7e745d87cc3e,384b833e-d0f6-4e46-b61d-2c938b36eb0d,Appetizer Platter,Appetizer Platter,অ্যাপেটাইজার প্ল্যাটার,"A generous platter of jalapeño poppers, potato skins, cheese sticks, breaded mushrooms, and wing dings, served with your choice of plain, hot, or BBQ sauce.","A generous platter of jalapeño poppers, potato skins, cheese sticks, breaded mushrooms, and wing dings, served with your choice of plain, hot, or BBQ sauce.","জালাপেনো পপার, পটেটো স্কিন, চিজ স্টিক, ব্রেডেড মাশরুম এবং উইং ডিংসের একটি বড় প্ল্যাটার, প্লেইন, হট বা বিবিকিউ সসের সাথে পরিবেশন করা হয়।",15.00,,348,f,Starters,Starters,স্টার্টার,t,https://quickbytes.buzz/uploads/menu_placeholders/appetizer.png,,"[""icon:appetizer""]",1,2026-08-02 16:51:02.183499+00,2026-08-02 16:51:02.183485+00
9248084b-16d8-4777-9772-cb68dc156cd9,384b833e-d0f6-4e46-b61d-2c938b36eb0d,Cheese Whooper,Cheese Whooper,চিজ হুপার,"Our classic beef whooper topped with melted cheese, crisp lettuce, and creamy mayo for an indulgent bite.","Our classic beef whooper topped with melted cheese, crisp lettuce, and creamy mayo for an indulgent bite.","আমাদের ক্লাসিক বিফ হুপারের উপর গলানো চিজ, কুড়মুড়ে লেটুস এবং ক্রিমি মেয়োনিজ দিয়ে তৈরি একটি সমৃদ্ধ স্বাদ।",320.00,,387,f,Burger,Burger,বার্গার,t,https://quickbytes.buzz/uploads/menu_placeholders/beef-2.png,,"[""icon:beef""]",1,2026-08-02 16:58:07.003922+00,2026-08-02 16:58:07.003908+00
2f2ff798-f21e-4bc5-b954-1d5628988bf0,384b833e-d0f6-4e46-b61d-2c938b36eb0d,Chicken Whooper,Chicken Whooper,চিকেন হুপার,"Crispy fried chicken fillet with fresh veggies and tangy sauce, served in a toasted bun.","Crispy fried chicken fillet with fresh veggies and tangy sauce, served in a toasted bun.","কুড়মুড়ে ভাজা চিকেন ফিলেট, তাজা সবজি এবং টক সস সহ টোস্ট করা বানে পরিবেশিত।",320.00,,388,f,Burger,Burger,বার্গার,t,https://quickbytes.buzz/uploads/menu_placeholders/chicken-4.png,,"[""icon:chicken""]",1,2026-08-02 16:58:08.366789+00,2026-08-02 16:58:08.366771+00
9ee2c807-ccf7-414e-8879-5f11ee80109a,384b833e-d0f6-4e46-b61d-2c938b36eb0d,Hot Coffee,Hot Coffee,হট কফি,"Freshly brewed hot coffee, rich and aromatic, perfect for coffee lovers.","Freshly brewed hot coffee, rich and aromatic, perfect for coffee lovers.","তাজা তৈরি গরম কফি, সমৃদ্ধ এবং সুগন্ধযুক্ত, কফি প্রেমীদের জন্য উপযুক্ত।",160.00,,404,f,Drinks,Drinks,পানীয়,t,https://quickbytes.buzz/uploads/menu_placeholders/tea_and_coffee.png,,"[""icon:tea_coffee""]",1,2026-08-02 16:58:40.988813+00,2026-08-02 16:58:40.988799+00
42fba1de-fd0e-47f4-92be-07524b10bdb6,384b833e-d0f6-4e46-b61d-2c938b36eb0d,Chicken Chili with Onion,Chicken Chili with Onion,চিকেন চিলি উইথ অনিয়ন,"Spicy chicken chili stir-fried with onions and bell peppers, offering a fiery kick with every bite.","Spicy chicken chili stir-fried with onions and bell peppers, offering a fiery kick with every bite.","মশলাদার চিকেন চিলি পেঁয়াজ ও ক্যাপসিকাম সহযোগে ভাজা, প্রতিটি কামড়ে ঝাল স্বাদ।",370.00,,278,f,Chicken,Chicken,চিকেন,t,https://quickbytes.buzz/uploads/menu_placeholders/chicken_fry.png,,"[""icon:chicken""]",1,2026-07-31 15:12:28.665451+00,2026-07-31 15:12:28.665434+00
d7cb7a05-9aea-4d17-b603-2b1988000abd,384b833e-d0f6-4e46-b61d-2c938b36eb0d,Chicken Sizzling,Chicken Sizzling,চিকেন সিজলিং,Sizzling hot chicken served on a cast iron plate with vegetables and a smoky aroma.,Sizzling hot chicken served on a cast iron plate with vegetables and a smoky aroma.,"গরম গরম সিজলিং প্লেটে সবজি সহযোগে পরিবেশিত চিকেন, ধোঁয়াটে সুবাস।",380.00,,283,f,Chicken,Chicken,চিকেন,t,https://quickbytes.buzz/uploads/menu_placeholders/chicken_fry.png,,"[""icon:chicken""]",1,2026-07-31 15:12:30.794874+00,2026-07-31 15:12:30.794856+00
329dc7d5-294d-4198-8995-1fe2471c8671,384b833e-d0f6-4e46-b61d-2c938b36eb0d,Foil Chicken,Foil Chicken,ফয়েল চিকেন,"Tender chicken cooked in a foil wrap with aromatic spices, locking in juices for a moist and flavorful experience.","Tender chicken cooked in a foil wrap with aromatic spices, locking in juices for a moist and flavorful experience.","সুগন্ধি মশলায় ফয়েলে মোড়ানো কোমল চিকেন, রসালো ও স্বাদে ভরপুর।",390.00,,276,f,Chicken,Chicken,চিকেন,t,https://quickbytes.buzz/uploads/menu_placeholders/chicken-2.png,,"[""icon:chicken""]",1,2026-07-31 15:12:32.505809+00,2026-07-31 15:12:32.505792+00
5c1f21b8-6c68-453b-bbda-61e821decc22,384b833e-d0f6-4e46-b61d-2c938b36eb0d,Fry Chicken Onion,Fry Chicken Onion,ফ্রাই চিকেন অনিয়ন,"Crispy fried chicken tossed with sautéed onions in a savory sauce, delivering a delightful crunch and burst of flavor in every bite.","Crispy fried chicken tossed with sautéed onions in a savory sauce, delivering a delightful crunch and burst of flavor in every bite.","খাস্তা ফ্রাই চিকেন পেঁয়াজ সহযোগে সসে ভাজা, প্রতিটি কামড়ে ক্রাঞ্চ ও স্বাদের বিস্ফোরণ।",370.00,,275,f,Chicken,Chicken,চিকেন,t,https://quickbytes.buzz/uploads/menu_placeholders/chicken-1.png,,"[""icon:chicken""]",1,2026-07-31 15:12:33.386344+00,2026-07-31 15:12:33.386321+00
a3bc73fd-4681-4a9f-9cc7-d1b85c8013bf,384b833e-d0f6-4e46-b61d-2c938b36eb0d,Manchurian Chicken,Manchurian Chicken,মাঞ্চুরিয়ান চিকেন,"Deep-fried chicken balls in a tangy soy-based Manchurian sauce, a perfect Indo-Chinese fusion starter.","Deep-fried chicken balls in a tangy soy-based Manchurian sauce, a perfect Indo-Chinese fusion starter.","গভীর ভাজা চিকেন বল টক সয়া মাঞ্চুরিয়ান সসে, একটি আদর্শ ইন্দো-চাইনিজ স্টার্টার।",390.00,,277,f,Chicken,Chicken,চিকেন,t,https://quickbytes.buzz/uploads/menu_placeholders/chicken-4.png,,"[""icon:chicken""]",1,2026-07-31 15:12:35.067955+00,2026-07-31 15:12:35.067931+00
dcad82b2-ce74-4203-b238-b6b396eae6fb,384b833e-d0f6-4e46-b61d-2c938b36eb0d,Masala Chicken Curry,Masala Chicken Curry,মসলা চিকেন কারি,"Rich and aromatic chicken curry simmered in a blend of traditional masalas, perfect with rice or naan.","Rich and aromatic chicken curry simmered in a blend of traditional masalas, perfect with rice or naan.","ঐতিহ্যবাহী মসলার মিশ্রণে রান্না করা ঘন ও সুগন্ধি চিকেন কারি, ভাত বা নানের সাথে আদর্শ।",390.00,,279,f,Chicken,Chicken,চিকেন,t,https://quickbytes.buzz/uploads/menu_placeholders/fried-chicken.png,,"[""icon:chicken""]",1,2026-07-31 15:12:35.874752+00,2026-07-31 15:12:35.874732+00
acd6d6b8-908e-4ea4-b7c2-7a6a3610b229,384b833e-d0f6-4e46-b61d-2c938b36eb0d,Mongolian Chicken,Mongolian Chicken,মঙ্গোলিয়ান চিকেন,Succulent chicken stir-fried in a sweet and savory Mongolian sauce with scallions and garlic.,Succulent chicken stir-fried in a sweet and savory Mongolian sauce with scallions and garlic.,মিষ্টি ও নোনতা মঙ্গোলিয়ান সসে পেঁয়াজকলি ও রসুন সহযোগে ভাজা রসালো চিকেন।,380.00,,281,f,Chicken,Chicken,চিকেন,t,https://quickbytes.buzz/uploads/menu_placeholders/chicken-2.png,,"[""icon:chicken""]",1,2026-07-31 15:12:36.636503+00,2026-07-31 15:12:36.636484+00
cb04e018-bfbf-4789-8a6f-98aa2484c026,384b833e-d0f6-4e46-b61d-2c938b36eb0d,Soy Chicken Curry,Soy Chicken Curry,সয় চিকেন কারি,"Chicken curry enriched with soy sauce, creating a unique umami flavor that pairs well with steamed rice.","Chicken curry enriched with soy sauce, creating a unique umami flavor that pairs well with steamed rice.","সয় সসে সমৃদ্ধ চিকেন কারি, একটি অনন্য উমামি স্বাদ যা ভাপা ভাতের সাথে ভাল যায়।",420.00,,282,f,Chicken,Chicken,চিকেন,t,https://quickbytes.buzz/uploads/menu_placeholders/chicken-4.png,,"[""icon:chicken""]",1,2026-07-31 15:12:37.525754+00,2026-07-31 15:12:37.525736+00
b36d2831-fb53-4206-921f-0b26a90ae44b,384b833e-d0f6-4e46-b61d-2c938b36eb0d,Tai Pai Chicken,Tai Pai Chicken,তাই পাই চিকেন,"A Thai-inspired chicken dish with bold flavors, stir-fried with vegetables and aromatic herbs.","A Thai-inspired chicken dish with bold flavors, stir-fried with vegetables and aromatic herbs.","থাই-অনুপ্রাণিত চিকেন ডিশ, সবজি ও সুগন্ধি ভেষজ সহযোগে ভাজা।",390.00,,280,f,Chicken,Chicken,চিকেন,t,https://quickbytes.buzz/uploads/menu_placeholders/chicken-1.png,,"[""icon:chicken""]",1,2026-07-31 15:12:38.625796+00,2026-07-31 15:12:38.625778+00
51061137-0daa-4fa2-8f50-810077a15fcf,384b833e-d0f6-4e46-b61d-2c938b36eb0d,Hot Coffee,Hot Coffee,হট কফি,"A freshly brewed hot coffee, rich and aromatic.","A freshly brewed hot coffee, rich and aromatic.","তাজা তৈরি গরম কফি, সমৃদ্ধ এবং সুগন্ধযুক্ত।",160.00,,422,f,Drinks,Drinks,পানীয়,t,https://quickbytes.buzz/uploads/menu_placeholders/tea_and_coffee.png,,"[""icon:tea_coffee""]",1,2026-08-02 16:58:42.277744+00,2026-08-02 16:58:42.27773+00
30bb9799-74b6-46bd-a65e-9bdaf18f394c,384b833e-d0f6-4e46-b61d-2c938b36eb0d,Beef Basil,Beef Basil,বিফ বেসিল,"Beef stir-fried with fresh basil leaves and garlic, a fragrant and flavorful Thai-inspired dish.","Beef stir-fried with fresh basil leaves and garlic, a fragrant and flavorful Thai-inspired dish.","তাজা তুলসী পাতা ও রসুন সহযোগে ভাজা বিফ, একটি সুগন্ধি ও স্বাদযুক্ত থাই-অনুপ্রাণিত ডিশ।",440.00,,289,f,Beef,Beef,বিফ,t,https://quickbytes.buzz/uploads/menu_placeholders/beef-3.png,,"[""icon:beef""]",1,2026-07-31 15:10:24.075877+00,2026-07-31 15:10:24.075851+00
ee5c012d-08bc-4359-8579-ae59cfe47fa7,384b833e-d0f6-4e46-b61d-2c938b36eb0d,Beef Chili Onion,Beef Chili Onion,বিফ চিলি অনিয়ন,"Tender beef strips stir-fried with chili and onions, a spicy and savory delight.","Tender beef strips stir-fried with chili and onions, a spicy and savory delight.","কোমল বিফ স্ট্রিপ মরিচ ও পেঁয়াজ সহযোগে ভাজা, মশলাদার ও নোনতা আনন্দ।",430.00,,284,f,Beef,Beef,বিফ,t,https://quickbytes.buzz/uploads/menu_placeholders/beef-2.png,,"[""icon:beef""]",1,2026-07-31 15:10:24.278621+00,2026-07-31 15:10:24.278602+00
9f7fd13a-df07-444a-93e2-c83c1405823c,384b833e-d0f6-4e46-b61d-2c938b36eb0d,Egg Fried Rice,Egg Fried Rice,এগ ফ্রাইড রাইস,"Fluffy fried rice with scrambled eggs, a simple yet satisfying staple.","Fluffy fried rice with scrambled eggs, a simple yet satisfying staple.","স্ক্র্যাম্বলড ডিম সহ fluffy ফ্রাইড রাইস, একটি সহজ অথচ তৃপ্তিদায়ক প্রধান।",300.00,,294,f,Rice,Rice,রাইস,t,https://quickbytes.buzz/uploads/menu_placeholders/beverages.png,,"[""icon:general""]",1,2026-07-31 15:12:46.376129+00,2026-07-31 15:12:46.376112+00
4b7f46fe-280e-44d2-8823-9dd8a5bb0608,384b833e-d0f6-4e46-b61d-2c938b36eb0d,Grilled Chicken Salad,Grilled Chicken Salad,গ্রিলড চিকেন সালাদ,"Crisp greens with grilled chicken strips, a healthy and protein-packed choice.","Crisp greens with grilled chicken strips, a healthy and protein-packed choice.","গ্রিলড চিকেন স্ট্রিপ সহ কুঁচকানো সবুজ, একটি স্বাস্থ্যকর ও প্রোটিনসমৃদ্ধ পছন্দ।",290.00,,299,f,Salad,Salad,সালাদ,t,https://quickbytes.buzz/uploads/menu_placeholders/fried-chicken.png,,"[""icon:chicken""]",1,2026-07-31 15:12:52.306108+00,2026-07-31 15:12:52.30609+00
e64f36e8-3838-4d71-8623-7a6e7d244e92,384b833e-d0f6-4e46-b61d-2c938b36eb0d,Beef Masala,Beef Masala,বিফ মসলা,"Beef cooked in a rich masala gravy, tender and full of aromatic spices.","Beef cooked in a rich masala gravy, tender and full of aromatic spices.","ঘন মসলার গ্রেভিতে রান্না করা বিফ, কোমল ও সুগন্ধি মশলায় ভরপুর।",410.00,,285,f,Beef,Beef,বিফ,t,https://quickbytes.buzz/uploads/menu_placeholders/beef-3.png,,"[""icon:beef""]",1,2026-07-31 15:10:24.595024+00,2026-07-31 15:10:24.595005+00
d63ab976-3115-46c2-ba36-46f64aa952f5,384b833e-d0f6-4e46-b61d-2c938b36eb0d,Prawn Masala,Prawn Masala,প্রন মসলা,"Juicy prawns cooked in a spicy masala gravy, bursting with coastal flavors.","Juicy prawns cooked in a spicy masala gravy, bursting with coastal flavors.","মশলাদার গ্রেভিতে রান্না করা রসালো চিংড়ি, উপকূলীয় স্বাদে ভরপুর।",410.00,,290,f,Prawn,Prawn,প্রন,t,https://quickbytes.buzz/uploads/menu_placeholders/fish-4.png,,"[""icon:fish""]",1,2026-07-31 15:12:43.696946+00,2026-07-31 15:12:43.696928+00
258045eb-5053-41b2-bf98-61b0c9eae082,384b833e-d0f6-4e46-b61d-2c938b36eb0d,Chicken Fried Rice,Chicken Fried Rice,চিকেন ফ্রাইড রাইস,"Fried rice with tender chicken pieces, vegetables, and aromatic soy sauce.","Fried rice with tender chicken pieces, vegetables, and aromatic soy sauce.","কোমল চিকেন টুকরা, সবজি ও সুগন্ধি সয় সস সহ ফ্রাইড রাইস।",310.00,,295,f,Rice,Rice,রাইস,t,https://quickbytes.buzz/uploads/menu_placeholders/chicken-1.png,,"[""icon:chicken""]",1,2026-07-31 15:12:45.432933+00,2026-07-31 15:12:45.432915+00
c4ea41cd-2efe-4f87-a904-e5706d41f1ee,384b833e-d0f6-4e46-b61d-2c938b36eb0d,Cashew Nut Salad,Cashew Nut Salad,কাজু নাট সালাদ,Mixed greens with crunchy cashew nuts and a light vinaigrette.,Mixed greens with crunchy cashew nuts and a light vinaigrette.,কুঁচকানো কাজু বাদাম ও হালকা ভিনাইগ্রেট সহ মিক্সড গ্রিনস।,380.00,,300,f,Salad,Salad,সালাদ,t,https://quickbytes.buzz/uploads/menu_placeholders/vegetable-1.png,,"[""icon:vegetable""]",1,2026-07-31 15:12:49.795806+00,2026-07-31 15:12:49.795788+00
9d7610da-c516-4882-8182-eeb60e609efe,384b833e-d0f6-4e46-b61d-2c938b36eb0d,Extra Rice,Extra Rice,অতিরিক্ত ভাত,Add extra rice to your order.,Add extra rice to your order.,আপনার অর্ডারে অতিরিক্ত ভাত যোগ করুন।,70.00,,485,f,Upgrades,Upgrades,আপগ্রেড,t,https://quickbytes.buzz/uploads/menu_placeholders/beverages.png,,"[""icon:general""]",1,2026-08-07 01:53:53.995472+00,2026-08-07 01:53:53.995457+00
be13b88d-c739-46b6-8e85-245ab17a7304,384b833e-d0f6-4e46-b61d-2c938b36eb0d,Forever Special Burger,Forever Special Burger,ফরএভার স্পেশাল বার্গার,Double chicken patties layered with BBQ sauce and melted cheese in between.,Double chicken patties layered with BBQ sauce and melted cheese in between.,"ডাবল চিকেন প্যাটি, বিবিকিউ সস এবং গলানো চিজ দিয়ে স্তরিত।",280.00,,491,f,Chicken Burgers,Chicken Burgers,চিকেন বার্গার,t,https://quickbytes.buzz/uploads/menu_placeholders/chicken-1.png,,"[""icon:chicken""]",1,2026-08-07 01:56:38.986202+00,2026-08-07 01:56:38.986179+00
ed70ebdd-82a3-43c7-9faa-2d9a90b4fcae,384b833e-d0f6-4e46-b61d-2c938b36eb0d,Beef Oyster,Beef Oyster,বিফ অয়েস্টার,"Beef stir-fried in a savory oyster sauce, giving it a rich and slightly sweet flavor.","Beef stir-fried in a savory oyster sauce, giving it a rich and slightly sweet flavor.","নোনতা অয়েস্টার সসে ভাজা বিফ, একটি সমৃদ্ধ ও সামান্য মিষ্টি স্বাদ।",410.00,,286,f,Beef,Beef,বিফ,t,https://quickbytes.buzz/uploads/menu_placeholders/beef-4.png,,"[""icon:beef""]",1,2026-07-31 15:10:24.895148+00,2026-07-31 15:10:24.89513+00
3f65e897-4575-44af-ab8c-64f8caf2ee11,384b833e-d0f6-4e46-b61d-2c938b36eb0d,Sweet & Sour Prawn,Sweet & Sour Prawn,সুইট অ্যান্ড সাওয়ার প্রন,"Crispy prawns in a tangy sweet and sour sauce, a classic favorite.","Crispy prawns in a tangy sweet and sour sauce, a classic favorite.","খাস্তা চিংড়ি টক-মিষ্টি সসে, একটি ক্লাসিক প্রিয়।",410.00,,291,f,Prawn,Prawn,প্রন,t,https://quickbytes.buzz/uploads/menu_placeholders/fish-1.png,,"[""icon:fish""]",1,2026-07-31 15:12:44.506723+00,2026-07-31 15:12:44.506705+00
cb2287d1-1698-4801-8a99-d057ee35a6bf,384b833e-d0f6-4e46-b61d-2c938b36eb0d,Mixed Fried Rice,Mixed Fried Rice,মিক্সড ফ্রাইড রাইস,"A hearty fried rice with a mix of chicken, prawn, and vegetables.","A hearty fried rice with a mix of chicken, prawn, and vegetables.","চিকেন, চিংড়ি ও সবজির মিশ্রণে একটি পেটভরা ফ্রাইড রাইস।",330.00,,296,f,Rice,Rice,রাইস,t,https://quickbytes.buzz/uploads/menu_placeholders/beverages.png,,"[""icon:general""]",1,2026-07-31 15:12:48.16827+00,2026-07-31 15:12:48.168253+00
a9e517c1-8de7-4632-a9b8-8a8dd5d61e6e,384b833e-d0f6-4e46-b61d-2c938b36eb0d,Cazon Prawn Salad,Cazon Prawn Salad,কাজন প্রন সালাদ,"Prawn salad with a special dressing, fresh and flavorful.","Prawn salad with a special dressing, fresh and flavorful.","বিশেষ ড্রেসিং সহ চিংড়ি সালাদ, তাজা ও স্বাদযুক্ত।",370.00,,301,f,Salad,Salad,সালাদ,t,https://quickbytes.buzz/uploads/menu_placeholders/fish-3.png,,"[""icon:fish""]",1,2026-07-31 15:12:50.676181+00,2026-07-31 15:12:50.676162+00
34a7ece9-e34d-4588-bff1-7e091af49d1e,384b833e-d0f6-4e46-b61d-2c938b36eb0d,Soy Beef Curry,Soy Beef Curry,সয় বিফ কারি,"Beef curry with soy sauce, offering a deep umami taste that complements the tender meat.","Beef curry with soy sauce, offering a deep umami taste that complements the tender meat.","সয় সস সহ বিফ কারি, গভীর উমামি স্বাদ যা কোমল মাংসের সাথে মানানসই।",450.00,,287,f,Beef,Beef,বিফ,t,https://quickbytes.buzz/uploads/menu_placeholders/beef-1.png,,"[""icon:beef""]",1,2026-07-31 15:10:27.54633+00,2026-07-31 15:10:27.546305+00
98d96f8d-9887-4e50-a1ec-c54f4954e596,384b833e-d0f6-4e46-b61d-2c938b36eb0d,Golden Fried Rice,Golden Fried Rice,গোল্ডেন ফ্রাইড রাইস,"Special fried rice with egg, chicken, and a golden hue from turmeric or egg yolk.","Special fried rice with egg, chicken, and a golden hue from turmeric or egg yolk.","ডিম, চিকেন ও হলুদ বা ডিমের কুসুমের সোনালি আভা সহ বিশেষ ফ্রাইড রাইস।",330.00,,297,f,Rice,Rice,রাইস,t,https://quickbytes.buzz/uploads/menu_placeholders/beverages.png,,"[""icon:general""]",1,2026-07-31 15:12:47.404561+00,2026-07-31 15:12:47.404543+00
c9241461-11c9-4a94-a0b8-c15b1b045499,384b833e-d0f6-4e46-b61d-2c938b36eb0d,Chinese Vegetables,Chinese Vegetables,চাইনিজ ভেজিটেবলস,"A medley of fresh vegetables stir-fried in a light Chinese sauce, healthy and delicious.","A medley of fresh vegetables stir-fried in a light Chinese sauce, healthy and delicious.","হালকা চাইনিজ সসে ভাজা তাজা সবজির মিশ্রণ, স্বাস্থ্যকর ও সুস্বাদু।",390.00,,292,f,Vegetables,Vegetables,সবজি,t,https://quickbytes.buzz/uploads/menu_placeholders/vegetable-1.png,,"[""icon:vegetable""]",1,2026-07-31 15:12:53.056136+00,2026-07-31 15:12:53.056119+00
921d45f3-6930-4f7b-85a8-a1dc40e0f50c,384b833e-d0f6-4e46-b61d-2c938b36eb0d,Beef Sizzling,Beef Sizzling,বিফ সিজলিং,"Sizzling beef strips with vegetables, served on a hot plate with a smoky sizzle.","Sizzling beef strips with vegetables, served on a hot plate with a smoky sizzle.","সিজলিং বিফ স্ট্রিপ সবজি সহযোগে, গরম প্লেটে ধোঁয়াটে সিজল সহ পরিবেশিত।",440.00,,288,f,Beef,Beef,বিফ,t,https://quickbytes.buzz/uploads/menu_placeholders/beef-2.png,,"[""icon:beef""]",1,2026-07-31 15:10:26.614533+00,2026-07-31 15:10:26.614516+00
b603d35f-1b3b-4e52-9faf-2378a9b55915,384b833e-d0f6-4e46-b61d-2c938b36eb0d,Grilled Beef Salad,Grilled Beef Salad,গ্রিলড বিফ সালাদ,"Fresh salad topped with grilled beef slices, drizzled with a tangy dressing.","Fresh salad topped with grilled beef slices, drizzled with a tangy dressing.","গ্রিলড বিফ স্লাইস সহ তাজা সালাদ, টক ড্রেসিং দিয়ে সাজানো।",360.00,,298,f,Salad,Salad,সালাদ,t,https://quickbytes.buzz/uploads/menu_placeholders/beef-4.png,,"[""icon:beef""]",1,2026-07-31 15:12:51.51+00,2026-07-31 15:12:51.509956+00
0957a518-4a66-4c4f-b3e2-7878d1bfad77,384b833e-d0f6-4e46-b61d-2c938b36eb0d,Green Vegetables,Green Vegetables,গ্রিন ভেজিটেবলস,Seasonal green vegetables lightly sautéed to retain their natural crunch and nutrients.,Seasonal green vegetables lightly sautéed to retain their natural crunch and nutrients.,"মৌসুমি সবুজ সবজি হালকা ভাজা, প্রাকৃতিক ক্রাঞ্চ ও পুষ্টি ধরে রাখতে।",390.00,,293,f,Vegetables,Vegetables,সবজি,t,https://quickbytes.buzz/uploads/menu_placeholders/vegetable-1.png,,"[""icon:vegetable""]",1,2026-07-31 15:12:53.947993+00,2026-07-31 15:12:53.947953+00
2109a7c8-fef8-44e5-8192-b32887f4ae87,384b833e-d0f6-4e46-b61d-2c938b36eb0d,Addons,Addons,অ্যাডঅনস,"Enhance your meal with our selection of add-ons, including cheese, jalapeño, pepperoni, mushroom, BBQ sauce, salami, special hot mustard, dark sauce, and burger sauce.","Enhance your meal with our selection of add-ons, including cheese, jalapeño, pepperoni, mushroom, BBQ sauce, salami, special hot mustard, dark sauce, and burger sauce.","আমাদের অ্যাড-অন নির্বাচনের সাথে আপনার খাবার উন্নত করুন, যার মধ্যে রয়েছে পনির, জালাপেনো, পেপারনি, মাশরুম, বিবিকিউ সস, সালামি, স্পেশাল হট মাস্টার্ড, ডার্ক সস এবং বার্গার সস।",50.00,,241,f,Addon,Addon,অ্যাডঅন,t,https://quickbytes.buzz/uploads/menu_placeholders/beverages.png,,"[""icon:general"", ""addon:50:Cheese"", ""addon:50:Jalapeño"", ""addon:50:Pepperoni"", ""addon:50:Mushroom"", ""addon:50:BBQ Sauce"", ""addon:50:Salami"", ""addon:50:Special Hot Mustard"", ""addon:50:Dark Sauce"", ""addon:50:Burger Sauce""]",1,2026-07-31 15:10:18.696185+00,2026-07-31 15:10:18.696161+00
609b712c-7ed7-4ff1-8fec-a9a5755a512b,384b833e-d0f6-4e46-b61d-2c938b36eb0d,Original Crispy BBQ Bacon Stacker® Burger Box,Original Crispy BBQ Bacon Stacker® Burger Box,অরিজিনাল ক্রিস্পি বিবিকিউ বেকন স্ট্যাকার® বার্গার বক্স,"A towering burger stacked with Original Crispy chicken, smoky BBQ sauce, crispy bacon, and cheese, served with fries and a drink. A flavor explosion.","A towering burger stacked with Original Crispy chicken, smoky BBQ sauce, crispy bacon, and cheese, served with fries and a drink. A flavor explosion.","অরিজিনাল ক্রিস্পি চিকেন, স্মোকি বিবিকিউ সস, ক্রিস্পি বেকন এবং চিজ দিয়ে স্ট্যাক করা একটি উঁচু বার্গার, ফ্রাই এবং একটি ড্রিংক সহ পরিবেশিত। একটি স্বাদের বিস্ফোরণ।",22.95,,221,f,Boxed Meals,Boxed Meals,বক্সড মিল,t,https://quickbytes.buzz/uploads/menu_placeholders/chicken-1.png,,"[""icon:chicken""]",3,2026-07-31 15:12:09.018278+00,2026-07-31 15:12:09.01826+00
e727b4bd-d4ca-425f-9c41-f1d2290daedb,384b833e-d0f6-4e46-b61d-2c938b36eb0d,3 Piece Box,3 Piece Box,৩ পিস বক্স,"Three pieces of our signature fried chicken, served with fries, coleslaw, and a drink. A classic KFC experience.","Three pieces of our signature fried chicken, served with fries, coleslaw, and a drink. A classic KFC experience.","আমাদের সিগনেচার ফ্রাইড চিকেনের তিনটি পিস, ফ্রাই, কোলসলা এবং একটি ড্রিংক সহ পরিবেশন করা হয়। একটি ক্লাসিক কেএফসি অভিজ্ঞতা।",19.95,,254,f,Box Meals,Box Meals,বক্স মিল,t,https://quickbytes.buzz/uploads/menu_placeholders/chicken-2.png,,"[""icon:chicken""]",1,2026-07-31 15:10:33.834623+00,2026-07-31 15:10:33.834605+00
7ee06af7-8dbc-41cf-b6b9-1c5ce17d0dba,384b833e-d0f6-4e46-b61d-2c938b36eb0d,Complete Treat ft. Fried Cookie Dough,Complete Treat ft. Fried Cookie Dough,কমপ্লিট ট্রিট ফ্রাইড কুকি ডো সহ,"Indulge in this complete treat featuring crispy fried cookie dough, paired with your favorite KFC sides. A perfect dessert box for sweet cravings.","Indulge in this complete treat featuring crispy fried cookie dough, paired with your favorite KFC sides. A perfect dessert box for sweet cravings.","ক্রিস্পি ফ্রাইড কুকি ডো সহ এই সম্পূর্ণ ট্রিটে লিপ্ত হন, আপনার প্রিয় কেএফসি সাইডের সাথে জুড়ি। মিষ্টি cravings জন্য একটি নিখুঁত ডেজার্ট বক্স।",20.95,,249,f,Box Meals,Box Meals,বক্স মিল,t,https://quickbytes.buzz/uploads/menu_placeholders/Desserts.png,,"[""icon:sweets""]",1,2026-07-31 15:10:35.025372+00,2026-07-31 15:10:35.025356+00
175c6291-84a2-4a84-a635-c5925ea844b4,384b833e-d0f6-4e46-b61d-2c938b36eb0d,The Rajukian Burger,The Rajukian Burger,দ্যা রাজুকিয়ান বার্গার,"A signature burger crafted with premium ingredients, offering a perfect blend of flavors in every bite. Juicy patty, fresh veggies, and secret sauce make it an unforgettable experience.","A signature burger crafted with premium ingredients, offering a perfect blend of flavors in every bite. Juicy patty, fresh veggies, and secret sauce make it an unforgettable experience.","একটি সিগনেচার বার্গার যা প্রিমিয়াম উপাদান দিয়ে তৈরি, প্রতিটি কামড়ে স্বাদের নিখুঁত মিশ্রণ প্রদান করে। রসালো প্যাটি, তাজা সবজি এবং সিক্রেট সস এটিকে একটি অবিস্মরণীয় অভিজ্ঞতা করে তোলে।",399.00,,223,f,Burger,Burger,বার্গার,t,https://quickbytes.buzz/uploads/menu_placeholders/burger.png,,"[""icon:burger""]",1,2026-07-31 15:12:26.619773+00,2026-07-31 15:12:26.619756+00
97749d50-1188-41b6-8764-5320ad74302d,384b833e-d0f6-4e46-b61d-2c938b36eb0d,Cold Coffee,Cold Coffee,কোল্ড কফি,"Chilled coffee blended with milk and ice, a refreshing pick-me-up.","Chilled coffee blended with milk and ice, a refreshing pick-me-up.","দুধ এবং বরফের সাথে মিশ্রিত ঠান্ডা কফি, একটি সতেজতা আনা পানীয়।",160.00,,400,f,Drinks,Drinks,পানীয়,t,https://quickbytes.buzz/uploads/menu_placeholders/tea_and_coffee.png,,"[""icon:tea_coffee""]",1,2026-08-02 16:58:38.870823+00,2026-08-02 16:58:38.870802+00
0e41d828-74a4-45f6-bf0c-f695100b0b2a,384b833e-d0f6-4e46-b61d-2c938b36eb0d,Lemon Mint,Lemon Mint,লেমন মিন্ট,"A refreshing blend of lemon juice, mint leaves, and soda, served over ice.","A refreshing blend of lemon juice, mint leaves, and soda, served over ice.","লেবুর রস, পুদিনা পাতা এবং সোডার সতেজ মিশ্রণ, বরফ সহ পরিবেশিত।",140.00,,401,f,Drinks,Drinks,পানীয়,t,https://quickbytes.buzz/uploads/menu_placeholders/juice.png,,"[""icon:juice""]",1,2026-08-02 16:58:44.084091+00,2026-08-02 16:58:44.084069+00
b373e10c-7778-4840-a1e3-41cdc8e74767,384b833e-d0f6-4e46-b61d-2c938b36eb0d,Lychee Cooler,Lychee Cooler,লিচু কুলার,"Sweet lychee juice with a hint of lime, served chilled for a tropical escape.","Sweet lychee juice with a hint of lime, served chilled for a tropical escape.","লেবুর ইঙ্গিত সহ মিষ্টি লিচুর রস, ঠান্ডা পরিবেশিত একটি ট্রপিক্যাল স্বাদ।",170.00,,402,f,Drinks,Drinks,পানীয়,t,https://quickbytes.buzz/uploads/menu_placeholders/juice.png,,"[""icon:juice""]",1,2026-08-02 16:58:46.616649+00,2026-08-02 16:58:46.61663+00
4c429b48-cdeb-4e0b-9955-57ca399280ac,384b833e-d0f6-4e46-b61d-2c938b36eb0d,Mango Milk Shake,Mango Milk Shake,ম্যাংগো মিল্ক শেক,"Creamy mango milkshake made with ripe mangoes and chilled milk, a tropical treat.","Creamy mango milkshake made with ripe mangoes and chilled milk, a tropical treat.","পাকা আম এবং ঠান্ডা দুধ দিয়ে তৈরি ক্রিমি ম্যাংগো মিল্কশেক, একটি ট্রপিক্যাল আনন্দ।",160.00,,397,f,Drinks,Drinks,পানীয়,t,https://quickbytes.buzz/uploads/menu_placeholders/juice.png,,"[""icon:juice""]",1,2026-08-02 16:58:49.216963+00,2026-08-02 16:58:49.216947+00
57dd6578-cad4-4c99-a667-1f5b3e11e443,384b833e-d0f6-4e46-b61d-2c938b36eb0d,Pista Milkshake,Pista Milkshake,পিস্তা মিল্কশেক,"Creamy pistachio milkshake with a nutty flavor, garnished with crushed pistachios.","Creamy pistachio milkshake with a nutty flavor, garnished with crushed pistachios.","বাদামের স্বাদযুক্ত ক্রিমি পিস্তা মিল্কশেক, চূর্ণ পিস্তা দিয়ে সাজানো।",170.00,,403,f,Drinks,Drinks,পানীয়,t,https://quickbytes.buzz/uploads/menu_placeholders/beverages.png,,"[""icon:beverages""]",1,2026-08-02 16:58:51.267352+00,2026-08-02 16:58:51.267334+00
0d9d4cc5-e304-400f-8763-d222f6f864e6,384b833e-d0f6-4e46-b61d-2c938b36eb0d,Vanilla Milk Shake,Vanilla Milk Shake,ভ্যানিলা মিল্ক শেক,"Classic vanilla milkshake, smooth and creamy, made with premium vanilla ice cream.","Classic vanilla milkshake, smooth and creamy, made with premium vanilla ice cream.","প্রিমিয়াম ভ্যানিলা আইসক্রিম দিয়ে তৈরি ক্লাসিক ভ্যানিলা মিল্কশেক, মসৃণ এবং ক্রিমি।",160.00,,398,f,Drinks,Drinks,পানীয়,t,https://quickbytes.buzz/uploads/menu_placeholders/beverages.png,,"[""icon:beverages""]",1,2026-08-02 16:58:53.4266+00,2026-08-02 16:58:53.426587+00
618d1671-472f-43fc-a07e-0462de0ae1f0,384b833e-d0f6-4e46-b61d-2c938b36eb0d,Oyster Prawn,Oyster Prawn,অয়েস্টার প্রন,"Succulent prawns cooked with oyster sauce, garnished with spring onions for a savory seafood delight.","Succulent prawns cooked with oyster sauce, garnished with spring onions for a savory seafood delight.","ঝিনুক সসে রান্না করা রসালো চিংড়ি, সবুজ পেঁয়াজ দিয়ে সাজানো একটি সুস্বাদু সামুদ্রিক খাবার।",360.00,,395,f,Seafood,Seafood,সামুদ্রিক খাবার,t,https://quickbytes.buzz/uploads/menu_placeholders/fish-2.png,,"[""icon:fish""]",1,2026-08-02 16:59:14.076614+00,2026-08-02 16:59:14.0766+00
c12f9290-61ca-419a-904c-ed5d35f53fe1,384b833e-d0f6-4e46-b61d-2c938b36eb0d,Prawn,Prawn,প্রন,"Fresh prawns prepared with a blend of spices, offering a burst of flavor in every bite.","Fresh prawns prepared with a blend of spices, offering a burst of flavor in every bite.","তাজা চিংড়ি মশলার মিশ্রণে প্রস্তুত, প্রতিটি কামড়ে স্বাদের বিস্ফোরণ।",340.00,,396,f,Seafood,Seafood,সামুদ্রিক খাবার,t,https://quickbytes.buzz/uploads/menu_placeholders/fish-3.png,,"[""icon:fish""]",1,2026-08-02 16:59:14.79666+00,2026-08-02 16:59:14.796647+00
e3251797-5438-4541-9282-a10be5e3348e,384b833e-d0f6-4e46-b61d-2c938b36eb0d,Chicken Chilli Meal,Chicken Chilli Meal,চিকেন চিলি মিল,"A hearty meal featuring spicy chicken chilli, served with steamed rice and a side salad.","A hearty meal featuring spicy chicken chilli, served with steamed rice and a side salad.","মশলাদার চিকেন চিলি, স্টিমড রাইস এবং সাইড সালাদ সহ একটি পেট ভরা খাবার।",290.00,,393,f,Set Menu,Set Menu,সেট মেনু,t,https://quickbytes.buzz/uploads/menu_placeholders/chicken-4.png,,"[""icon:chicken"", ""inc:Steamed Rice"", ""inc:Side Salad""]",1,2026-08-02 16:59:21.623695+00,2026-08-02 16:59:21.62368+00
b7ef3cbd-0829-4239-84e9-e010b721efbb,384b833e-d0f6-4e46-b61d-2c938b36eb0d,Tandoori Chicken Meal,Tandoori Chicken Meal,তন্দুরি চিকেন মিল,"Smoky tandoori chicken served with naan bread, salad, and mint chutney for a complete meal.","Smoky tandoori chicken served with naan bread, salad, and mint chutney for a complete meal.","স্মোকি তন্দুরি চিকেন, নান রুটি, সালাদ এবং পুদিনা চাটনি সহ একটি সম্পূর্ণ খাবার।",360.00,,394,f,Set Menu,Set Menu,সেট মেনু,t,https://quickbytes.buzz/uploads/menu_placeholders/chicken_fry.png,,"[""icon:chicken"", ""inc:Naan Bread"", ""inc:Salad"", ""inc:Mint Chutney""]",1,2026-08-02 16:59:38.0363+00,2026-08-02 16:59:38.036282+00
3ae34d11-7474-481a-b509-51004fed82a9,384b833e-d0f6-4e46-b61d-2c938b36eb0d,Mango Milkshake,Mango Milkshake,ম্যাঙ্গো মিল্কশেক,A creamy and refreshing milkshake made with ripe mangoes.,A creamy and refreshing milkshake made with ripe mangoes.,পাকা আম দিয়ে তৈরি একটি ক্রিমি এবং রিফ্রেশিং মিল্কশেক।,160.00,,409,f,Beverages,Beverages,বেভারেজ,t,https://quickbytes.buzz/uploads/menu_placeholders/juice.png,,"[""icon:juice""]",1,2026-08-02 16:57:53.25037+00,2026-08-02 16:57:53.250355+00
78942c82-436a-4285-a6c9-5f9bbf8df9be,384b833e-d0f6-4e46-b61d-2c938b36eb0d,Vanilla Milkshake,Vanilla Milkshake,ভ্যানিলা মিল্কশেক,"A classic vanilla milkshake, smooth and creamy.","A classic vanilla milkshake, smooth and creamy.","একটি ক্লাসিক ভ্যানিলা মিল্কশেক, মসৃণ এবং ক্রিমি।",160.00,,410,f,Beverages,Beverages,বেভারেজ,t,https://quickbytes.buzz/uploads/menu_placeholders/beverages.png,,"[""icon:beverages""]",1,2026-08-02 16:57:58.044643+00,2026-08-02 16:57:58.044628+00
cb0ce6e0-c558-4fea-985d-1e5dbb5f3ae1,384b833e-d0f6-4e46-b61d-2c938b36eb0d,Fani Cake with Maple/Blueberry Syrup,Fani Cake with Maple/Blueberry Syrup,ফানি কেক ম্যাপল/ব্লুবেরি সিরাপ সহ,"Soft fani cake served with your choice of maple or blueberry syrup, a sweet indulgence.","Soft fani cake served with your choice of maple or blueberry syrup, a sweet indulgence.","নরম ফানি কেক, আপনার পছন্দের ম্যাপল বা ব্লুবেরি সিরাপ সহ পরিবেশিত, একটি মিষ্টি আনন্দ।",260.00,,405,f,Dessert,Dessert,ডেজার্ট,t,https://quickbytes.buzz/uploads/menu_placeholders/Desserts.png,,"[""icon:sweets""]",1,2026-08-02 16:58:19.458832+00,2026-08-02 16:58:19.45881+00
db520eeb-3d92-4969-a750-3eab4a49d148,384b833e-d0f6-4e46-b61d-2c938b36eb0d,Lemon Crepe,Lemon Crepe,লেমন ক্রেপ,Delicate crepe with tangy lemon curd and a dusting of powdered sugar.,Delicate crepe with tangy lemon curd and a dusting of powdered sugar.,টক লেমন কার্ড এবং গুঁড়ো চিনির ছিটানো সহ delicate ক্রেপ।,260.00,,408,f,Dessert,Dessert,ডেজার্ট,t,https://quickbytes.buzz/uploads/menu_placeholders/sweets.png,,"[""icon:sweets""]",1,2026-08-02 16:58:20.586951+00,2026-08-02 16:58:20.586937+00
5f2ea11a-7861-48e1-87a3-214e734281d4,384b833e-d0f6-4e46-b61d-2c938b36eb0d,Orange Crepe,Orange Crepe,অরেঞ্জ ক্রেপ,Thin crepe filled with orange-flavored cream and topped with orange zest.,Thin crepe filled with orange-flavored cream and topped with orange zest.,"কমলা স্বাদের ক্রিমে ভরা পাতলা ক্রেপ, উপরে কমলা জেস্ট দিয়ে সাজানো।",260.00,,407,f,Dessert,Dessert,ডেজার্ট,t,https://quickbytes.buzz/uploads/menu_placeholders/Desserts.png,,"[""icon:sweets""]",1,2026-08-02 16:58:30.355948+00,2026-08-02 16:58:30.355934+00
8f9ce8e5-58b4-47d1-8fd8-d5c16554273f,384b833e-d0f6-4e46-b61d-2c938b36eb0d,Sticky Rice with Coconut Ice-cream,Sticky Rice with Coconut Ice-cream,স্টিকি রাইস নারকেল আইসক্রিম সহ,"Sweet sticky rice paired with creamy coconut ice cream, a delightful fusion dessert.","Sweet sticky rice paired with creamy coconut ice cream, a delightful fusion dessert.","মিষ্টি স্টিকি রাইস ক্রিমি নারকেল আইসক্রিমের সাথে, একটি আনন্দদায়ক ফিউশন ডেজার্ট।",290.00,,406,f,Dessert,Dessert,ডেজার্ট,t,https://quickbytes.buzz/uploads/menu_placeholders/sweets.png,,"[""icon:sweets""]",1,2026-08-02 16:58:35.208561+00,2026-08-02 16:58:35.208547+00
d6c7bd59-9a35-448d-afe9-1d55c2c6ff3f,384b833e-d0f6-4e46-b61d-2c938b36eb0d,Calamary with Linguine Pasta,Calamary with Linguine Pasta,ক্যালামারি উইথ লিঙ্গুইন পাস্তা,"Calamari rings served over linguine pasta with a light garlic and olive oil sauce, a seafood lover's delight.","Calamari rings served over linguine pasta with a light garlic and olive oil sauce, a seafood lover's delight.","ক্যালামারি রিং লিঙ্গুইন পাস্তার সাথে পরিবেশন করা হয়, হালকা রসুন এবং অলিভ অয়েল সসে, সামুদ্রিক খাবার প্রেমীদের জন্য আনন্দ।",300.00,,397,f,Pasta & Chowmein,Pasta & Chowmein,পাস্তা ও চাউমিন,t,https://quickbytes.buzz/uploads/menu_placeholders/fish-4.png,,"[""icon:fish""]",1,2026-08-02 16:59:02.366573+00,2026-08-02 16:59:02.366559+00
e6290278-4ea2-4f36-8834-cc311f6d07df,384b833e-d0f6-4e46-b61d-2c938b36eb0d,Chicken Alfredo,Chicken Alfredo,চিকেন আলফ্রেডো,"Creamy fettuccine pasta with grilled chicken, parmesan cheese, and a rich Alfredo sauce, a classic Italian favorite.","Creamy fettuccine pasta with grilled chicken, parmesan cheese, and a rich Alfredo sauce, a classic Italian favorite.","ক্রিমি ফেটুচিনি পাস্তা, গ্রিলড চিকেন, পারমেসান চিজ এবং সমৃদ্ধ আলফ্রেডো সস সহ, একটি ক্লাসিক ইতালিয়ান প্রিয়।",290.00,,399,f,Pasta & Chowmein,Pasta & Chowmein,পাস্তা ও চাউমিন,t,https://quickbytes.buzz/uploads/menu_placeholders/pasta.png,,"[""icon:pasta""]",1,2026-08-02 16:59:03.466993+00,2026-08-02 16:59:03.466957+00
7141e19a-0b07-4f76-b8ec-f2119aa178b6,384b833e-d0f6-4e46-b61d-2c938b36eb0d,Grilled Shrimp Pasta,Grilled Shrimp Pasta,গ্রিলড শ্রিম্প পাস্তা,"Grilled shrimp served over pasta with a zesty lemon garlic sauce, a light and refreshing seafood option.","Grilled shrimp served over pasta with a zesty lemon garlic sauce, a light and refreshing seafood option.","গ্রিলড শ্রিম্প পাস্তার সাথে লেবু রসুন সসে পরিবেশন করা হয়, একটি হালকা এবং সতেজ সামুদ্রিক বিকল্প।",270.00,,401,f,Pasta & Chowmein,Pasta & Chowmein,পাস্তা ও চাউমিন,t,https://quickbytes.buzz/uploads/menu_placeholders/fish-4.png,,"[""icon:fish""]",1,2026-08-02 16:59:04.376953+00,2026-08-02 16:59:04.376939+00
bdd87adc-71b2-403f-82a8-bf69335722eb,384b833e-d0f6-4e46-b61d-2c938b36eb0d,HerSe Special Mixed Chowmein,HerSe Special Mixed Chowmein,হারসে স্পেশাল মিক্সড চাউমিন,"A special mixed chowmein with a variety of meats and vegetables, tossed in a savory sauce, a house favorite.","A special mixed chowmein with a variety of meats and vegetables, tossed in a savory sauce, a house favorite.","একটি বিশেষ মিক্সড চাউমিন, বিভিন্ন মাংস এবং সবজি সহ, সুস্বাদু সসে ভাজা, আমাদের বিশেষ পদ।",250.00,,394,f,Pasta & Chowmein,Pasta & Chowmein,পাস্তা ও চাউমিন,t,https://quickbytes.buzz/uploads/menu_placeholders/noodles.png,,"[""icon:noodles""]",1,2026-08-02 16:59:05.315359+00,2026-08-02 16:59:05.315345+00
c9cc3932-8f72-4203-8864-da9f4c642534,384b833e-d0f6-4e46-b61d-2c938b36eb0d,Honey Garlic Tarook Pasta,Honey Garlic Tarook Pasta,হানি গার্লিক তারুক পাস্তা,"Pasta tossed in a sweet and savory honey garlic sauce, with a hint of spice, a delightful fusion dish.","Pasta tossed in a sweet and savory honey garlic sauce, with a hint of spice, a delightful fusion dish.","পাস্তা মিষ্টি এবং সুস্বাদু হানি গার্লিক সসে ভাজা, সামান্য মসলা সহ, একটি চমৎকার ফিউশন ডিশ।",270.00,,396,f,Pasta & Chowmein,Pasta & Chowmein,পাস্তা ও চাউমিন,t,https://quickbytes.buzz/uploads/menu_placeholders/pasta.png,,"[""icon:pasta""]",1,2026-08-02 16:59:06.555627+00,2026-08-02 16:59:06.555613+00
b54dbc4e-093a-4293-8103-725133062e0c,384b833e-d0f6-4e46-b61d-2c938b36eb0d,Pasta Carbonara,Pasta Carbonara,পাস্তা কার্বোনারা,"Spaghetti tossed in a creamy egg and cheese sauce with crispy bacon bits, a Roman classic.","Spaghetti tossed in a creamy egg and cheese sauce with crispy bacon bits, a Roman classic.","স্প্যাগেটি ক্রিমি ডিম এবং চিজ সসে ভাজা, কুড়মুড়ে বেকন বিট সহ, একটি রোমান ক্লাসিক।",300.00,,400,f,Pasta & Chowmein,Pasta & Chowmein,পাস্তা ও চাউমিন,t,https://quickbytes.buzz/uploads/menu_placeholders/pasta.png,,"[""icon:pasta""]",1,2026-08-02 16:59:08.757267+00,2026-08-02 16:59:08.75725+00
b8461043-e78b-4a0e-84da-32e9741aae41,384b833e-d0f6-4e46-b61d-2c938b36eb0d,Prawn with Linguine Pasta,Prawn with Linguine Pasta,প্রন উইথ লিঙ্গুইন পাস্তা,"Juicy prawns served over linguine pasta in a creamy garlic sauce, a rich and flavorful seafood pasta.","Juicy prawns served over linguine pasta in a creamy garlic sauce, a rich and flavorful seafood pasta.","রসালো প্রন লিঙ্গুইন পাস্তার সাথে ক্রিমি রসুন সসে পরিবেশন করা হয়, একটি সমৃদ্ধ এবং সুস্বাদু সামুদ্রিক পাস্তা।",290.00,,398,f,Pasta & Chowmein,Pasta & Chowmein,পাস্তা ও চাউমিন,t,https://quickbytes.buzz/uploads/menu_placeholders/fish-1.png,,"[""icon:fish""]",1,2026-08-02 16:59:09.628106+00,2026-08-02 16:59:09.628082+00
c130d90a-b509-4664-809c-08a1ef9f9475,384b833e-d0f6-4e46-b61d-2c938b36eb0d,Tarookom Chowmein,Tarookom Chowmein,তারুকোম চাউমিন,"A flavorful chowmein with a special blend of spices, vegetables, and your choice of protein, stir-fried to perfection.","A flavorful chowmein with a special blend of spices, vegetables, and your choice of protein, stir-fried to perfection.","একটি সুস্বাদু চাউমিন, বিশেষ মসলার মিশ্রণ, সবজি এবং আপনার পছন্দের প্রোটিন সহ, নিখুঁতভাবে ভাজা।",240.00,,393,f,Pasta & Chowmein,Pasta & Chowmein,পাস্তা ও চাউমিন,t,https://quickbytes.buzz/uploads/menu_placeholders/noodles.png,,"[""icon:noodles""]",1,2026-08-02 16:59:10.376559+00,2026-08-02 16:59:10.376533+00
e72dac41-858a-4f3a-9526-b9197312fa55,384b833e-d0f6-4e46-b61d-2c938b36eb0d,Black Pepper Chicken with Sesame Sauce,Black Pepper Chicken with Sesame Sauce,ব্ল্যাক পেপার চিকেন উইথ সেসেম সস,"Chicken cooked in a rich black pepper sauce, topped with sesame seeds, served with rice, a bold and peppery dish.","Chicken cooked in a rich black pepper sauce, topped with sesame seeds, served with rice, a bold and peppery dish.","চিকেন সমৃদ্ধ ব্ল্যাক পেপার সসে রান্না করা, তিল দিয়ে সাজানো, ভাতের সাথে পরিবেশন করা হয়, একটি তীব্র এবং গোলমরিচ-স্বাদযুক্ত পদ।",370.00,,410,f,Set Menu,Set Menu,সেট মেনু,t,https://quickbytes.buzz/uploads/menu_placeholders/fried-chicken.png,,"[""icon:chicken""]",1,2026-08-02 16:59:19.466796+00,2026-08-02 16:59:19.466774+00
842d2c6c-dc1e-4d91-a3a3-4212a69b2b9d,384b833e-d0f6-4e46-b61d-2c938b36eb0d,Chicken Chilli Meal,Chicken Chilli Meal,চিকেন চিলি মিল,"Spicy chilli chicken served with rice, a fiery and flavorful meal for those who like heat.","Spicy chilli chicken served with rice, a fiery and flavorful meal for those who like heat.","মশলাদার চিলি চিকেন, ভাতের সাথে পরিবেশন করা হয়, যারা ঝাল পছন্দ করেন তাদের জন্য একটি তীব্র এবং সুস্বাদু খাবার।",290.00,,406,f,Set Menu,Set Menu,সেট মেনু,t,https://quickbytes.buzz/uploads/menu_placeholders/chicken-1.png,,"[""icon:chicken""]",1,2026-08-02 16:59:22.446614+00,2026-08-02 16:59:22.446601+00
a811b2bf-f7e3-4283-84b6-52e381e5a88e,384b833e-d0f6-4e46-b61d-2c938b36eb0d,Crispy Chicken Meal,Crispy Chicken Meal,ক্রিস্পি চিকেন মিল,"Crispy fried chicken served with rice and a side of vegetables, a classic comfort meal.","Crispy fried chicken served with rice and a side of vegetables, a classic comfort meal.","কুড়মুড়ে ভাজা চিকেন, ভাত এবং সবজির সাইড সহ পরিবেশন করা হয়, একটি ক্লাসিক আরামদায়ক খাবার।",330.00,,404,f,Set Menu,Set Menu,সেট মেনু,t,https://quickbytes.buzz/uploads/menu_placeholders/chicken_fry.png,,"[""icon:chicken""]",1,2026-08-02 16:59:24.184044+00,2026-08-02 16:59:24.184029+00
1797e98a-fecd-4f43-88ef-1dd377abb0d4,384b833e-d0f6-4e46-b61d-2c938b36eb0d,English Roasted Chicken Meal,English Roasted Chicken Meal,ইংলিশ রোস্টেড চিকেন মিল,"A hearty meal with roasted chicken, seasoned rice, and a side of vegetables, a complete and satisfying plate.","A hearty meal with roasted chicken, seasoned rice, and a side of vegetables, a complete and satisfying plate.","একটি হেভি মিল, রোস্টেড চিকেন, সিজনড রাইস এবং সবজির সাইড সহ, একটি সম্পূর্ণ এবং তৃপ্তিদায়ক প্লেট।",370.00,,402,f,Set Menu,Set Menu,সেট মেনু,t,https://quickbytes.buzz/uploads/menu_placeholders/chicken-2.png,,"[""icon:chicken""]",1,2026-08-02 16:59:27.756024+00,2026-08-02 16:59:27.756009+00
2b383e96-2022-4c99-873c-1c9b4547e6ed,384b833e-d0f6-4e46-b61d-2c938b36eb0d,Grilled Chicken Breast with Pineapple,Grilled Chicken Breast with Pineapple,গ্রিলড চিকেন ব্রেস্ট উইথ পাইনঅ্যাপল,"Grilled chicken breast topped with sweet pineapple, served with rice and vegetables, a tropical twist.","Grilled chicken breast topped with sweet pineapple, served with rice and vegetables, a tropical twist.","গ্রিলড চিকেন ব্রেস্ট, মিষ্টি আনারস দিয়ে সাজানো, ভাত এবং সবজি সহ পরিবেশন করা হয়, একটি ট্রপিক্যাল টুইস্ট।",370.00,,407,f,Set Menu,Set Menu,সেট মেনু,t,https://quickbytes.buzz/uploads/menu_placeholders/chicken-2.png,,"[""icon:chicken""]",1,2026-08-02 16:59:29.337361+00,2026-08-02 16:59:29.337346+00
60dbbb52-a780-45f8-bf7d-a47f86c2c515,384b833e-d0f6-4e46-b61d-2c938b36eb0d,Peanut Chicken with Rice,Peanut Chicken with Rice,পিনাট চিকেন উইথ রাইস,"Chicken stir-fried with peanuts and vegetables, served over steamed rice, a nutty and savory dish.","Chicken stir-fried with peanuts and vegetables, served over steamed rice, a nutty and savory dish.","চিকেন, চিনাবাদাম এবং সবজি দিয়ে ভাজা, স্টিমড রাইসের সাথে পরিবেশন করা হয়, একটি বাদাম-স্বাদযুক্ত এবং সুস্বাদু পদ।",290.00,,405,f,Set Menu,Set Menu,সেট মেনু,t,https://quickbytes.buzz/uploads/menu_placeholders/fried-chicken.png,,"[""icon:chicken""]",1,2026-08-02 16:59:30.983126+00,2026-08-02 16:59:30.983109+00
1b40e024-e5f3-47aa-beca-80203f54e3b0,384b833e-d0f6-4e46-b61d-2c938b36eb0d,Spicy Roasted Chicken Meal,Spicy Roasted Chicken Meal,স্পাইসি রোস্টেড চিকেন মিল,"Roasted chicken with a spicy kick, served with rice and vegetables, a flavorful and filling meal.","Roasted chicken with a spicy kick, served with rice and vegetables, a flavorful and filling meal.","রোস্টেড চিকেন মশলাদার স্বাদে, ভাত এবং সবজি সহ পরিবেশন করা হয়, একটি সুস্বাদু এবং ভরাট খাবার।",370.00,,403,f,Set Menu,Set Menu,সেট মেনু,t,https://quickbytes.buzz/uploads/menu_placeholders/chicken-4.png,,"[""icon:chicken""]",1,2026-08-02 16:59:36.425954+00,2026-08-02 16:59:36.42594+00
e9b97a43-e225-4619-a274-4d5de8c9bd99,384b833e-d0f6-4e46-b61d-2c938b36eb0d,Tandoori Chicken Meal,Tandoori Chicken Meal,তন্দুরি চিকেন মিল,"Tandoori chicken marinated in yogurt and spices, served with rice and naan, a smoky and aromatic meal.","Tandoori chicken marinated in yogurt and spices, served with rice and naan, a smoky and aromatic meal.","দই এবং মসলায় ম্যারিনেট করা তন্দুরি চিকেন, ভাত এবং নান সহ পরিবেশন করা হয়, একটি ধোঁয়াটে এবং সুগন্ধযুক্ত খাবার।",360.00,,409,f,Set Menu,Set Menu,সেট মেনু,t,https://quickbytes.buzz/uploads/menu_placeholders/chicken_fry.png,,"[""icon:chicken""]",1,2026-08-02 16:59:38.826602+00,2026-08-02 16:59:38.826585+00
a8460c0f-8c20-439e-a060-1a937a5f8c89,384b833e-d0f6-4e46-b61d-2c938b36eb0d,Cold Coffee,Cold Coffee,কোল্ড কফি,"Chilled coffee blended with milk and ice, a refreshing pick-me-up.","Chilled coffee blended with milk and ice, a refreshing pick-me-up.","দুধ এবং বরফ দিয়ে ব্লেন্ড করা ঠান্ডা কফি, একটি সতেজ এনার্জি বুস্টার।",160.00,,418,f,Drinks,Drinks,পানীয়,t,https://quickbytes.buzz/uploads/menu_placeholders/tea_and_coffee.png,,"[""icon:tea_coffee""]",1,2026-08-02 16:58:39.748035+00,2026-08-02 16:58:39.748021+00
9adf77d8-3ae8-4166-aeb1-4bd8b251b2a9,384b833e-d0f6-4e46-b61d-2c938b36eb0d,Lemon Mint,Lemon Mint,লেমন মিন্ট,"A refreshing lemon and mint cooler, perfect for a hot day.","A refreshing lemon and mint cooler, perfect for a hot day.","একটি সতেজ লেবু এবং পুদিনা কুলার, গরম দিনের জন্য উপযুক্ত।",140.00,,419,f,Drinks,Drinks,পানীয়,t,https://quickbytes.buzz/uploads/menu_placeholders/juice.png,,"[""icon:juice""]",1,2026-08-02 16:58:45.366751+00,2026-08-02 16:58:45.366736+00
9a6cac7c-96fd-402f-8487-7ff3674ff10b,384b833e-d0f6-4e46-b61d-2c938b36eb0d,Lychee Cooler,Lychee Cooler,লিচু কুলার,"A sweet and tangy lychee cooler, a tropical fruit drink.","A sweet and tangy lychee cooler, a tropical fruit drink.","একটি মিষ্টি এবং টক লিচু কুলার, একটি ট্রপিক্যাল ফলের পানীয়।",170.00,,420,f,Drinks,Drinks,পানীয়,t,https://quickbytes.buzz/uploads/menu_placeholders/juice.png,,"[""icon:juice""]",1,2026-08-02 16:58:48.156345+00,2026-08-02 16:58:48.156331+00
b0a31323-0e2f-4f4f-8d9c-edf9b657c4ee,384b833e-d0f6-4e46-b61d-2c938b36eb0d,Mango Milk Shake,Mango Milk Shake,ম্যাংগো মিল্ক শেক,"A refreshing mango milkshake made with ripe mangoes and creamy milk, a tropical treat.","A refreshing mango milkshake made with ripe mangoes and creamy milk, a tropical treat.","পাকা আম এবং ক্রিমি দুধ দিয়ে তৈরি একটি সতেজ ম্যাংগো মিল্কশেক, একটি ট্রপিক্যাল ট্রিট।",160.00,,415,f,Drinks,Drinks,পানীয়,t,https://quickbytes.buzz/uploads/menu_placeholders/juice.png,,"[""icon:juice""]",1,2026-08-02 16:58:50.107832+00,2026-08-02 16:58:50.107813+00
28fd0978-4f64-4706-bf88-65141af6d6ab,384b833e-d0f6-4e46-b61d-2c938b36eb0d,Pista Milkshake,Pista Milkshake,পিস্তা মিল্কশেক,"A creamy pistachio milkshake, nutty and delicious.","A creamy pistachio milkshake, nutty and delicious.","একটি ক্রিমি পিস্তা মিল্কশেক, বাদাম-স্বাদযুক্ত এবং সুস্বাদু।",170.00,,421,f,Drinks,Drinks,পানীয়,t,https://quickbytes.buzz/uploads/menu_placeholders/beverages.png,,"[""icon:beverages""]",1,2026-08-02 16:58:52.427307+00,2026-08-02 16:58:52.427289+00
ce396968-e375-4b27-80e7-3522eac69d22,384b833e-d0f6-4e46-b61d-2c938b36eb0d,Vanilla Milk Shake,Vanilla Milk Shake,ভ্যানিলা মিল্ক শেক,"A classic vanilla milkshake, creamy and smooth, perfect for any time of day.","A classic vanilla milkshake, creamy and smooth, perfect for any time of day.","একটি ক্লাসিক ভ্যানিলা মিল্কশেক, ক্রিমি এবং মসৃণ, দিনের যেকোনো সময়ের জন্য উপযুক্ত।",160.00,,416,f,Drinks,Drinks,পানীয়,t,https://quickbytes.buzz/uploads/menu_placeholders/beverages.png,,"[""icon:beverages""]",1,2026-08-02 16:58:54.366341+00,2026-08-02 16:58:54.366327+00
d924b359-8114-4f12-a3a9-6203b0ee3707,384b833e-d0f6-4e46-b61d-2c938b36eb0d,Dry Chilli Beef with Rice,Dry Chilli Beef with Rice,ড্রাই চিলি বিফ উইথ রাইস,"Beef stir-fried with dried chillies and vegetables, served with steamed rice, a spicy and savory delight.","Beef stir-fried with dried chillies and vegetables, served with steamed rice, a spicy and savory delight.","বিফ, শুকনো মরিচ এবং সবজি দিয়ে ভাজা, স্টিমড রাইসের সাথে পরিবেশন করা হয়, একটি মশলাদার এবং সুস্বাদু আনন্দ।",380.00,,411,f,Set Menu,Set Menu,সেট মেনু,t,https://quickbytes.buzz/uploads/menu_placeholders/beef-2.png,,"[""icon:beef""]",1,2026-08-02 16:59:25.939756+00,2026-08-02 16:59:25.93974+00
aaccc7a1-0ca7-43f2-82e0-f995c81f0cd3,384b833e-d0f6-4e46-b61d-2c938b36eb0d,Prawn Malaicurry with Rice,Prawn Malaicurry with Rice,প্রন মালাই কারি উইথ রাইস,"Prawns in a creamy coconut milk curry, served with steamed rice, a mild and rich dish.","Prawns in a creamy coconut milk curry, served with steamed rice, a mild and rich dish.","প্রন ক্রিমি নারকেল দুধের কারিতে, স্টিমড রাইসের সাথে পরিবেশন করা হয়, একটি হালকা এবং সমৃদ্ধ পদ।",360.00,,414,f,Set Menu,Set Menu,সেট মেনু,t,https://quickbytes.buzz/uploads/menu_placeholders/fish-1.png,,"[""icon:fish""]",1,2026-08-02 16:59:33.725183+00,2026-08-02 16:59:33.725163+00
cc9dc17a-6ebb-4b63-b7cd-b89533190745,384b833e-d0f6-4e46-b61d-2c938b36eb0d,Banana Crepe,Banana Crepe,বানানা ক্রেপ,A delicate crepe filled with fresh banana slices and drizzled with chocolate or syrup.,A delicate crepe filled with fresh banana slices and drizzled with chocolate or syrup.,"তাজা কলার টুকরা দিয়ে ভরা একটি নরম ক্রেপ, চকলেট বা সিরাপ দিয়ে সাজানো।",260.00,,425,f,Dessert,Dessert,ডেজার্ট,t,https://quickbytes.buzz/uploads/menu_placeholders/Desserts.png,,"[""icon:sweets""]",1,2026-08-02 16:58:14.595929+00,2026-08-02 16:58:14.595915+00
72993698-e131-4dbb-bd74-79956b21c694,384b833e-d0f6-4e46-b61d-2c938b36eb0d,Fan Cake with Maple/Blueberry Syrup,Fan Cake with Maple/Blueberry Syrup,ফ্যান কেক উইথ ম্যাপেল/ব্লুবেরি সিরাপ,"A soft and fluffy fan cake served with your choice of maple or blueberry syrup, a sweet indulgence.","A soft and fluffy fan cake served with your choice of maple or blueberry syrup, a sweet indulgence.","একটি নরম এবং fluffy ফ্যান কেক, আপনার পছন্দের ম্যাপেল বা ব্লুবেরি সিরাপ সহ পরিবেশন করা হয়, একটি মিষ্টি আনন্দ।",260.00,,423,f,Dessert,Dessert,ডেজার্ট,t,https://quickbytes.buzz/uploads/menu_placeholders/Desserts.png,,"[""icon:sweets""]",1,2026-08-02 16:58:18.20668+00,2026-08-02 16:58:18.206664+00
1009336c-dd7f-44d8-bad9-dfe5f9dd5c9e,384b833e-d0f6-4e46-b61d-2c938b36eb0d,Lemon Crepe,Lemon Crepe,লেমন ক্রেপ,"A tangy lemon crepe with a refreshing citrus flavor, perfect for lemon lovers.","A tangy lemon crepe with a refreshing citrus flavor, perfect for lemon lovers.","একটি টক লেমন ক্রেপ, সতেজ সাইট্রাস স্বাদ সহ, লেমন প্রেমীদের জন্য উপযুক্ত।",260.00,,427,f,Dessert,Dessert,ডেজার্ট,t,https://quickbytes.buzz/uploads/menu_placeholders/Desserts.png,,"[""icon:sweets""]",1,2026-08-02 16:58:22.448813+00,2026-08-02 16:58:22.448798+00
a0d19584-93e8-4dfb-b11b-6a03a556e126,384b833e-d0f6-4e46-b61d-2c938b36eb0d,Mango Spicy Rice with Coconut Ice-cream,Mango Spicy Rice with Coconut Ice-cream,ম্যাংগো স্পাইসি রাইস উইথ কোকোনাট আইস-ক্রিম,"A unique dessert of spicy mango rice served with creamy coconut ice cream, a fusion of flavors.","A unique dessert of spicy mango rice served with creamy coconut ice cream, a fusion of flavors.","একটি অনন্য ডেজার্ট, মশলাদার ম্যাংগো রাইস ক্রিমি কোকোনাট আইসক্রিমের সাথে পরিবেশন করা হয়, স্বাদের একটি ফিউশন।",290.00,,424,f,Dessert,Dessert,ডেজার্ট,t,https://quickbytes.buzz/uploads/menu_placeholders/sweets.png,,"[""icon:sweets""]",1,2026-08-02 16:58:24.658436+00,2026-08-02 16:58:24.658422+00
fcce9697-d921-4a53-8c45-f5ee86abd130,384b833e-d0f6-4e46-b61d-2c938b36eb0d,Nutella Crepe,Nutella Crepe,নুটেলা ক্রেপ,"A warm crepe filled with rich Nutella chocolate hazelnut spread, a decadent dessert.","A warm crepe filled with rich Nutella chocolate hazelnut spread, a decadent dessert.","সমৃদ্ধ নুটেলা চকলেট হ্যাজেলনাট স্প্রেড দিয়ে ভরা একটি গরম ক্রেপ, একটি বিলাসবহুল ডেজার্ট।",290.00,,428,f,Dessert,Dessert,ডেজার্ট,t,https://quickbytes.buzz/uploads/menu_placeholders/sweets.png,,"[""icon:sweets""]",1,2026-08-02 16:58:27.768064+00,2026-08-02 16:58:27.768048+00
d007bd01-77c5-4bb5-bfa6-52c63b1c3a16,384b833e-d0f6-4e46-b61d-2c938b36eb0d,Orange Crepe,Orange Crepe,অরেঞ্জ ক্রেপ,"A light crepe filled with orange segments and a hint of orange zest, a citrusy treat.","A light crepe filled with orange segments and a hint of orange zest, a citrusy treat.","কমলার টুকরা এবং সামান্য কমলার খোসা দিয়ে ভরা একটি হালকা ক্রেপ, একটি সাইট্রাস-স্বাদযুক্ত ট্রিট।",260.00,,426,f,Dessert,Dessert,ডেজার্ট,t,https://quickbytes.buzz/uploads/menu_placeholders/sweets.png,,"[""icon:sweets""]",1,2026-08-02 16:58:31.569046+00,2026-08-02 16:58:31.56903+00
1741b1c9-de7c-44aa-9dea-e175724fe28e,384b833e-d0f6-4e46-b61d-2c938b36eb0d,Honey Garlic Taroom Pasta,Honey Garlic Taroom Pasta,হানি গার্লিক তারুম পাস্তা,"Pasta tossed in a sweet and savory honey garlic sauce, garnished with fresh herbs.","Pasta tossed in a sweet and savory honey garlic sauce, garnished with fresh herbs.","মিষ্টি ও সুস্বাদু হানি গার্লিক সসে পাস্তা, তাজা ভেষজ দিয়ে সাজানো।",270.00,,429,f,Pasta & Chowmein,Pasta & Chowmein,পাস্তা ও চাউমিন,t,https://quickbytes.buzz/uploads/menu_placeholders/pasta.png,,"[""icon:pasta""]",1,2026-08-02 16:59:07.828418+00,2026-08-02 16:59:07.828398+00
332d5ead-75a8-40a5-9dc8-f4049432a737,384b833e-d0f6-4e46-b61d-2c938b36eb0d,Beef Whooper,Beef Whooper,বিফ হুপার,"A classic beef burger with a juicy patty, fresh lettuce, tomatoes, onions, and our signature sauce, served in a soft sesame bun.","A classic beef burger with a juicy patty, fresh lettuce, tomatoes, onions, and our signature sauce, served in a soft sesame bun.","একটি ক্লাসিক বিফ বার্গার, রসালো প্যাটি, তাজা লেটুস, টমেটো, পেঁয়াজ এবং আমাদের বিশেষ সস সহ নরম তিলের বানে পরিবেশন করা হয়।",390.00,,386,f,Burger,Burger,বার্গার,t,https://quickbytes.buzz/uploads/menu_placeholders/beef-1.png,,"[""icon:beef""]",1,2026-08-02 16:58:05.716225+00,2026-08-02 16:58:05.716211+00
95051118-fb73-4413-9989-3b61f4b74dda,384b833e-d0f6-4e46-b61d-2c938b36eb0d,Chicken Whooper,Chicken Whooper,চিকেন হুপার,"A crispy fried chicken fillet with fresh veggies and creamy mayo, all in a toasted bun. A crowd favorite!","A crispy fried chicken fillet with fresh veggies and creamy mayo, all in a toasted bun. A crowd favorite!","কুড়মুড়ে ভাজা চিকেন ফিলেট, তাজা সবজি এবং ক্রিমি মেয়োনিজ সহ টোস্ট করা বানে। জনপ্রিয় একটি আইটেম!",320.00,,388,f,Burger,Burger,বার্গার,t,https://quickbytes.buzz/uploads/menu_placeholders/chicken-4.png,,"[""icon:chicken""]",1,2026-08-02 16:58:11.018215+00,2026-08-02 16:58:11.018196+00
f11fc7eb-32ff-470b-ab2c-ebf0501cddd2,384b833e-d0f6-4e46-b61d-2c938b36eb0d,Crispy Melody,Crispy Melody,ক্রিস্পি মেলোডি,"A delightful crispy chicken burger with a crunchy coating, served with lettuce and a special melody sauce.","A delightful crispy chicken burger with a crunchy coating, served with lettuce and a special melody sauce.","একটি আনন্দদায়ক ক্রিস্পি চিকেন বার্গার, কুড়মুড়ে আবরণ, লেটুস এবং বিশেষ মেলোডি সস সহ পরিবেশন করা হয়।",320.00,,389,f,Burger,Burger,বার্গার,t,https://quickbytes.buzz/uploads/menu_placeholders/chicken_fry.png,,"[""icon:chicken""]",1,2026-08-02 16:58:13.346894+00,2026-08-02 16:58:13.346881+00
e2b25f30-7384-4bb2-b2c1-3e3054b1d7b4,384b833e-d0f6-4e46-b61d-2c938b36eb0d,House Special Mixed Chowmein,House Special Mixed Chowmein,হাউস স্পেশাল মিক্সড চাউমিন,"A hearty mix of noodles, chicken, beef, shrimp, and vegetables, tossed in a savory house sauce.","A hearty mix of noodles, chicken, beef, shrimp, and vegetables, tossed in a savory house sauce.","নুডলস, চিকেন, বিফ, চিংড়ি এবং সবজির সমৃদ্ধ মিশ্রণ, ঘরোয়া সসে ভাজা।",290.00,,394,f,Noodles,Noodles,নুডলস,t,https://quickbytes.buzz/uploads/menu_placeholders/noodles.png,,"[""icon:noodles""]",1,2026-08-02 16:58:55.486634+00,2026-08-02 16:58:55.486617+00
396c497f-7398-4cf9-8789-b57f1e42bffd,384b833e-d0f6-4e46-b61d-2c938b36eb0d,Tandoori Chowmein,Tandoori Chowmein,তন্দুরি চাউমিন,"Stir-fried noodles with tandoori spices, mixed vegetables, and a hint of smokiness. A flavorful street-food favorite.","Stir-fried noodles with tandoori spices, mixed vegetables, and a hint of smokiness. A flavorful street-food favorite.","তন্দুরি মসলা, মিশ্র সবজি এবং সামান্য ধোঁয়াটে স্বাদ সহ ভাজা নুডলস। সুস্বাদু স্ট্রিট ফুড।",240.00,,393,f,Noodles,Noodles,নুডলস,t,https://quickbytes.buzz/uploads/menu_placeholders/noodles.png,,"[""icon:noodles""]",1,2026-08-02 16:58:56.766822+00,2026-08-02 16:58:56.766808+00
bea0bad2-b282-4a75-a61b-9e6a64c278f4,384b833e-d0f6-4e46-b61d-2c938b36eb0d,Beef Oyster with Pasta,Beef Oyster with Pasta,বিফ অয়েস্টার পাস্তা,"Tender beef strips and pasta in a rich oyster sauce, garnished with spring onions. A savory fusion dish.","Tender beef strips and pasta in a rich oyster sauce, garnished with spring onions. A savory fusion dish.","নরম বিফ স্ট্রিপ এবং পাস্তা, সমৃদ্ধ অয়েস্টার সসে, সবুজ পেঁয়াজ দিয়ে সাজানো। সুস্বাদু ফিউশন ডিশ।",390.00,,395,f,Pasta,Pasta,পাস্তা,t,https://quickbytes.buzz/uploads/menu_placeholders/beef-2.png,,"[""icon:beef""]",1,2026-08-02 16:58:56.896767+00,2026-08-02 16:58:56.896752+00
4b2ef758-f110-4d20-b4d1-c45db1f03a8f,384b833e-d0f6-4e46-b61d-2c938b36eb0d,Roasted Beef Sub,Roasted Beef Sub,রোস্টেড বিফ সাব,Tender roasted beef slices piled high on a soft sub roll with fresh veggies and a savory sauce.,Tender roasted beef slices piled high on a soft sub roll with fresh veggies and a savory sauce.,নরম সাব রোলে তাজা সবজি এবং সুস্বাদু সস সহ রোস্ট করা বিফের টুকরো।,370.00,,390,f,Sandwich,Sandwich,স্যান্ডউইচ,t,https://quickbytes.buzz/uploads/menu_placeholders/beef-1.png,,"[""icon:beef""]",1,2026-08-02 16:59:12.165096+00,2026-08-02 16:59:12.165081+00
a517c439-e2a1-4481-a1d2-2f9f4000d673,384b833e-d0f6-4e46-b61d-2c938b36eb0d,Roasted Chicken Sub,Roasted Chicken Sub,রোস্টেড চিকেন সাব,Juicy roasted chicken breast with crisp veggies and a creamy dressing in a soft sub roll.,Juicy roasted chicken breast with crisp veggies and a creamy dressing in a soft sub roll.,"নরম সাব রোলে রসালো রোস্টেড চিকেন ব্রেস্ট, কুড়মুড়ে সবজি এবং ক্রিমি ড্রেসিং সহ।",320.00,,391,f,Sandwich,Sandwich,স্যান্ডউইচ,t,https://quickbytes.buzz/uploads/menu_placeholders/chicken-1.png,,"[""icon:chicken""]",1,2026-08-02 16:59:13.037411+00,2026-08-02 16:59:13.037397+00
0c8ba97d-d88e-489b-9d10-2133bf988d7d,384b833e-d0f6-4e46-b61d-2c938b36eb0d,Chicken Alfredo,Chicken Alfredo,চিকেন আলফ্রেডো,"Fettuccine pasta in a rich, creamy Alfredo sauce with grilled chicken breast and parmesan.","Fettuccine pasta in a rich, creamy Alfredo sauce with grilled chicken breast and parmesan.","ফেটuccine পাস্তা, সমৃদ্ধ ক্রিমি আলফ্রেডো সসে, গ্রিলড চিকেন ব্রেস্ট এবং পারমেসান সহ।",350.00,,399,f,Pasta,Pasta,পাস্তা,t,https://quickbytes.buzz/uploads/menu_placeholders/chicken_fry.png,,"[""icon:chicken""]",1,2026-08-02 16:58:58.255722+00,2026-08-02 16:58:58.255707+00
274c75a7-4379-46e3-a780-3f76eb93eb33,384b833e-d0f6-4e46-b61d-2c938b36eb0d,Grilled Shrimp Pasta,Grilled Shrimp Pasta,গ্রিলড শ্রিম্প পাস্তা,Grilled shrimp served over pasta with a light lemon butter sauce and fresh vegetables.,Grilled shrimp served over pasta with a light lemon butter sauce and fresh vegetables.,"গ্রিলড চিংড়ি, হালকা লেবু-বাটার সস এবং তাজা সবজি সহ পাস্তার উপর পরিবেশন করা হয়।",370.00,,401,f,Pasta,Pasta,পাস্তা,t,https://quickbytes.buzz/uploads/menu_placeholders/fish-4.png,,"[""icon:fish""]",1,2026-08-02 16:58:58.355397+00,2026-08-02 16:58:58.35538+00
247b9626-4cd4-49a8-a33f-c6f42eb9521d,384b833e-d0f6-4e46-b61d-2c938b36eb0d,Honey Garlic Shrimp Pasta,Honey Garlic Shrimp Pasta,হানি গার্লিক শ্রিম্প পাস্তা,"Succulent shrimp tossed with pasta in a sweet and savory honey garlic sauce, finished with sesame seeds.","Succulent shrimp tossed with pasta in a sweet and savory honey garlic sauce, finished with sesame seeds.","রসালো চিংড়ি, মিষ্টি ও সুস্বাদু হানি গার্লিক সসে পাস্তার সাথে ভাজা, তিল দিয়ে সাজানো।",330.00,,396,f,Pasta,Pasta,পাস্তা,t,https://quickbytes.buzz/uploads/menu_placeholders/fish-3.png,,"[""icon:fish""]",1,2026-08-02 16:58:58.496317+00,2026-08-02 16:58:58.496302+00
94a35d18-03bd-4e83-bd41-5663546ea0c5,384b833e-d0f6-4e46-b61d-2c938b36eb0d,Pasta Carbonara,Pasta Carbonara,পাস্তা কার্বোনারা,"Classic carbonara with creamy egg sauce, crispy bacon, and a generous sprinkle of black pepper.","Classic carbonara with creamy egg sauce, crispy bacon, and a generous sprinkle of black pepper.","ক্লাসিক কার্বোনারা, ক্রিমি ডিমের সস, কুড়মুড়ে বেকন এবং প্রচুর কালো গোলমরিচ সহ।",370.00,,400,f,Pasta,Pasta,পাস্তা,t,https://quickbytes.buzz/uploads/menu_placeholders/pasta.png,,"[""icon:pasta""]",1,2026-08-02 16:58:59.634497+00,2026-08-02 16:58:59.634484+00
35d68fd2-ee45-43db-8782-624dda86b421,384b833e-d0f6-4e46-b61d-2c938b36eb0d,Prawn with Linguine Pasta,Prawn with Linguine Pasta,প্রন লিঙ্গুইন পাস্তা,"Plump prawns tossed with linguine in a creamy garlic sauce, topped with fresh herbs.","Plump prawns tossed with linguine in a creamy garlic sauce, topped with fresh herbs.","মোটা প্রন, ক্রিমি রসুন সসে লিঙ্গুইনের সাথে ভাজা, তাজা ভেষজ দিয়ে সাজানো।",390.00,,398,f,Pasta,Pasta,পাস্তা,t,https://quickbytes.buzz/uploads/menu_placeholders/fish-1.png,,"[""icon:fish""]",1,2026-08-02 16:59:00.55653+00,2026-08-02 16:59:00.556516+00
5b2b8c4e-7b5f-4ff9-8e13-6731fb2e5730,384b833e-d0f6-4e46-b61d-2c938b36eb0d,Crispy Chicken Meal,Crispy Chicken Meal,ক্রিস্পি চিকেন মিল,"Crispy fried chicken served with french fries, coleslaw, and a dipping sauce.","Crispy fried chicken served with french fries, coleslaw, and a dipping sauce.","কুড়মুড়ে ভাজা চিকেন, ফ্রেঞ্চ ফ্রাই, কোলসলা এবং ডিপিং সস সহ পরিবেশন করা হয়।",290.00,,404,f,Set Menu,Set Menu,সেট মেনু,t,https://quickbytes.buzz/uploads/menu_placeholders/chicken_fry.png,,"[""icon:chicken""]",1,2026-08-02 16:59:24.995514+00,2026-08-02 16:59:24.995499+00
1ec30dca-90f4-4e89-9036-67f7e30ca6c5,384b833e-d0f6-4e46-b61d-2c938b36eb0d,English Roasted Chicken Meal,English Roasted Chicken Meal,ইংলিশ রোস্টেড চিকেন মিল,"A hearty meal with roasted chicken, seasonal vegetables, and a choice of sides, served with gravy.","A hearty meal with roasted chicken, seasonal vegetables, and a choice of sides, served with gravy.","রোস্টেড চিকেন, মৌসুমি সবজি এবং সাইড সহ সমৃদ্ধ একটি মিল, গ্রেভি সহ পরিবেশন করা হয়।",370.00,,402,f,Set Menu,Set Menu,সেট মেনু,t,https://quickbytes.buzz/uploads/menu_placeholders/chicken-2.png,,"[""icon:chicken""]",1,2026-08-02 16:59:28.605775+00,2026-08-02 16:59:28.605761+00
c213fc50-96c9-494a-ac9b-6f69ced922c1,384b833e-d0f6-4e46-b61d-2c938b36eb0d,Peanut Chicken with Rice,Peanut Chicken with Rice,পিনাট চিকেন উইথ রাইস,"Stir-fried chicken with peanuts and vegetables, served over steamed rice.","Stir-fried chicken with peanuts and vegetables, served over steamed rice.","চিনাবাদাম এবং সবজি সহ ভাজা চিকেন, স্টিমড রাইসের উপর পরিবেশন করা হয়।",330.00,,405,f,Set Menu,Set Menu,সেট মেনু,t,https://quickbytes.buzz/uploads/menu_placeholders/fried-chicken.png,,"[""icon:chicken""]",1,2026-08-02 16:59:32.038728+00,2026-08-02 16:59:32.038707+00
83a1e85e-a2dc-4784-b9e4-891f07c6f87d,384b833e-d0f6-4e46-b61d-2c938b36eb0d,Spicy Roasted Chicken Meal,Spicy Roasted Chicken Meal,স্পাইসি রোস্টেড চিকেন মিল,"Roasted chicken with a spicy kick, served with rice or bread and a side salad.","Roasted chicken with a spicy kick, served with rice or bread and a side salad.","মশলাদার রোস্টেড চিকেন, ভাত বা রুটি এবং সাইড সালাদ সহ পরিবেশন করা হয়।",370.00,,403,f,Set Menu,Set Menu,সেট মেনু,t,https://quickbytes.buzz/uploads/menu_placeholders/chicken-4.png,,"[""icon:chicken""]",1,2026-08-02 16:59:37.198211+00,2026-08-02 16:59:37.198195+00
034df0f2-a568-43d6-92cc-d3aa963de332,384b833e-d0f6-4e46-b61d-2c938b36eb0d,Mango Milk Shake,Mango Milk Shake,ম্যাংগো মিল্ক শেক,A refreshing mango milkshake made with ripe mangoes and creamy milk.,A refreshing mango milkshake made with ripe mangoes and creamy milk.,পাকা আম এবং ক্রিমি দুধ দিয়ে তৈরি একটি রিফ্রেশিং ম্যাংগো মিল্কশেক।,160.00,,415,f,Beverages,Beverages,বেভারেজ,t,https://quickbytes.buzz/uploads/menu_placeholders/juice.png,,"[""icon:juice""]",1,2026-08-02 16:57:50.917835+00,2026-08-02 16:57:50.917815+00
732b7d12-93da-4bfb-9ffe-704b9aef47cc,384b833e-d0f6-4e46-b61d-2c938b36eb0d,Vanilla Milk Shake,Vanilla Milk Shake,ভ্যানিলা মিল্ক শেক,"A classic vanilla milkshake, creamy and smooth, perfect for any time.","A classic vanilla milkshake, creamy and smooth, perfect for any time.","একটি ক্লাসিক ভ্যানিলা মিল্কশেক, ক্রিমি এবং মসৃণ, যেকোনো সময়ের জন্য উপযুক্ত।",160.00,,416,f,Beverages,Beverages,বেভারেজ,t,https://quickbytes.buzz/uploads/menu_placeholders/beverages.png,,"[""icon:beverages""]",1,2026-08-02 16:57:56.058766+00,2026-08-02 16:57:56.058749+00
62b7b79c-0fde-46c8-a2da-79ba1a85c1a4,384b833e-d0f6-4e46-b61d-2c938b36eb0d,Baked Chicken Meal,Baked Chicken Meal,বেকড চিকেন মিল,"Oven-baked chicken with herbs and spices, served with roasted vegetables and a side of rice.","Oven-baked chicken with herbs and spices, served with roasted vegetables and a side of rice.","ওভেনে বেক করা চিকেন, ভেষজ ও মসলা সহ, রোস্ট করা সবজি এবং ভাতের সাইড সহ পরিবেশন করা হয়।",370.00,,408,f,Set Menu,Set Menu,সেট মেনু,t,https://quickbytes.buzz/uploads/menu_placeholders/chicken-4.png,,"[""icon:chicken""]",1,2026-08-02 16:59:16.486227+00,2026-08-02 16:59:16.486212+00
27979bef-785f-4480-8211-a1b78f92686b,384b833e-d0f6-4e46-b61d-2c938b36eb0d,Beef Oyster with Rice,Beef Oyster with Rice,বিফ অয়েস্টার উইথ রাইস,"Tender beef in a rich oyster sauce, served over steamed rice.","Tender beef in a rich oyster sauce, served over steamed rice.","নরম বিফ, সমৃদ্ধ অয়েস্টার সসে, স্টিমড রাইসের উপর পরিবেশন করা হয়।",360.00,,412,f,Set Menu,Set Menu,সেট মেনু,t,https://quickbytes.buzz/uploads/menu_placeholders/beef-3.png,,"[""icon:beef""]",1,2026-08-02 16:59:18.497497+00,2026-08-02 16:59:18.49748+00
898c2282-d075-4569-8de4-3429711ce4fd,384b833e-d0f6-4e46-b61d-2c938b36eb0d,Dry Chilli Beef with Rice,Dry Chilli Beef with Rice,ড্রাই চিলি বিফ উইথ রাইস,"Crispy beef strips tossed in a spicy dry chilli sauce, served with steamed rice.","Crispy beef strips tossed in a spicy dry chilli sauce, served with steamed rice.","কুড়মুড়ে বিফ স্ট্রিপ, মশলাদার ড্রাই চিলি সসে ভাজা, স্টিমড রাইসের সাথে পরিবেশন করা হয়।",380.00,,411,f,Set Menu,Set Menu,সেট মেনু,t,https://quickbytes.buzz/uploads/menu_placeholders/beef-2.png,,"[""icon:beef""]",1,2026-08-02 16:59:26.896132+00,2026-08-02 16:59:26.896116+00
9efad4f7-819c-444e-91b3-71434692e43b,384b833e-d0f6-4e46-b61d-2c938b36eb0d,Grilled Chicken Breast with Pineapple,Grilled Chicken Breast with Pineapple,গ্রিলড চিকেন ব্রেস্ট উইথ পাইনঅ্যাপল,"Juicy grilled chicken breast topped with caramelized pineapple, served with sides.","Juicy grilled chicken breast topped with caramelized pineapple, served with sides.","রসালো গ্রিলড চিকেন ব্রেস্ট, ক্যারামেলাইজড পাইনঅ্যাপল দিয়ে সাজানো, সাইড সহ পরিবেশন করা হয়।",370.00,,407,f,Set Menu,Set Menu,সেট মেনু,t,https://quickbytes.buzz/uploads/menu_placeholders/chicken-2.png,,"[""icon:chicken""]",1,2026-08-02 16:59:30.15683+00,2026-08-02 16:59:30.156816+00
7895b165-600c-42a2-b1a6-aaeea933a50b,384b833e-d0f6-4e46-b61d-2c938b36eb0d,Prawn Malai Curry with Rice,Prawn Malai Curry with Rice,প্রন মালাই কারি উইথ রাইস,"Prawns in a creamy coconut milk curry, mildly spiced, served with rice.","Prawns in a creamy coconut milk curry, mildly spiced, served with rice.","ক্রিমি নারকেল দুধের কারিতে প্রন, হালকা মশলাদার, ভাতের সাথে পরিবেশন করা হয়।",360.00,,414,f,Set Menu,Set Menu,সেট মেনু,t,https://quickbytes.buzz/uploads/menu_placeholders/fish-1.png,,"[""icon:fish""]",1,2026-08-02 16:59:32.955232+00,2026-08-02 16:59:32.955213+00
60bab5d9-7d9d-4ece-88db-0824448df570,384b833e-d0f6-4e46-b61d-2c938b36eb0d,Prawn Masala Curry with Rice,Prawn Masala Curry with Rice,প্রন মসলা কারি উইথ রাইস,"Prawns cooked in a spicy masala curry, served with steamed rice.","Prawns cooked in a spicy masala curry, served with steamed rice.","মশলাদার মসলা কারিতে রান্না করা প্রন, স্টিমড রাইসের সাথে পরিবেশন করা হয়।",340.00,,413,f,Set Menu,Set Menu,সেট মেনু,t,https://quickbytes.buzz/uploads/menu_placeholders/fish-4.png,,"[""icon:fish""]",1,2026-08-02 16:59:35.554899+00,2026-08-02 16:59:35.554874+00
66987bbf-09f1-4a58-9da2-b40740ee9a4b,384b833e-d0f6-4e46-b61d-2c938b36eb0d,Tandoori Chicken Meal,Tandoori Chicken Meal,তন্দুরি চিকেন মিল,"Tandoori-spiced roasted chicken, served with naan or rice and a cooling raita.","Tandoori-spiced roasted chicken, served with naan or rice and a cooling raita.","তন্দুরি মসলায় রোস্ট করা চিকেন, নান বা ভাত এবং ঠান্ডা রাইতা সহ পরিবেশন করা হয়।",360.00,,409,f,Set Menu,Set Menu,সেট মেনু,t,https://quickbytes.buzz/uploads/menu_placeholders/chicken_fry.png,,"[""icon:chicken""]",1,2026-08-02 16:59:39.646789+00,2026-08-02 16:59:39.646772+00
fce4e43c-3d0d-4efc-86cb-f93d7d00e562,384b833e-d0f6-4e46-b61d-2c938b36eb0d,Crispy Melody,Crispy Melody,ক্রিস্পি মেলোডি,"A delightful crispy treat, perfect as a snack or side, with a satisfying crunch in every bite.","A delightful crispy treat, perfect as a snack or side, with a satisfying crunch in every bite.","একটি আনন্দদায়ক কুড়মুড়ে স্ন্যাক, প্রতিটি কামড়ে সন্তোষজনক ক্রাঞ্চ সহ।",320.00,,389,f,Appetizer,Appetizer,অ্যাপেটাইজার,t,https://quickbytes.buzz/uploads/menu_placeholders/appetizer.png,,"[""icon:appetizer""]",1,2026-08-02 16:57:40.46576+00,2026-08-02 16:57:40.465745+00
72f37633-6b75-4bfa-8b14-bcb4cb5bce2c,384b833e-d0f6-4e46-b61d-2c938b36eb0d,Beef Cheese Whooper,Beef Cheese Whooper,বিফ চিজ হুপার,"A hearty beef burger topped with melted cheese, crisp lettuce, tomatoes, onions, and our special sauce, all in a soft bun.","A hearty beef burger topped with melted cheese, crisp lettuce, tomatoes, onions, and our special sauce, all in a soft bun.","একটি হেভি বিফ বার্গার, গলানো চিজ, কুড়মুড়ে লেটুস, টমেটো, পেঁয়াজ এবং আমাদের বিশেষ সস সহ নরম বানের মধ্যে।",190.00,,387,f,Burger,Burger,বার্গার,t,https://quickbytes.buzz/uploads/menu_placeholders/beef-2.png,,"[""icon:beef""]",1,2026-08-02 16:57:59.35581+00,2026-08-02 16:57:59.355796+00
d6e24b39-0ee6-4c53-8523-5d2af94437c8,384b833e-d0f6-4e46-b61d-2c938b36eb0d,Beef Cheese Whooper,Beef Cheese Whooper,বিফ চিজ হুপার,"Our signature beef whooper topped with melted cheddar cheese, crisp lettuce, and tangy pickles for an extra indulgent bite.","Our signature beef whooper topped with melted cheddar cheese, crisp lettuce, and tangy pickles for an extra indulgent bite.","আমাদের সিগনেচার বিফ হুপার, গলানো চেডার চিজ, কুড়মুড়ে লেটুস এবং টক আচার দিয়ে সাজানো, অতিরিক্ত স্বাদের জন্য।",390.00,,387,f,Burger,Burger,বার্গার,t,https://quickbytes.buzz/uploads/menu_placeholders/beef-2.png,,"[""icon:beef""]",1,2026-08-02 16:58:00.925407+00,2026-08-02 16:58:00.925393+00
629613a0-b84a-4af6-b915-7daebce66172,384b833e-d0f6-4e46-b61d-2c938b36eb0d,Fan Cage with Maple/Blueberry Syrup,Fan Cage with Maple/Blueberry Syrup,ফ্যান কেজ উইথ ম্যাপেল/ব্লুবেরি সিরাপ,"A delicate dessert of crispy fan cage pastry, served with your choice of maple or blueberry syrup.","A delicate dessert of crispy fan cage pastry, served with your choice of maple or blueberry syrup.","ক্রিস্পি ফ্যান কেজ পেস্ট্রির একটি নাজুক ডেজার্ট, আপনার পছন্দের ম্যাপেল বা ব্লুবেরি সিরাপ সহ পরিবেশিত।",260.00,,429,f,Dessert,Dessert,ডেজার্ট,t,https://quickbytes.buzz/uploads/menu_placeholders/Desserts.png,,"[""icon:sweets""]",1,2026-08-02 16:58:16.967172+00,2026-08-02 16:58:16.967158+00
b2045e77-e0ba-470b-8451-a5126f1318ec,384b833e-d0f6-4e46-b61d-2c938b36eb0d,Lemon Crepe,Lemon Crepe,লেমন ক্রেপ,A tangy lemon crepe with a refreshing citrus flavor.,A tangy lemon crepe with a refreshing citrus flavor.,"টক লেবুর ক্রেপ, একটি সতেজ সাইট্রাস স্বাদ সহ।",260.00,,427,f,Dessert,Dessert,ডেজার্ট,t,https://quickbytes.buzz/uploads/menu_placeholders/Desserts.png,,"[""icon:sweets""]",1,2026-08-02 16:58:23.75842+00,2026-08-02 16:58:23.758403+00
52babbb0-4141-478d-86a0-af36a77582e0,384b833e-d0f6-4e46-b61d-2c938b36eb0d,Mango Sticky Rice with Coconut Ice-cream,Mango Sticky Rice with Coconut Ice-cream,ম্যাংগো স্টিকি রাইস উইথ কোকোনাট আইসক্রিম,"Sweet sticky rice with ripe mango slices, topped with a scoop of coconut ice cream.","Sweet sticky rice with ripe mango slices, topped with a scoop of coconut ice cream.","মিষ্টি স্টিকি রাইস, পাকা আমের টুকরো সহ, কোকোনাট আইসক্রিমের স্কুপ দিয়ে সাজানো।",290.00,,424,f,Dessert,Dessert,ডেজার্ট,t,https://quickbytes.buzz/uploads/menu_placeholders/sweets.png,,"[""icon:sweets""]",1,2026-08-02 16:58:26.118253+00,2026-08-02 16:58:26.11824+00
58e476dd-b43d-4972-8999-a881396f3dd0,384b833e-d0f6-4e46-b61d-2c938b36eb0d,Nutella Crepe,Nutella Crepe,নুটেলা ক্রেপ,A warm crepe generously filled with Nutella and topped with powdered sugar.,A warm crepe generously filled with Nutella and topped with powdered sugar.,"গরম ক্রেপ, নুটেলা দিয়ে ভরা এবং গুঁড়ো চিনি দিয়ে সাজানো।",290.00,,428,f,Dessert,Dessert,ডেজার্ট,t,https://quickbytes.buzz/uploads/menu_placeholders/sweets.png,,"[""icon:sweets""]",1,2026-08-02 16:58:29.287754+00,2026-08-02 16:58:29.287741+00
133a05d1-377d-4a18-af4a-b9cca211f85f,384b833e-d0f6-4e46-b61d-2c938b36eb0d,Orange Crepe,Orange Crepe,অরেঞ্জ ক্রেপ,A light crepe filled with orange segments and a hint of orange zest.,A light crepe filled with orange segments and a hint of orange zest.,কমলার টুকরো এবং সামান্য কমলার খোসা দিয়ে ভরা একটি হালকা ক্রেপ।,260.00,,426,f,Dessert,Dessert,ডেজার্ট,t,https://quickbytes.buzz/uploads/menu_placeholders/sweets.png,,"[""icon:sweets""]",1,2026-08-02 16:58:32.868587+00,2026-08-02 16:58:32.868572+00
6b942756-9954-4609-82e2-0792a93bddec,384b833e-d0f6-4e46-b61d-2c938b36eb0d,Pan Cake with Maple/Blueberry Syrup,Pan Cake with Maple/Blueberry Syrup,প্যানকেক উইথ ম্যাপল/ব্লুবেরি সিরাপ,Fluffy pancakes served with your choice of maple or blueberry syrup.,Fluffy pancakes served with your choice of maple or blueberry syrup.,"নরম প্যানকেক, আপনার পছন্দের ম্যাপল বা ব্লুবেরি সিরাপ সহ পরিবেশন করা হয়।",260.00,,423,f,Dessert,Dessert,ডেজার্ট,t,https://quickbytes.buzz/uploads/menu_placeholders/Desserts.png,,"[""icon:sweets""]",1,2026-08-02 16:58:34.125814+00,2026-08-02 16:58:34.1258+00
6c368db9-a265-4247-a5b2-6b700409907a,384b833e-d0f6-4e46-b61d-2c938b36eb0d,Chocolate Shake,Chocolate Shake,চকলেট শেক,"Rich and indulgent chocolate milkshake, topped with whipped cream and chocolate syrup.","Rich and indulgent chocolate milkshake, topped with whipped cream and chocolate syrup.",হুইপড ক্রিম এবং চকলেট সিরাপ দিয়ে সাজানো সমৃদ্ধ চকলেট মিল্কশেক।,160.00,,399,f,Drinks,Drinks,পানীয়,t,https://quickbytes.buzz/uploads/menu_placeholders/beverages.png,,"[""icon:beverages""]",1,2026-08-02 16:58:36.517865+00,2026-08-02 16:58:36.517852+00
fdd575db-94b4-4d62-96bb-d70c18409cc8,384b833e-d0f6-4e46-b61d-2c938b36eb0d,Beef Whooper,Beef Whooper,বিফ হুপার,"A juicy beef patty with fresh lettuce, tomatoes, onions, and our signature sauce, served in a soft sesame bun.","A juicy beef patty with fresh lettuce, tomatoes, onions, and our signature sauce, served in a soft sesame bun.","তাজা লেটুস, টমেটো, পেঁয়াজ এবং আমাদের বিশেষ সস সহ রসালো বিফ প্যাটি, নরম তিলের বানে পরিবেশিত।",200.00,,386,f,Burger,Burger,বার্গার,t,https://quickbytes.buzz/uploads/menu_placeholders/beef-1.png,,"[""icon:beef""]",1,2026-08-02 16:58:02.887073+00,2026-08-02 16:58:02.887052+00
3224a432-33a2-4027-a06e-0dee770fa7d8,384b833e-d0f6-4e46-b61d-2c938b36eb0d,Beef Whooper,Beef Whooper,বিফ হুপার,"A classic beef burger with a juicy patty, fresh lettuce, tomatoes, onions, and our signature sauce, served in a soft sesame seed bun.","A classic beef burger with a juicy patty, fresh lettuce, tomatoes, onions, and our signature sauce, served in a soft sesame seed bun.","একটি ক্লাসিক বিফ বার্গার, রসালো প্যাটি, তাজা লেটুস, টমেটো, পেঁয়াজ এবং আমাদের বিশেষ সস সহ নরম তিলের বানের মধ্যে পরিবেশন করা হয়।",190.00,,386,f,Burger,Burger,বার্গার,t,https://quickbytes.buzz/uploads/menu_placeholders/beef-1.png,,"[""icon:beef""]",1,2026-08-02 16:58:04.315364+00,2026-08-02 16:58:04.31535+00
8f4bd1e4-0e0a-43a3-b52a-ab26ce38875f,384b833e-d0f6-4e46-b61d-2c938b36eb0d,Banana Crepe,Banana Crepe,বানানা ক্রেপ,A delicate crepe filled with fresh banana slices and drizzled with chocolate or syrup.,A delicate crepe filled with fresh banana slices and drizzled with chocolate or syrup.,"তাজা কলার টুকরো দিয়ে ভরা একটি নরম ক্রেপ, চকলেট বা সিরাপ দিয়ে সাজানো।",260.00,,425,f,Dessert,Dessert,ডেজার্ট,t,https://quickbytes.buzz/uploads/menu_placeholders/Desserts.png,,"[""icon:sweets""]",1,2026-08-02 16:58:15.846389+00,2026-08-02 16:58:15.846375+00
9340fdf0-4a6d-4303-a210-b070af6e7abb,384b833e-d0f6-4e46-b61d-2c938b36eb0d,Chocolate Shake,Chocolate Shake,চকলেট শেক,"A rich and indulgent chocolate shake, made with real chocolate and creamy milk.","A rich and indulgent chocolate shake, made with real chocolate and creamy milk.","একটি সমৃদ্ধ এবং আনন্দদায়ক চকলেট শেক, আসল চকলেট এবং ক্রিমি দুধ দিয়ে তৈরি।",160.00,,417,f,Drinks,Drinks,পানীয়,t,https://quickbytes.buzz/uploads/menu_placeholders/beverages.png,,"[""icon:beverages""]",1,2026-08-02 16:58:37.728162+00,2026-08-02 16:58:37.728148+00
f60657af-b6e1-4a6f-be6e-58df8d632fac,384b833e-d0f6-4e46-b61d-2c938b36eb0d,Casamay with Linguine Pasta,Casamay with Linguine Pasta,কাসামে লিঙ্গুইন পাস্তা,Casamay (a type of seafood) served over linguine pasta in a light garlic and olive oil sauce.,Casamay (a type of seafood) served over linguine pasta in a light garlic and olive oil sauce.,"লিঙ্গুইন পাস্তার উপর কাসামে (এক ধরনের সামুদ্রিক খাবার), হালকা রসুন এবং অলিভ অয়েল সসে।",350.00,,397,f,Pasta,Pasta,পাস্তা,t,https://quickbytes.buzz/uploads/menu_placeholders/fish-4.png,,"[""icon:fish""]",1,2026-08-02 16:58:58.115895+00,2026-08-02 16:58:58.115881+00
e9cae07e-06f6-4d38-b212-dfbc79168649,384b833e-d0f6-4e46-b61d-2c938b36eb0d,Prawn Masala Curry with Rice,Prawn Masala Curry with Rice,প্রন মসলা কারি উইথ রাইস,"Prawns cooked in a spicy masala curry, served with steamed rice, a fragrant and flavorful seafood dish.","Prawns cooked in a spicy masala curry, served with steamed rice, a fragrant and flavorful seafood dish.","প্রন মশলাদার মসলা কারিতে রান্না করা, স্টিমড রাইসের সাথে পরিবেশন করা হয়, একটি সুগন্ধযুক্ত এবং সুস্বাদু সামুদ্রিক পদ।",340.00,,413,f,Set Menu,Set Menu,সেট মেনু,t,https://quickbytes.buzz/uploads/menu_placeholders/fish-4.png,,"[""icon:fish""]",1,2026-08-02 16:59:34.67839+00,2026-08-02 16:59:34.67837+00
dcbfe0b3-af16-4f28-b490-a9f8e6ecba6b,384b833e-d0f6-4e46-b61d-2c938b36eb0d,Grilled Chicken Sandwich,Grilled Chicken Sandwich,গ্রিলড চিকেন স্যান্ডউইচ,"Juicy grilled chicken breast with crisp veggies and mayo, served between toasted bread slices.","Juicy grilled chicken breast with crisp veggies and mayo, served between toasted bread slices.",টোস্ট করা ব্রেডের মধ্যে কুড়মুড়ে সবজি এবং মেয়োনিজ সহ রসালো গ্রিলড চিকেন ব্রেস্ট।,370.00,,392,f,Sub & Sandwich,Sub & Sandwich,সাব ও স্যান্ডউইচ,t,https://quickbytes.buzz/uploads/menu_placeholders/chicken-2.png,,"[""icon:chicken""]",1,2026-08-02 16:59:41.306886+00,2026-08-02 16:59:41.306872+00
3e43b43d-0557-4037-81e9-fc8abb8d0983,384b833e-d0f6-4e46-b61d-2c938b36eb0d,Roasted Beef Sub,Roasted Beef Sub,রোস্টেড বিফ সাব,"Tender roasted beef slices with melted cheese, fresh veggies, and savory sauce in a soft sub roll.","Tender roasted beef slices with melted cheese, fresh veggies, and savory sauce in a soft sub roll.","নরম সাব রোলে গলানো চিজ, তাজা সবজি এবং সুস্বাদু সস সহ কোমল রোস্টেড বিফ স্লাইস।",370.00,,390,f,Sub & Sandwich,Sub & Sandwich,সাব ও স্যান্ডউইচ,t,https://quickbytes.buzz/uploads/menu_placeholders/beef-1.png,,"[""icon:beef""]",1,2026-08-02 16:59:42.845878+00,2026-08-02 16:59:42.845863+00
b01c7ee4-ff0a-452c-b764-8451a6e1aae6,384b833e-d0f6-4e46-b61d-2c938b36eb0d,Wonton,Wonton,ওনটন,"Crispy golden wontons served with a tangy dipping sauce, a perfect start to your meal.","Crispy golden wontons served with a tangy dipping sauce, a perfect start to your meal.","খাস্তা সোনালি ওনটন, টেঁটে ডিপিং সসের সাথে পরিবেশিত, আপনার খাবারের নিখুঁত শুরু।",180.00,,430,f,Starter,Starter,স্টার্টার,t,https://quickbytes.buzz/uploads/menu_placeholders/appetizer.png,,"[""icon:appetizer""]",1,2026-08-07 01:46:06.365802+00,2026-08-07 01:46:06.365786+00
27111c25-d694-43d6-87f2-ef4d23804f3e,384b833e-d0f6-4e46-b61d-2c938b36eb0d,Beef Chester with Pasta,Beef Chester with Pasta,বিফ চেস্টার উইথ পাস্তা,"Tender beef pieces served with pasta in a rich, savory sauce, a hearty and satisfying meal.","Tender beef pieces served with pasta in a rich, savory sauce, a hearty and satisfying meal.","কোমল বিফ টুকরা পাস্তার সাথে পরিবেশন করা হয়, একটি সমৃদ্ধ এবং সুস্বাদু সসে, একটি হেভি এবং তৃপ্তিদায়ক খাবার।",280.00,,395,f,Pasta & Chowmein,Pasta & Chowmein,পাস্তা ও চাউমিন,t,https://quickbytes.buzz/uploads/menu_placeholders/beef-2.png,,"[""icon:beef""]",1,2026-08-02 16:59:01.545682+00,2026-08-02 16:59:01.545668+00
76c33ccb-5af8-4f9a-8320-4ed8e71d456c,384b833e-d0f6-4e46-b61d-2c938b36eb0d,Beef Oyster with Rice,Beef Oyster with Rice,বিফ অয়েস্টার উইথ রাইস,"Beef cooked in a savory oyster sauce, served with steamed rice, a rich and umami-packed meal.","Beef cooked in a savory oyster sauce, served with steamed rice, a rich and umami-packed meal.","বিফ সুস্বাদু অয়েস্টার সসে রান্না করা, স্টিমড রাইসের সাথে পরিবেশন করা হয়, একটি সমৃদ্ধ এবং উমামি-ভরা খাবার।",360.00,,412,f,Set Menu,Set Menu,সেট মেনু,t,https://quickbytes.buzz/uploads/menu_placeholders/beef-3.png,,"[""icon:beef""]",1,2026-08-02 16:59:17.289209+00,2026-08-02 16:59:17.289194+00
476469c0-c945-439c-83ee-c4be50125e63,384b833e-d0f6-4e46-b61d-2c938b36eb0d,Chicken Sub,Chicken Sub,চিকেন সাব,"Grilled chicken strips with fresh lettuce, tomatoes, and creamy dressing in a soft sub roll.","Grilled chicken strips with fresh lettuce, tomatoes, and creamy dressing in a soft sub roll.","নরম সাব রোলে গ্রিল করা চিকেন স্ট্রিপ, তাজা লেটুস, টমেটো এবং ক্রিমি ড্রেসিং সহ।",320.00,,391,f,Sub & Sandwich,Sub & Sandwich,সাব ও স্যান্ডউইচ,t,https://quickbytes.buzz/uploads/menu_placeholders/chicken-1.png,,"[""icon:chicken""]",1,2026-08-02 16:59:40.465757+00,2026-08-02 16:59:40.465741+00
98507cf4-9e29-4a93-8317-3ecd08795e23,384b833e-d0f6-4e46-b61d-2c938b36eb0d,Baked Chicken Meal,Baked Chicken Meal,বেকড চিকেন মিল,"Oven-baked chicken with herbs and spices, served with rice and vegetables, a wholesome and delicious meal.","Oven-baked chicken with herbs and spices, served with rice and vegetables, a wholesome and delicious meal.","ওভেনে বেক করা চিকেন, ভেষজ এবং মসলা দিয়ে, ভাত এবং সবজি সহ পরিবেশন করা হয়, একটি পুষ্টিকর এবং সুস্বাদু খাবার।",370.00,,408,f,Set Menu,Set Menu,সেট মেনু,t,https://quickbytes.buzz/uploads/menu_placeholders/chicken-4.png,,"[""icon:chicken""]",1,2026-08-02 16:59:15.586618+00,2026-08-02 16:59:15.586588+00
c7b37776-c800-4029-93aa-82dc1915afe6,384b833e-d0f6-4e46-b61d-2c938b36eb0d,Thai Soup,Thai Soup,থাই স্যুপ,"Aromatic Thai soup with a hint of spice, perfect to warm your palate.","Aromatic Thai soup with a hint of spice, perfect to warm your palate.","সুগন্ধি থাই স্যুপ, সামান্য মশলাদার, আপনার তালু গরম করার জন্য পারফেক্ট।",170.00,,441,f,Soup,Soup,স্যুপ,t,https://quickbytes.buzz/uploads/menu_placeholders/soup.png,,"[""icon:soup""]",1,2026-08-07 01:45:58.058062+00,2026-08-07 01:45:58.058046+00
db1c8f26-fcad-48e6-8da2-c1b95e1d2b45,384b833e-d0f6-4e46-b61d-2c938b36eb0d,Tom Yum Soup,Tom Yum Soup,টম ইয়াম স্যুপ,Hot and sour Thai soup with fragrant herbs and spices.,Hot and sour Thai soup with fragrant herbs and spices.,"ঝাল ও টক থাই স্যুপ, সুগন্ধি ভেষজ ও মশলায় ভরা।",220.00,,443,f,Soup,Soup,স্যুপ,t,https://quickbytes.buzz/uploads/menu_placeholders/soup.png,,"[""icon:soup""]",1,2026-08-07 01:45:58.786848+00,2026-08-07 01:45:58.786832+00
940a6a54-0291-4ddf-bd0a-be6f124d917f,384b833e-d0f6-4e46-b61d-2c938b36eb0d,Beef Steak,Beef Steak,বিফ স্টেক,"Juicy beef steak grilled to your liking, served with sides and sauce.","Juicy beef steak grilled to your liking, served with sides and sauce.","রসালো বিফ স্টেক আপনার পছন্দমতো গ্রিল করা, সাইড ও সসের সাথে পরিবেশিত।",750.00,,440,f,Starter,Starter,স্টার্টার,t,https://quickbytes.buzz/uploads/menu_placeholders/beef-3.png,,"[""icon:beef""]",1,2026-08-07 01:45:59.431425+00,2026-08-07 01:45:59.431399+00
cefbdfb4-c1b8-4254-b8dd-5ba27c92fe36,384b833e-d0f6-4e46-b61d-2c938b36eb0d,Chicken Steak,Chicken Steak,চিকেন স্টেক,Grilled chicken breast served with sautéed vegetables and your choice of sauce.,Grilled chicken breast served with sautéed vegetables and your choice of sauce.,"গ্রিল করা চিকেন ব্রেস্ট, ভাজা সবজি ও আপনার পছন্দের সসের সাথে পরিবেশিত।",360.00,,439,f,Starter,Starter,স্টার্টার,t,https://quickbytes.buzz/uploads/menu_placeholders/fried-chicken.png,,"[""icon:chicken""]",1,2026-08-07 01:46:00.749024+00,2026-08-07 01:46:00.748966+00
9d545ab2-a174-42ae-9a3e-d52af6cd8a71,384b833e-d0f6-4e46-b61d-2c938b36eb0d,Deep Fried Moringory,Deep Fried Moringory,ডিপ ফ্রাইড মরিঙ্গোরি,"Crispy deep-fried moringory, a unique and crunchy snack.","Crispy deep-fried moringory, a unique and crunchy snack.","খাস্তা ডিপ-ফ্রাইড মরিঙ্গোরি, একটি অনন্য ও ক্রাঞ্চি স্ন্যাক।",180.00,,438,f,Starter,Starter,স্টার্টার,t,https://quickbytes.buzz/uploads/menu_placeholders/appetizer.png,,"[""icon:appetizer""]",1,2026-08-07 01:46:01.595218+00,2026-08-07 01:46:01.595201+00
3c709946-be1d-42af-8080-b9ddcd1aee93,384b833e-d0f6-4e46-b61d-2c938b36eb0d,Fish & Chips,Fish & Chips,ফিশ অ্যান্ড চিপস,Crispy battered fish fillets served with golden fries and tartar sauce.,Crispy battered fish fillets served with golden fries and tartar sauce.,"খাস্তা ব্যাটারে মোড়ানো ফিশ ফিলেট, সোনালি ফ্রাই ও টারটার সসের সাথে পরিবেশিত।",360.00,,437,f,Starter,Starter,স্টার্টার,t,https://quickbytes.buzz/uploads/menu_placeholders/fish-4.png,,"[""icon:fish""]",1,2026-08-07 01:46:02.315076+00,2026-08-07 01:46:02.314998+00
cd670008-a30d-4792-a856-98a50f38b588,384b833e-d0f6-4e46-b61d-2c938b36eb0d,Fresh Lime Prawn,Fresh Lime Prawn,ফ্রেশ লাইম প্রন,"Succulent prawns tossed in a tangy fresh lime sauce, bursting with citrusy flavor.","Succulent prawns tossed in a tangy fresh lime sauce, bursting with citrusy flavor.","রসালো প্রন টাটকা লেবুর টেঁটে সসে ভাজা, সাইট্রাস স্বাদে ভরপুর।",390.00,,434,f,Starter,Starter,স্টার্টার,t,https://quickbytes.buzz/uploads/menu_placeholders/fish-1.png,,"[""icon:fish""]",1,2026-08-07 01:46:03.085545+00,2026-08-07 01:46:03.085529+00
480a0851-1890-4583-a66e-03b43e7ba289,384b833e-d0f6-4e46-b61d-2c938b36eb0d,Garlic Prawn with Potato & Tomato,Garlic Prawn with Potato & Tomato,গার্লিক প্রন উইথ পটেটো অ্যান্ড টমেটো,"Plump prawns sautéed with garlic, potatoes, and tomatoes in a savory sauce.","Plump prawns sautéed with garlic, potatoes, and tomatoes in a savory sauce.","মোটা প্রন রসুন, আলু ও টমেটো দিয়ে সুস্বাদু সসে ভাজা।",390.00,,435,f,Starter,Starter,স্টার্টার,t,https://quickbytes.buzz/uploads/menu_placeholders/fish-2.png,,"[""icon:fish""]",1,2026-08-07 01:46:03.774099+00,2026-08-07 01:46:03.774073+00
a2ef969d-d0ea-4aa1-aa32-9d0bf48c5e58,384b833e-d0f6-4e46-b61d-2c938b36eb0d,Pop Chicken,Pop Chicken,পপ চিকেন,"Bite-sized crispy chicken nuggets, seasoned and fried to a golden crunch, perfect for sharing.","Bite-sized crispy chicken nuggets, seasoned and fried to a golden crunch, perfect for sharing.","কামড়-আকারের খাস্তা চিকেন নাগেট, মশলাদার ও সোনালি ক্রাঞ্চে ভাজা, শেয়ার করার জন্য পারফেক্ট।",280.00,,433,f,Starter,Starter,স্টার্টার,t,https://quickbytes.buzz/uploads/menu_placeholders/chicken_fry.png,,"[""icon:chicken""]",1,2026-08-07 01:46:04.49593+00,2026-08-07 01:46:04.495909+00
a3228c1e-199d-448a-95bb-aea8e802d254,384b833e-d0f6-4e46-b61d-2c938b36eb0d,Spicy Fried Mushroom,Spicy Fried Mushroom,স্পাইসি ফ্রাইড মাশরুম,"Crispy mushrooms tossed in a spicy seasoning, a flavorful vegetarian starter.","Crispy mushrooms tossed in a spicy seasoning, a flavorful vegetarian starter.","খাস্তা মাশরুম মশলাদার সিজনিংয়ে ভাজা, একটি সুস্বাদু নিরামিষ স্টার্টার।",270.00,,436,f,Starter,Starter,স্টার্টার,t,https://quickbytes.buzz/uploads/menu_placeholders/vegetable-1.png,,"[""icon:vegetable""]",1,2026-08-07 01:46:05.042686+00,2026-08-07 01:46:05.042671+00
37b6072a-d706-4121-b1b1-19324454310d,384b833e-d0f6-4e46-b61d-2c938b36eb0d,Morry Garlic Spar Pasta,Morry Garlic Spar Pasta,মরি গার্লিক স্পার পাস্তা,Pasta tossed in a garlicky sauce with morry (fish) pieces.,Pasta tossed in a garlicky sauce with morry (fish) pieces.,"রসুনযুক্ত সসে পাস্তা, মরি (মাছ) টুকরা সহ।",370.00,,450,f,Pasta & Chowmein,Pasta & Chowmein,পাস্তা অ্যান্ড চাউমিন,t,https://quickbytes.buzz/uploads/menu_placeholders/pasta.png,,"[""icon:pasta""]",2,2026-08-07 01:45:52.554821+00,2026-08-07 01:45:52.554807+00
2a433997-3750-4351-abae-d7912eee9b01,384b833e-d0f6-4e46-b61d-2c938b36eb0d,Taoquish Chowmein,Taoquish Chowmein,টাওকুইশ চাউমিন,"Stir-fried noodles with vegetables and your choice of protein, a savory delight.","Stir-fried noodles with vegetables and your choice of protein, a savory delight.","ভাজা নুডলস, সবজি ও আপনার পছন্দের প্রোটিন সহ, একটি সুস্বাদু আনন্দ।",340.00,,447,f,Pasta & Chowmein,Pasta & Chowmein,পাস্তা অ্যান্ড চাউমিন,t,https://quickbytes.buzz/uploads/menu_placeholders/noodles.png,,"[""icon:noodles""]",1,2026-08-07 01:45:53.903955+00,2026-08-07 01:45:53.903939+00
cb73538c-50aa-494d-bc41-6dc0859a377c,384b833e-d0f6-4e46-b61d-2c938b36eb0d,Chalamary with Shrimp Pasta,Chalamary with Shrimp Pasta,চালামারি উইথ শ্রিম্প পাস্তা,Pasta with calamari and shrimp in a savory sauce.,Pasta with calamari and shrimp in a savory sauce.,"পাস্তা, ক্যালামারি ও চিংড়ি সহ সুস্বাদু সসে।",390.00,,451,f,Pasta & Chowmein,Pasta & Chowmein,পাস্তা অ্যান্ড চাউমিন,t,https://quickbytes.buzz/uploads/menu_placeholders/pasta.png,,"[""icon:pasta""]",1,2026-08-07 01:45:51.264911+00,2026-08-07 01:45:51.264893+00
26d19b6c-bb91-493e-b5df-608c866eee84,384b833e-d0f6-4e46-b61d-2c938b36eb0d,Beef Chester Whoopchowmein,Beef Chester Whoopchowmein,বিফ চেস্টার হুপচাউমিন,"A fusion of beef and chowmein, a hearty and flavorful dish.","A fusion of beef and chowmein, a hearty and flavorful dish.","বিফ ও চাউমিনের ফিউশন, একটি হেভি ও সুস্বাদু ডিশ।",380.00,,449,f,Pasta & Chowmein,Pasta & Chowmein,পাস্তা অ্যান্ড চাউমিন,t,https://quickbytes.buzz/uploads/menu_placeholders/noodles.png,,"[""icon:noodles"", ""option:A:-20""]",2,2026-08-07 01:45:50.653398+00,2026-08-07 01:45:50.653378+00
729f8926-d339-4f11-be68-11bf270878d4,384b833e-d0f6-4e46-b61d-2c938b36eb0d,House Special Chowmein,House Special Chowmein,হাউস স্পেশাল চাউমিন,"Our signature chowmein loaded with chicken, beef, shrimp, and vegetables.","Our signature chowmein loaded with chicken, beef, shrimp, and vegetables.","আমাদের সিগনেচার চাউমিন, চিকেন, বিফ, চিংড়ি ও সবজি দিয়ে ভরা।",390.00,,448,f,Pasta & Chowmein,Pasta & Chowmein,পাস্তা অ্যান্ড চাউমিন,t,https://quickbytes.buzz/uploads/menu_placeholders/noodles.png,,"[""icon:noodles""]",2,2026-08-07 01:45:51.923625+00,2026-08-07 01:45:51.923609+00
c6da4c4b-8e1f-4b04-aed8-e7d52947fdbf,384b833e-d0f6-4e46-b61d-2c938b36eb0d,Prawn with Unguine Pasta,Prawn with Unguine Pasta,প্রন উইথ উনগুইন পাস্তা,Prawns served over unguine pasta in a rich sauce.,Prawns served over unguine pasta in a rich sauce.,"প্রন, উনগুইন পাস্তার উপর সমৃদ্ধ সসে পরিবেশিত।",390.00,,452,f,Pasta & Chowmein,Pasta & Chowmein,পাস্তা অ্যান্ড চাউমিন,t,https://quickbytes.buzz/uploads/menu_placeholders/pasta.png,,"[""icon:pasta""]",1,2026-08-07 01:45:53.238324+00,2026-08-07 01:45:53.238308+00
e9c5edef-59a8-4197-b4da-8f1516496f87,384b833e-d0f6-4e46-b61d-2c938b36eb0d,Honey Chicken Salad,Honey Chicken Salad,হানি চিকেন সালাদ,Crispy chicken pieces tossed with fresh greens and a sweet honey dressing.,Crispy chicken pieces tossed with fresh greens and a sweet honey dressing.,"খাস্তা চিকেন টুকরা, টাটকা সবুজ শাক ও মিষ্টি হানি ড্রেসিংয়ে মেশানো।",380.00,,445,f,Salad,Salad,সালাদ,t,https://quickbytes.buzz/uploads/menu_placeholders/chicken-1.png,,"[""icon:chicken""]",1,2026-08-07 01:45:55.094822+00,2026-08-07 01:45:55.094807+00
d55f8288-7d2d-43f9-be7a-ff6ab55cd88c,384b833e-d0f6-4e46-b61d-2c938b36eb0d,Tropican Chicken Salad,Tropican Chicken Salad,ট্রপিকান চিকেন সালাদ,Tropical-inspired chicken salad with a fruity twist.,Tropical-inspired chicken salad with a fruity twist.,"ট্রপিকাল-অনুপ্রাণিত চিকেন সালাদ, ফলের স্বাদে ভরা।",350.00,,446,f,Salad,Salad,সালাদ,t,https://quickbytes.buzz/uploads/menu_placeholders/chicken_fry.png,,"[""icon:chicken""]",1,2026-08-07 01:45:55.89609+00,2026-08-07 01:45:55.896065+00
2aa40452-83ad-494e-ae15-c6e623d91701,384b833e-d0f6-4e46-b61d-2c938b36eb0d,Chicken Nuggets,Chicken Nuggets,চিকেন নাগেটস,"Crispy chicken nuggets, golden and juicy inside. Served with a choice of dipping sauce.","Crispy chicken nuggets, golden and juicy inside. Served with a choice of dipping sauce.","খাস্তা চিকেন নাগেটস, ভিতরে সোনালি এবং রসালো। পছন্দের ডিপিং সস সহ পরিবেশন করা হয়।",250.00,,465,f,Appetizers,Appetizers,অ্যাপেটাইজার,t,https://quickbytes.buzz/uploads/menu_placeholders/chicken-2.png,,"[""icon:chicken""]",1,2026-08-07 01:53:39.404316+00,2026-08-07 01:53:39.404301+00
24a87ee2-e331-4cbc-b169-607ef85d5db6,384b833e-d0f6-4e46-b61d-2c938b36eb0d,French Fries,French Fries,ফ্রেঞ্চ ফ্রাই,"Golden, crispy french fries, lightly salted and served with ketchup. A classic side dish.","Golden, crispy french fries, lightly salted and served with ketchup. A classic side dish.","সোনালি, খাস্তা ফ্রেঞ্চ ফ্রাই, হালকা লবণ দেওয়া এবং কেচাপ সহ পরিবেশন করা হয়। একটি ক্লাসিক সাইড ডিশ।",200.00,,462,f,Appetizers,Appetizers,অ্যাপেটাইজার,t,https://quickbytes.buzz/uploads/menu_placeholders/appetizer.png,,"[""icon:appetizer""]",1,2026-08-07 01:53:41.923203+00,2026-08-07 01:53:41.923186+00
08565792-f0db-4486-9466-df3439ecd4df,384b833e-d0f6-4e46-b61d-2c938b36eb0d,Fried Mushroom,Fried Mushroom,ফ্রাইড মাশরুম,"Crispy battered mushrooms, fried to golden perfection. Served with a tangy dipping sauce.","Crispy battered mushrooms, fried to golden perfection. Served with a tangy dipping sauce.","খাস্তা ব্যাটারে মোড়ানো মাশরুম, সোনালি করে ভাজা। টক ডিপিং সস সহ পরিবেশন করা হয়।",230.00,,464,f,Appetizers,Appetizers,অ্যাপেটাইজার,t,https://quickbytes.buzz/uploads/menu_placeholders/appetizer.png,,"[""icon:appetizer""]",1,2026-08-07 01:53:42.575964+00,2026-08-07 01:53:42.575937+00
c8313942-e9f1-4424-9d5e-cc602ee7f6ad,384b833e-d0f6-4e46-b61d-2c938b36eb0d,Naga Chicken Popcorn,Naga Chicken Popcorn,নাগা চিকেন পপকর্ন,"Spicy naga-flavored popcorn chicken, crispy and fiery. A bold snack for those who crave heat.","Spicy naga-flavored popcorn chicken, crispy and fiery. A bold snack for those who crave heat.","ঝাল নাগা স্বাদের পপকর্ন চিকেন, খাস্তা এবং ঝাল। যারা ঝাল পছন্দ করেন তাদের জন্য সাহসী স্ন্যাক।",350.00,,461,f,Appetizers,Appetizers,অ্যাপেটাইজার,t,https://quickbytes.buzz/uploads/menu_placeholders/chicken-4.png,,"[""icon:chicken""]",1,2026-08-07 01:53:43.225063+00,2026-08-07 01:53:43.225047+00
ffaf13e9-33c2-497d-9c35-a865651dae82,384b833e-d0f6-4e46-b61d-2c938b36eb0d,Potato Wedges,Potato Wedges,পটেটো ওয়েজ,"Thick-cut potato wedges, seasoned with herbs and baked until crispy. Served with a creamy dip.","Thick-cut potato wedges, seasoned with herbs and baked until crispy. Served with a creamy dip.","মোটা কাটা পটেটো ওয়েজ, ভেষজ দিয়ে সিজন করে খাস্তা হওয়া পর্যন্ত বেক করা। ক্রিমি ডিপ সহ পরিবেশন করা হয়।",130.00,,463,f,Appetizers,Appetizers,অ্যাপেটাইজার,t,https://quickbytes.buzz/uploads/menu_placeholders/appetizer.png,,"[""icon:appetizer""]",1,2026-08-07 01:53:44.695977+00,2026-08-07 01:53:44.695946+00
6ad71b8c-3aaa-46dd-bb26-e1f99a8cbdd2,384b833e-d0f6-4e46-b61d-2c938b36eb0d,Thai Chicken Fry,Thai Chicken Fry,থাই চিকেন ফ্রাই,"Thai-inspired fried chicken with a hint of lemongrass and chili, crispy outside and tender inside. Served with sweet chili sauce.","Thai-inspired fried chicken with a hint of lemongrass and chili, crispy outside and tender inside. Served with sweet chili sauce.","থাই স্টাইলের ভাজা চিকেন, লেমনগ্রাস ও চিলির আভাস সহ, বাইরে খাস্তা ভিতরে নরম। সুইট চিলি সস সহ পরিবেশন করা হয়।",400.00,,460,f,Appetizers,Appetizers,অ্যাপেটাইজার,t,https://quickbytes.buzz/uploads/menu_placeholders/chicken-2.png,,"[""icon:chicken""]",1,2026-08-07 01:53:45.485882+00,2026-08-07 01:53:45.485862+00
75c6898c-f451-493b-abbc-fc2ec171b50d,384b833e-d0f6-4e46-b61d-2c938b36eb0d,BBQ Pizza,BBQ Pizza,বিবিকিউ পিৎজা,"Wood-fired pizza topped with smoky BBQ sauce, grilled chicken, onions, and mozzarella cheese. A savory delight.","Wood-fired pizza topped with smoky BBQ sauce, grilled chicken, onions, and mozzarella cheese. A savory delight.","কাঠের চুলায় বেক করা পিৎজা, স্মোকি বিবিকিউ সস, গ্রিলড চিকেন, পেঁয়াজ এবং মোজারেলা চিজ দিয়ে টপ করা। একটি সুস্বাদু আনন্দ।",300.00,,466,f,Signature Pizzas,Signature Pizzas,সিগনেচার পিৎজা,t,https://quickbytes.buzz/uploads/menu_placeholders/beverages.png,,"[""icon:general""]",1,2026-08-07 01:53:46.997431+00,2026-08-07 01:53:46.99741+00
1164de8d-44d5-4e3c-adfd-9c04f8eaa699,384b833e-d0f6-4e46-b61d-2c938b36eb0d,Extra Creamy Pizza,Extra Creamy Pizza,এক্সট্রা ক্রিমি পিৎজা,Rich and creamy white sauce pizza topped with mozzarella and herbs. A decadent treat.,Rich and creamy white sauce pizza topped with mozzarella and herbs. A decadent treat.,"সমৃদ্ধ এবং ক্রিমি সাদা সস পিৎজা, মোজারেলা এবং ভেষজ দিয়ে টপ করা। একটি বিলাসবহুল ট্রিট।",300.00,,472,f,Signature Pizzas,Signature Pizzas,সিগনেচার পিৎজা,t,https://quickbytes.buzz/uploads/menu_placeholders/beverages.png,,"[""icon:general""]",1,2026-08-07 01:53:47.175875+00,2026-08-07 01:53:47.17586+00
1e5e3d58-4e04-43e6-88ac-d36975b2286b,384b833e-d0f6-4e46-b61d-2c938b36eb0d,Forever Special Pizza,Forever Special Pizza,ফরএভার স্পেশাল পিৎজা,"Our signature pizza loaded with chicken, beef, sausage, mushrooms, peppers, and extra cheese. A feast for all.","Our signature pizza loaded with chicken, beef, sausage, mushrooms, peppers, and extra cheese. A feast for all.","আমাদের সিগনেচার পিৎজা, চিকেন, বিফ, সসেজ, মাশরুম, পেপার এবং অতিরিক্ত চিজ দিয়ে ভরা। সবার জন্য একটি ভোজ।",480.00,,476,f,Signature Pizzas,Signature Pizzas,সিগনেচার পিৎজা,t,https://quickbytes.buzz/uploads/menu_placeholders/beverages.png,,"[""icon:general""]",1,2026-08-07 01:53:53.23554+00,2026-08-07 01:53:53.235525+00
16aa5455-a6af-4e9a-ba7e-ac7f11c1b73e,384b833e-d0f6-4e46-b61d-2c938b36eb0d,Half Chatter Pizza,Half Chatter Pizza,হাফ চ্যাটার পিৎজা,A half-and-half pizza with two different toppings of your choice. Perfect for sharing.,A half-and-half pizza with two different toppings of your choice. Perfect for sharing.,আপনার পছন্দের দুটি ভিন্ন টপিং সহ অর্ধেক-অর্ধেক পিৎজা। শেয়ার করার জন্য পারফেক্ট।,200.00,,475,f,Signature Pizzas,Signature Pizzas,সিগনেচার পিৎজা,t,https://quickbytes.buzz/uploads/menu_placeholders/beverages.png,,"[""icon:general""]",1,2026-08-07 01:53:53.294891+00,2026-08-07 01:53:53.294875+00
c04576f7-ab0d-4824-8537-5c3e978d7ea8,384b833e-d0f6-4e46-b61d-2c938b36eb0d,Meatball Pizza,Meatball Pizza,মিটবল পিৎজা,"Juicy meatballs, marinara sauce, and mozzarella on a hand-tossed crust. A hearty meal.","Juicy meatballs, marinara sauce, and mozzarella on a hand-tossed crust. A hearty meal.","রসালো মিটবল, মেরিনারা সস এবং মোজারেলা, হ্যান্ড-টসড ক্রাস্টে। একটি হৃদয়গ্রাহী খাবার।",320.00,,474,f,Signature Pizzas,Signature Pizzas,সিগনেচার পিৎজা,t,https://quickbytes.buzz/uploads/menu_placeholders/beverages.png,,"[""icon:general""]",1,2026-08-07 01:53:53.35543+00,2026-08-07 01:53:53.355415+00
3c05a085-63db-4364-bc49-bf031b5c9c37,384b833e-d0f6-4e46-b61d-2c938b36eb0d,Mushroom Pizza,Mushroom Pizza,মাশরুম পিৎজা,Earthy mushrooms and melted cheese on a crispy crust. A vegetarian delight.,Earthy mushrooms and melted cheese on a crispy crust. A vegetarian delight.,খাস্তা ক্রাস্টে মাটির মাশরুম এবং গলানো চিজ। একটি নিরামিষ আনন্দ।,320.00,,473,f,Signature Pizzas,Signature Pizzas,সিগনেচার পিৎজা,t,https://quickbytes.buzz/uploads/menu_placeholders/beverages.png,,"[""icon:general""]",1,2026-08-07 01:53:53.41586+00,2026-08-07 01:53:53.415846+00
38145219-c77e-4c8b-8686-40b89c5e0d09,384b833e-d0f6-4e46-b61d-2c938b36eb0d,Only Cheese Pizza,Only Cheese Pizza,অনলি চিজ পিৎজা,A simple yet delicious pizza loaded with a blend of melted cheeses. Perfect for cheese lovers.,A simple yet delicious pizza loaded with a blend of melted cheeses. Perfect for cheese lovers.,"একটি সহজ কিন্তু সুস্বাদু পিৎজা, গলানো চিজের মিশ্রণে ভরা। চিজ প্রেমীদের জন্য পারফেক্ট।",290.00,,471,f,Signature Pizzas,Signature Pizzas,সিগনেচার পিৎজা,t,https://quickbytes.buzz/uploads/menu_placeholders/beverages.png,,"[""icon:general""]",1,2026-08-07 01:53:53.485686+00,2026-08-07 01:53:53.485669+00
05681ac9-0c19-4050-8197-8f0a52a412a1,384b833e-d0f6-4e46-b61d-2c938b36eb0d,Pepperoni Pizza,Pepperoni Pizza,পেপারনি পিৎজা,Classic pepperoni pizza with crispy edges and gooey cheese. A timeless favorite.,Classic pepperoni pizza with crispy edges and gooey cheese. A timeless favorite.,"ক্লাসিক পেপারনি পিৎজা, খাস্তা কিনারা এবং গলানো চিজ সহ। একটি নিরবধি প্রিয়।",310.00,,470,f,Signature Pizzas,Signature Pizzas,সিগনেচার পিৎজা,t,https://quickbytes.buzz/uploads/menu_placeholders/beverages.png,,"[""icon:general""]",1,2026-08-07 01:53:53.584853+00,2026-08-07 01:53:53.584836+00
8f9921bf-a7e5-406c-b657-b2fba36e071c,384b833e-d0f6-4e46-b61d-2c938b36eb0d,Sausage Boss Pizza,Sausage Boss Pizza,সসেজ বস পিৎজা,"Loaded with spicy sausage, mushrooms, and extra cheese. A boss-level pizza for meat lovers.","Loaded with spicy sausage, mushrooms, and extra cheese. A boss-level pizza for meat lovers.","ঝাল সসেজ, মাশরুম এবং অতিরিক্ত চিজ দিয়ে ভরপুর। মাংসপ্রেমীদের জন্য বস-লেভেল পিৎজা।",320.00,,468,f,Signature Pizzas,Signature Pizzas,সিগনেচার পিৎজা,t,https://quickbytes.buzz/uploads/menu_placeholders/beverages.png,,"[""icon:general""]",1,2026-08-07 01:53:53.655312+00,2026-08-07 01:53:53.655296+00
6906b642-a9e7-4d5b-8bdb-402691933524,384b833e-d0f6-4e46-b61d-2c938b36eb0d,Vegetable Pizza,Vegetable Pizza,ভেজিটেবল পিৎজা,A colorful medley of fresh vegetables on a bed of tomato sauce and mozzarella. A healthy and tasty option.,A colorful medley of fresh vegetables on a bed of tomato sauce and mozzarella. A healthy and tasty option.,টমেটো সস এবং মোজারেলার উপর তাজা সবজির রঙিন সমাহার। একটি স্বাস্থ্যকর এবং সুস্বাদু বিকল্প।,300.00,,469,f,Signature Pizzas,Signature Pizzas,সিগনেচার পিৎজা,t,https://quickbytes.buzz/uploads/menu_placeholders/beverages.png,,"[""icon:general""]",1,2026-08-07 01:53:53.725679+00,2026-08-07 01:53:53.725648+00
24570259-07dc-4cee-9351-7b398398ea1d,384b833e-d0f6-4e46-b61d-2c938b36eb0d,Chicken Chowmein,Chicken Chowmein,চিকেন চাউমিন,"Stir-fried noodles with tender chicken pieces, crunchy vegetables, and savory soy sauce. A classic Indo-Chinese favorite.","Stir-fried noodles with tender chicken pieces, crunchy vegetables, and savory soy sauce. A classic Indo-Chinese favorite.","নরম চিকেন, কুড়মুড়ে সবজি এবং সুস্বাদু সয়া সস দিয়ে ভাজা নুডলস। একটি ক্লাসিক ইন্দো-চাইনিজ প্রিয়।",220.00,,500,f,Noodles,Noodles,নুডলস,t,https://quickbytes.buzz/uploads/menu_placeholders/noodles.png,,"[""icon:noodles""]",1,2026-08-07 01:58:52.391135+00,2026-08-07 01:58:52.391119+00
bf39c18b-1993-4425-8792-c4f90df114f3,384b833e-d0f6-4e46-b61d-2c938b36eb0d,Chicken Fry,Chicken Fry,চিকেন ফ্রাই,"Juicy chicken pieces, marinated in aromatic spices and deep-fried to a golden crisp. Served with tangy dip.","Juicy chicken pieces, marinated in aromatic spices and deep-fried to a golden crisp. Served with tangy dip.","রসালো চিকেন টুকরা, সুগন্ধি মসলায় ম্যারিনেট করে সোনালি খাস্তা করে ভাজা। টক ডিপ সহ পরিবেশন করা হয়।",110.00,,459,f,Appetizers,Appetizers,অ্যাপেটাইজার,t,https://quickbytes.buzz/uploads/menu_placeholders/chicken-1.png,,"[""icon:chicken""]",1,2026-08-07 01:53:38.784348+00,2026-08-07 01:53:38.784332+00
2c20aa6a-786e-4526-9009-06df687753fc,384b833e-d0f6-4e46-b61d-2c938b36eb0d,Chicken Popcorn,Chicken Popcorn,চিকেন পপকর্ন,"Bite-sized, crispy fried chicken pieces, seasoned with a secret blend of spices. Ideal for snacking or sharing.","Bite-sized, crispy fried chicken pieces, seasoned with a secret blend of spices. Ideal for snacking or sharing.","ছোট ছোট, খাস্তা ভাজা চিকেন টুকরা, গোপন মসলা মিশ্রণে সিজন করা। স্ন্যাকিং বা শেয়ার করার জন্য আদর্শ।",240.00,,458,f,Appetizers,Appetizers,অ্যাপেটাইজার,t,https://quickbytes.buzz/uploads/menu_placeholders/fried-chicken.png,,"[""icon:chicken""]",1,2026-08-07 01:53:40.051827+00,2026-08-07 01:53:40.051811+00
9f28ec3e-39e2-47c5-9f0f-10db438b583b,384b833e-d0f6-4e46-b61d-2c938b36eb0d,Mineral Water,Mineral Water,মিনারেল ওয়াটার,Pure and safe bottled mineral water.,Pure and safe bottled mineral water.,বিশুদ্ধ এবং নিরাপদ বোতলজাত মিনারেল ওয়াটার।,20.00,,479,f,Beverages,Beverages,পানীয়,t,https://quickbytes.buzz/uploads/menu_placeholders/water.png,,"[""icon:water""]",1,2026-08-07 01:53:46.135647+00,2026-08-07 01:53:46.135632+00
33393eeb-40ec-4c8e-b2ef-325385b12c1b,384b833e-d0f6-4e46-b61d-2c938b36eb0d,Prime BBQ Chicken Burger,Prime BBQ Chicken Burger,প্রাইম বিবিকিউ চিকেন বার্গার,Mild BBQ flavored chicken patty with melted cheese.,Mild BBQ flavored chicken patty with melted cheese.,"মাইল্ড বিবিকিউ স্বাদের চিকেন প্যাটি, গলানো চিজ সহ।",210.00,,488,f,Chicken Burgers,Chicken Burgers,চিকেন বার্গার,t,https://quickbytes.buzz/uploads/menu_placeholders/chicken-4.png,,"[""icon:chicken""]",1,2026-08-07 01:56:39.793284+00,2026-08-07 01:56:39.793262+00
58b74a45-b100-4285-9428-e25b097b0c4f,384b833e-d0f6-4e46-b61d-2c938b36eb0d,Prime Chicken Burger,Prime Chicken Burger,প্রাইম চিকেন বার্গার,Classic chicken burger with fresh lettuce and sauce (No Cheese).,Classic chicken burger with fresh lettuce and sauce (No Cheese).,"ক্লাসিক চিকেন বার্গার, তাজা লেটুস এবং সস সহ (চিজ ছাড়া)।",180.00,,486,f,Chicken Burgers,Chicken Burgers,চিকেন বার্গার,t,https://quickbytes.buzz/uploads/menu_placeholders/chicken-1.png,,"[""icon:chicken""]",1,2026-08-07 01:56:40.378047+00,2026-08-07 01:56:40.378031+00
62e65d03-c6b5-4fce-97b7-bcadce310c0c,384b833e-d0f6-4e46-b61d-2c938b36eb0d,Prime Chicken with Cheese,Prime Chicken with Cheese,প্রাইম চিকেন উইথ চিজ,Classic chicken burger topped with melted cheese.,Classic chicken burger topped with melted cheese.,"ক্লাসিক চিকেন বার্গার, গলানো চিজ দিয়ে সাজানো।",200.00,,487,f,Chicken Burgers,Chicken Burgers,চিকেন বার্গার,t,https://quickbytes.buzz/uploads/menu_placeholders/chicken-2.png,,"[""icon:chicken""]",1,2026-08-07 01:56:41.008855+00,2026-08-07 01:56:41.008828+00
6a61b1e4-66b1-4d04-9365-604e1f562fd7,384b833e-d0f6-4e46-b61d-2c938b36eb0d,Prime Sausage Saga Burger,Prime Sausage Saga Burger,প্রাইম সসেজ সাগা বার্গার,Chicken cheese burger topped with a rich layer of sautéed teriyaki sausage.,Chicken cheese burger topped with a rich layer of sautéed teriyaki sausage.,"চিকেন চিজ বার্গার, সautéed টেরিয়াকি সসেজের সমৃদ্ধ স্তর দিয়ে সাজানো।",250.00,,490,f,Chicken Burgers,Chicken Burgers,চিকেন বার্গার,t,https://quickbytes.buzz/uploads/menu_placeholders/fried-chicken.png,,"[""icon:chicken""]",1,2026-08-07 01:56:41.683023+00,2026-08-07 01:56:41.683008+00
f871c651-9b31-4a33-8baa-5bb1e03853d9,384b833e-d0f6-4e46-b61d-2c938b36eb0d,Prime Steak Inside Lite,Prime Steak Inside Lite,প্রাইম স্টেক ইনসাইড লাইট,Loaded chicken cheese burger featuring 130g (approx.) juicy chicken steak.,Loaded chicken cheese burger featuring 130g (approx.) juicy chicken steak.,"লোডেড চিকেন চিজ বার্গার, ১৩০ গ্রাম (প্রায়) রসালো চিকেন স্টেক সহ।",250.00,,489,f,Chicken Burgers,Chicken Burgers,চিকেন বার্গার,t,https://quickbytes.buzz/uploads/menu_placeholders/chicken_fry.png,,"[""icon:chicken""]",1,2026-08-07 01:56:42.203011+00,2026-08-07 01:56:42.202995+00
f9d05b01-6dd8-43a7-9886-e7492ba1e760,384b833e-d0f6-4e46-b61d-2c938b36eb0d,Smoky Grilled Chicken Meal,Smoky Grilled Chicken Meal,স্মোকি গ্রিলড চিকেন মিল,Fried rice served with grilled full chicken leg and sautéed vegetables.,Fried rice served with grilled full chicken leg and sautéed vegetables.,"ফ্রাইড রাইস, গ্রিলড ফুল চিকেন লেগ এবং সautéed সবজি দিয়ে পরিবেশন করা হয়।",290.00,,493,f,Set Menus/Rice Platters,Set Menus/Rice Platters,সেট মেনু/রাইস প্ল্যাটার,t,https://quickbytes.buzz/uploads/menu_placeholders/grill.png,,"[""icon:grill"", ""inc:Fried Rice"", ""inc:Sautéed Vegetables""]",1,2026-08-07 01:56:46.658056+00,2026-08-07 01:56:46.658041+00
dcc8af76-2bc2-439c-ab8f-8b06fac9e2e0,384b833e-d0f6-4e46-b61d-2c938b36eb0d,BBQ Chicken Platter,BBQ Chicken Platter,বিবিকিউ চিকেন প্ল্যাটার,"Fried rice served with BBQ chicken, Chinese vegetables, and green sauce.","Fried rice served with BBQ chicken, Chinese vegetables, and green sauce.","ফ্রাইড রাইস, বিবিকিউ চিকেন, চাইনিজ সবজি এবং গ্রিন সস দিয়ে পরিবেশন করা হয়।",300.00,,497,f,Set Menus/Rice Platters,Set Menus/Rice Platters,সেট মেনু/রাইস প্ল্যাটার,t,https://quickbytes.buzz/uploads/menu_placeholders/chicken-2.png,,"[""icon:chicken"", ""inc:Fried Rice"", ""inc:BBQ Chicken"", ""inc:Chinese Vegetables"", ""inc:Green Sauce""]",1,2026-08-07 01:56:42.827763+00,2026-08-07 01:56:42.827748+00
a7111c00-870e-43a6-95ae-bcbb334b287a,384b833e-d0f6-4e46-b61d-2c938b36eb0d,Classic Feast Platter,Classic Feast Platter,ক্লাসিক ফিস্ট প্ল্যাটার,"Fried rice served with Chinese vegetables, chicken fry, and green sauce.","Fried rice served with Chinese vegetables, chicken fry, and green sauce.","ফ্রাইড রাইস, চাইনিজ সবজি, চিকেন ফ্রাই এবং গ্রিন সস দিয়ে পরিবেশন করা হয়।",250.00,,495,f,Set Menus/Rice Platters,Set Menus/Rice Platters,সেট মেনু/রাইস প্ল্যাটার,t,https://quickbytes.buzz/uploads/menu_placeholders/fried-chicken.png,,"[""icon:chicken"", ""inc:Fried Rice"", ""inc:Chinese Vegetables"", ""inc:Chicken Fry"", ""inc:Green Sauce""]",1,2026-08-07 01:56:43.486502+00,2026-08-07 01:56:43.486486+00
5f0ee23c-c670-4788-a85f-04576b2f2e1d,384b833e-d0f6-4e46-b61d-2c938b36eb0d,Gravy Chicken Meal,Gravy Chicken Meal,গ্রেভি চিকেন মিল,"Boneless julienne chicken cooked with gravy chili sauce, served with fried rice.","Boneless julienne chicken cooked with gravy chili sauce, served with fried rice.","বোনলেস জুলিয়ান চিকেন, গ্রেভি চিলি সসে রান্না করা, ফ্রাইড রাইসের সাথে পরিবেশন করা হয়।",180.00,,492,f,Set Menus/Rice Platters,Set Menus/Rice Platters,সেট মেনু/রাইস প্ল্যাটার,t,https://quickbytes.buzz/uploads/menu_placeholders/chicken-2.png,,"[""icon:chicken"", ""inc:Fried Rice""]",1,2026-08-07 01:56:44.058124+00,2026-08-07 01:56:44.058107+00
31ed2e27-5585-4a5e-a484-a107b1dd6841,384b833e-d0f6-4e46-b61d-2c938b36eb0d,Shawarma Curry Platter,Shawarma Curry Platter,শাওয়ারমা কারি প্ল্যাটার,"Fried rice served with chicken shawarma curry, Chinese vegetables, and green sauce.","Fried rice served with chicken shawarma curry, Chinese vegetables, and green sauce.","ফ্রাইড রাইস, চিকেন শাওয়ারমা কারি, চাইনিজ সবজি এবং গ্রিন সস দিয়ে পরিবেশন করা হয়।",280.00,,498,f,Set Menus/Rice Platters,Set Menus/Rice Platters,সেট মেনু/রাইস প্ল্যাটার,t,https://quickbytes.buzz/uploads/menu_placeholders/chicken-4.png,,"[""icon:chicken"", ""inc:Fried Rice"", ""inc:Chicken Shawarma Curry"", ""inc:Chinese Vegetables"", ""inc:Green Sauce""]",1,2026-08-07 01:56:44.747655+00,2026-08-07 01:56:44.74764+00
0f1f3bfe-5a87-4542-ae78-3c419508a7b1,384b833e-d0f6-4e46-b61d-2c938b36eb0d,Sizzling Feast Platter,Sizzling Feast Platter,সিজলিং ফিস্ট প্ল্যাটার,"Fried rice served with chicken sizzling, Chinese vegetables, and green sauce.","Fried rice served with chicken sizzling, Chinese vegetables, and green sauce.","ফ্রাইড রাইস, চিকেন সিজলিং, চাইনিজ সবজি এবং গ্রিন সস দিয়ে পরিবেশন করা হয়।",280.00,,496,f,Set Menus/Rice Platters,Set Menus/Rice Platters,সেট মেনু/রাইস প্ল্যাটার,t,https://quickbytes.buzz/uploads/menu_placeholders/chicken-1.png,,"[""icon:chicken"", ""inc:Fried Rice"", ""inc:Chicken Sizzling"", ""inc:Chinese Vegetables"", ""inc:Green Sauce""]",1,2026-08-07 01:56:45.337671+00,2026-08-07 01:56:45.337655+00
14f91710-4801-4c67-a3f8-6c79ac60896b,384b833e-d0f6-4e46-b61d-2c938b36eb0d,Smoky BBQ Grilled Chicken Meal,Smoky BBQ Grilled Chicken Meal,স্মোকি বিবিকিউ গ্রিলড চিকেন মিল,Fried rice served with BBQ full chicken leg and sautéed vegetables.,Fried rice served with BBQ full chicken leg and sautéed vegetables.,"ফ্রাইড রাইস, বিবিকিউ ফুল চিকেন লেগ এবং সautéed সবজি দিয়ে পরিবেশন করা হয়।",290.00,,494,f,Set Menus/Rice Platters,Set Menus/Rice Platters,সেট মেনু/রাইস প্ল্যাটার,t,https://quickbytes.buzz/uploads/menu_placeholders/grill.png,,"[""icon:grill"", ""inc:Fried Rice"", ""inc:Sautéed Vegetables""]",1,2026-08-07 01:56:46.040283+00,2026-08-07 01:56:46.040261+00
e60f3602-d51e-4067-b2a7-b30ec87dc675,384b833e-d0f6-4e46-b61d-2c938b36eb0d,Nachos,Nachos,নাচোস,"Crispy tortilla chips topped with melted cheese, jalapeños, and zesty salsa. A perfect shareable starter.","Crispy tortilla chips topped with melted cheese, jalapeños, and zesty salsa. A perfect shareable starter.","খাস্তা টর্টিলা চিপসের উপর গলানো পনির, জালাপেনো এবং ঝাল সalsa। শেয়ার করার জন্য উপযুক্ত স্টার্টার।",220.00,,499,f,Appetizer,Appetizer,অ্যাপেটাইজার,t,https://quickbytes.buzz/uploads/menu_placeholders/appetizer.png,,"[""icon:appetizer""]",1,2026-08-07 01:58:49.637901+00,2026-08-07 01:58:49.637886+00
2ffdb4f2-1212-4eb3-8510-8511fd0f7a3a,384b833e-d0f6-4e46-b61d-2c938b36eb0d,Hot & Sour Soup,Hot & Sour Soup,হট অ্যান্ড সাওয়ার স্যুপ,"Spicy and tangy soup with vegetables, chicken, and a hint of chili. A warming appetizer.","Spicy and tangy soup with vegetables, chicken, and a hint of chili. A warming appetizer.","ঝাল ও টক স্যুপ, সবজি, চিকেন এবং সামান্য মরিচ সহ। গরম করার জন্য একটি আরামদায়ক অ্যাপেটাইজার।",170.00,,505,f,Soup,Soup,স্যুপ,t,https://quickbytes.buzz/uploads/menu_placeholders/soup.png,,"[""icon:soup""]",1,2026-08-07 01:58:34.654019+00,
817ec185-bba6-4360-b19d-f9750fe0d40d,384b833e-d0f6-4e46-b61d-2c938b36eb0d,Fried Wonton,Fried Wonton,ফ্রাইড ওনটন,Crispy wonton wrappers filled with savory chicken and vegetables. Served with sweet chili sauce.,Crispy wonton wrappers filled with savory chicken and vegetables. Served with sweet chili sauce.,মুরগি ও সবজি দিয়ে ভরা খাস্তা ওনটন। মিষ্টি চিলি সস দিয়ে পরিবেশন করা হয়।,200.00,,506,f,Appetizer,Appetizer,অ্যাপেটাইজার,t,https://quickbytes.buzz/uploads/menu_placeholders/appetizer.png,,"[""icon:appetizer""]",1,2026-08-07 01:58:48.828016+00,2026-08-07 01:58:48.827998+00
70f9860c-e9fd-4cc5-8315-d8b770a16796,384b833e-d0f6-4e46-b61d-2c938b36eb0d,Overloaded Chicken Fries,Overloaded Chicken Fries,ওভারলোডেড চিকেন ফ্রাই,"Crispy French fries topped with pan-fried chicken chunks, chopped onions, fresh tomatoes, and mustard sauce.","Crispy French fries topped with pan-fried chicken chunks, chopped onions, fresh tomatoes, and mustard sauce.","ক্রিস্পি ফ্রেঞ্চ ফ্রাইয়ের উপর প্যান-ফ্রাইড চিকেন টুকরা, কাটা পেঁয়াজ, তাজা টমেটো এবং সরিষার সস।",140.00,,507,f,Fries,Fries,ফ্রাই,t,https://quickbytes.buzz/uploads/menu_placeholders/chicken-2.png,,"[""icon:chicken""]",1,2026-08-07 01:58:50.997679+00,2026-08-07 01:58:50.997663+00
4cb36ec5-157a-44b9-a88a-f84fa4d162fe,384b833e-d0f6-4e46-b61d-2c938b36eb0d,Smoky BBQ Chicken Fries,Smoky BBQ Chicken Fries,স্মোকি বিবিকিউ চিকেন ফ্রাই,"Crispy French fries topped with chicken chunks, chopped onions, fresh tomatoes, and BBQ sauce.","Crispy French fries topped with chicken chunks, chopped onions, fresh tomatoes, and BBQ sauce.","ক্রিস্পি ফ্রেঞ্চ ফ্রাইয়ের উপর চিকেন টুকরা, কাটা পেঁয়াজ, তাজা টমেটো এবং বিবিকিউ সস।",140.00,,508,f,Fries,Fries,ফ্রাই,t,https://quickbytes.buzz/uploads/menu_placeholders/chicken-4.png,,"[""icon:chicken""]",1,2026-08-07 01:58:51.644624+00,2026-08-07 01:58:51.644606+00
3eeecb90-fdee-4615-a85c-d10ddce0ed5d,384b833e-d0f6-4e46-b61d-2c938b36eb0d,Oven Baked Pasta,Oven Baked Pasta,ওভেন বেকড পাস্তা,"Pasta baked to perfection with rich tomato sauce, melted cheese, and aromatic herbs. Comfort food at its best.","Pasta baked to perfection with rich tomato sauce, melted cheese, and aromatic herbs. Comfort food at its best.","পাস্তা ওভেনে বেক করা, সাথে সমৃদ্ধ টমেটো সস, গলানো পনির এবং সুগন্ধি ভেষজ। আরামদায়ক খাবারের সেরা উদাহরণ।",300.00,,501,f,Pasta,Pasta,পাস্তা,t,https://quickbytes.buzz/uploads/menu_placeholders/pasta.png,,"[""icon:pasta""]",1,2026-08-07 01:58:53.106342+00,2026-08-07 01:58:53.106326+00
5220640b-2f00-403b-8af3-0bef86e06def,384b833e-d0f6-4e46-b61d-2c938b36eb0d,Whipped Cream Pasta,Whipped Cream Pasta,হুইপড ক্রিম পাস্তা,"Creamy pasta tossed with whipped cream, garlic, and parmesan. Rich and indulgent for pasta lovers.","Creamy pasta tossed with whipped cream, garlic, and parmesan. Rich and indulgent for pasta lovers.","হুইপড ক্রিম, রসুন এবং পারমেসান দিয়ে তৈরি ক্রিমি পাস্তা। পাস্তা প্রেমীদের জন্য সমৃদ্ধ ও মজাদার।",350.00,,502,f,Pasta,Pasta,পাস্তা,t,https://quickbytes.buzz/uploads/menu_placeholders/pasta.png,,"[""icon:pasta""]",1,2026-08-07 01:58:53.782338+00,2026-08-07 01:58:53.782323+00
74523cb8-d37e-444d-93cb-579e67a08413,384b833e-d0f6-4e46-b61d-2c938b36eb0d,Smoke Sandwich,Smoke Sandwich,স্মোক স্যান্ডউইচ,"Smoky grilled chicken sandwich with tangy barbecue sauce, onions, and cheese. A hearty meal.","Smoky grilled chicken sandwich with tangy barbecue sauce, onions, and cheese. A hearty meal.","স্মোকি গ্রিলড চিকেন স্যান্ডউইচ, সাথে টক-মিষ্টি বারবিকিউ সস, পেঁয়াজ এবং পনির। একটি হেভি মিল।",200.00,,504,f,Sandwich,Sandwich,স্যান্ডউইচ,t,https://quickbytes.buzz/uploads/menu_placeholders/sandwitch.png,,"[""icon:sandwich""]",1,2026-08-07 01:58:54.413087+00,2026-08-07 01:58:54.413072+00
3aa84b40-198e-4295-a5ac-852751ea9a04,384b833e-d0f6-4e46-b61d-2c938b36eb0d,Special Cheese Club Sandwich,Special Cheese Club Sandwich,স্পেশাল চিজ ক্লাব স্যান্ডউইচ,"Triple-decker sandwich with grilled chicken, crispy bacon, lettuce, tomato, and melted cheese. Served with fries.","Triple-decker sandwich with grilled chicken, crispy bacon, lettuce, tomato, and melted cheese. Served with fries.","গ্রিলড চিকেন, ক্রিস্পি বেকন, লেটুস, টমেটো এবং গলানো পনির সহ ট্রিপল-ডেকার স্যান্ডউইচ। ফ্রাই সহ পরিবেশন করা হয়।",250.00,,503,f,Sandwich,Sandwich,স্যান্ডউইচ,t,https://quickbytes.buzz/uploads/menu_placeholders/sandwitch.png,,"[""icon:sandwich""]",1,2026-08-07 01:58:55.098777+00,2026-08-07 01:58:55.09876+00
5b30191c-8a52-4d74-b0e6-192f5994bdff,384b833e-d0f6-4e46-b61d-2c938b36eb0d,Naga & Honey Mustard Fries,Naga & Honey Mustard Fries,নাগা অ্যান্ড হানি মাস্টার্ড ফ্রাই,"Spicy French fries topped with chicken chunks, chopped onions, fresh tomatoes, Naga chili, and honey mustard sauce.","Spicy French fries topped with chicken chunks, chopped onions, fresh tomatoes, Naga chili, and honey mustard sauce.","ঝাল ফ্রেঞ্চ ফ্রাইয়ের উপর চিকেন টুকরা, কাটা পেঁয়াজ, তাজা টমেটো, নাগা মরিচ এবং হানি মাস্টার্ড সস।",140.00,,509,f,Fries,Fries,ফ্রাই,t,https://quickbytes.buzz/uploads/menu_placeholders/chicken_fry.png,,"[""icon:chicken""]",1,2026-08-07 01:58:50.317175+00,2026-08-07 01:58:50.31716+00
d06acd55-60bf-4cbb-8076-827461fdd8bc,384b833e-d0f6-4e46-b61d-2c938b36eb0d,Prime BBQ Chicken Burger,Prime BBQ Chicken Burger,প্রাইম বিবিকিউ চিকেন বার্গার,BBQ flavored chicken patty with melted cheese.,BBQ flavored chicken patty with melted cheese.,"বিবিকিউ স্বাদের চিকেন প্যাটি, গলানো পনির সহ।",210.00,,3,f,Chicken Burgers,Chicken Burgers,চিকেন বার্গার,t,https://quickbytes.buzz/uploads/menu_placeholders/chicken-4.png,,"[""icon:chicken""]",1,2026-08-07 02:06:15.345903+00,2026-08-07 02:06:15.345887+00
ee98a6af-6bcd-47b1-99ee-0e52dc61d29c,384b833e-d0f6-4e46-b61d-2c938b36eb0d,Prime Chicken Burger,Prime Chicken Burger,প্রাইম চিকেন বার্গার,Classic chicken burger with fresh lettuce and sauce (no cheese).,Classic chicken burger with fresh lettuce and sauce (no cheese).,"ক্লাসিক চিকেন বার্গার, তাজা লেটুস এবং সস সহ (পনির ছাড়া)।",180.00,,1,f,Chicken Burgers,Chicken Burgers,চিকেন বার্গার,t,https://quickbytes.buzz/uploads/menu_placeholders/chicken-1.png,,"[""icon:chicken""]",1,2026-08-07 02:06:15.817557+00,2026-08-07 02:06:15.81754+00
0321537d-2250-462c-882b-268c1634434a,384b833e-d0f6-4e46-b61d-2c938b36eb0d,Prime Chicken with Cheese,Prime Chicken with Cheese,প্রাইম চিকেন উইথ চিজ,Classic chicken burger topped with melted cheese.,Classic chicken burger topped with melted cheese.,"ক্লাসিক চিকেন বার্গার, গলানো পনির দিয়ে সাজানো।",200.00,,2,f,Chicken Burgers,Chicken Burgers,চিকেন বার্গার,t,https://quickbytes.buzz/uploads/menu_placeholders/chicken-2.png,,"[""icon:chicken""]",1,2026-08-07 02:06:16.295277+00,2026-08-07 02:06:16.295262+00
5492b816-7726-473d-bf21-d4d4cfbd48c8,384b833e-d0f6-4e46-b61d-2c938b36eb0d,Prime Sausage Saga Burger,Prime Sausage Saga Burger,প্রাইম সসেজ সাগা বার্গার,Chicken cheese burger topped with a rich layer of sautéed teriyaki sausage.,Chicken cheese burger topped with a rich layer of sautéed teriyaki sausage.,"চিকেন চিজ বার্গার, সাউটেড টেরিয়াকি সসেজের সমৃদ্ধ স্তর দিয়ে সাজানো।",250.00,,4,f,Chicken Burgers,Chicken Burgers,চিকেন বার্গার,t,https://quickbytes.buzz/uploads/menu_placeholders/chicken_fry.png,,"[""icon:chicken""]",1,2026-08-07 02:06:16.895347+00,2026-08-07 02:06:16.895331+00
74c0c9ca-1f61-4972-8ba6-ed2ffb0c985a,384b833e-d0f6-4e46-b61d-2c938b36eb0d,Gravy Chicken Meal,Gravy Chicken Meal,গ্রেভি চিকেন মিল,"Boneless julienne chicken cooked in gravy with chili sauce, served with fried rice.","Boneless julienne chicken cooked in gravy with chili sauce, served with fried rice.","বোনলেস জুলিয়েন চিকেন, গ্রেভি এবং চিলি সসে রান্না করা, ফ্রাইড রাইসের সাথে পরিবেশন করা হয়।",180.00,,6,f,Set Menus/Rice Platters,Set Menus/Rice Platters,সেট মেনু/রাইস প্ল্যাটার,t,https://quickbytes.buzz/uploads/menu_placeholders/chicken-1.png,,"[""icon:chicken"", ""inc:Fried Rice""]",1,2026-08-07 02:06:19.306104+00,2026-08-07 02:06:19.306087+00
2f127c04-319f-4b33-ba79-b6ea3658d611,384b833e-d0f6-4e46-b61d-2c938b36eb0d,Smoky Grilled Chicken Meal,Smoky Grilled Chicken Meal,স্মোকি গ্রিলড চিকেন মিল,Fried rice served with grilled full chicken leg and sautéed vegetables.,Fried rice served with grilled full chicken leg and sautéed vegetables.,"ফ্রাইড রাইস, গ্রিলড ফুল চিকেন লেগ এবং সাউটেড সবজি সহ পরিবেশন করা হয়।",290.00,,7,f,Set Menus/Rice Platters,Set Menus/Rice Platters,সেট মেনু/রাইস প্ল্যাটার,t,https://quickbytes.buzz/uploads/menu_placeholders/chicken-2.png,,"[""icon:chicken"", ""inc:Fried Rice"", ""inc:Grilled Chicken Leg"", ""inc:Sautéed Vegetables""]",1,2026-08-07 02:06:21.573902+00,2026-08-07 02:06:21.573886+00
a6485ab2-3d19-4bcd-99b8-9644bf15a487,384b833e-d0f6-4e46-b61d-2c938b36eb0d,Prime Steak Inside Lite,Prime Steak Inside Lite,প্রাইম স্টেক ইনসাইড লাইট,Loaded chicken cheese burger featuring 130g (approx.) juicy chicken steak.,Loaded chicken cheese burger featuring 130g (approx.) juicy chicken steak.,"লোডেড চিকেন চিজ বার্গার, যাতে রয়েছে ১৩০ গ্রাম (প্রায়) রসালো চিকেন স্টেক।",250.00,,13,f,Chicken Burgers,Chicken Burgers,চিকেন বার্গার,t,https://quickbytes.buzz/uploads/menu_placeholders/chicken-4.png,,"[""icon:chicken""]",1,2026-08-07 02:06:17.495668+00,2026-08-07 02:06:17.495652+00
c0e0b336-7ced-4d1d-bbab-3ac0c68e4419,384b833e-d0f6-4e46-b61d-2c938b36eb0d,BBQ Chicken Platter,BBQ Chicken Platter,বিবিকিউ চিকেন প্ল্যাটার,"Fried rice served with BBQ chicken, Chinese vegetables, and green sauce.","Fried rice served with BBQ chicken, Chinese vegetables, and green sauce.","ফ্রাইড রাইস, বিবিকিউ চিকেন, চাইনিজ সবজি এবং গ্রিন সস সহ পরিবেশন করা হয়।",300.00,,11,f,Set Menus/Rice Platters,Set Menus/Rice Platters,সেট মেনু/রাইস প্ল্যাটার,t,https://quickbytes.buzz/uploads/menu_placeholders/chicken-1.png,,"[""icon:chicken"", ""inc:Fried Rice"", ""inc:BBQ Chicken"", ""inc:Chinese Vegetables"", ""inc:Green Sauce""]",1,2026-08-07 02:06:18.124567+00,2026-08-07 02:06:18.124552+00
9800c273-bafc-411d-a4ba-50c6868aed4d,384b833e-d0f6-4e46-b61d-2c938b36eb0d,Classic Feast Platter,Classic Feast Platter,ক্লাসিক ফিস্ট প্ল্যাটার,"Loaded chicken cheese burger featuring 130g juicy chicken steak, fried rice, Chinese vegetables, chicken khy, and green sauce.","Loaded chicken cheese burger featuring 130g juicy chicken steak, fried rice, Chinese vegetables, chicken khy, and green sauce.","লোডেড চিকেন চিজ বার্গার, ১৩০ গ্রাম জুসি চিকেন স্টেক, ফ্রাইড রাইস, চাইনিজ সবজি, চিকেন খাই এবং গ্রিন সস সহ।",250.00,,9,f,Set Menus/Rice Platters,Set Menus/Rice Platters,সেট মেনু/রাইস প্ল্যাটার,t,https://quickbytes.buzz/uploads/menu_placeholders/chicken_fry.png,,"[""icon:chicken"", ""inc:Fried Rice"", ""inc:Chinese Vegetables"", ""inc:Chicken Khy"", ""inc:Green Sauce""]",1,2026-08-07 02:06:18.695786+00,2026-08-07 02:06:18.69577+00
58d91fdf-ebaf-45a9-89ef-03b64e372bc6,384b833e-d0f6-4e46-b61d-2c938b36eb0d,Shawarma Curry Platter,Shawarma Curry Platter,শাওয়ারমা কারি প্ল্যাটার,"Fried rice served with chicken shawarma, Chinese vegetables, and green sauce.","Fried rice served with chicken shawarma, Chinese vegetables, and green sauce.","ফ্রাইড রাইস, চিকেন শাওয়ারমা, চাইনিজ সবজি এবং গ্রিন সস সহ পরিবেশন করা হয়।",280.00,,12,f,Set Menus/Rice Platters,Set Menus/Rice Platters,সেট মেনু/রাইস প্ল্যাটার,t,https://quickbytes.buzz/uploads/menu_placeholders/chicken-2.png,,"[""icon:chicken"", ""inc:Fried Rice"", ""inc:Chicken Shawarma"", ""inc:Chinese Vegetables"", ""inc:Green Sauce""]",1,2026-08-07 02:06:19.853777+00,2026-08-07 02:06:19.85376+00
288e9dbd-b455-4dad-9a79-0bfb243a100e,384b833e-d0f6-4e46-b61d-2c938b36eb0d,Sizzling Feast Platter,Sizzling Feast Platter,সিজলিং ফিস্ট প্ল্যাটার,"Fried rice served with chicken sizzling, Chinese vegetables, and green sauce.","Fried rice served with chicken sizzling, Chinese vegetables, and green sauce.","ফ্রাইড রাইস, চিকেন সিজলিং, চাইনিজ সবজি এবং গ্রিন সস সহ পরিবেশন করা হয়।",280.00,,10,f,Set Menus/Rice Platters,Set Menus/Rice Platters,সেট মেনু/রাইস প্ল্যাটার,t,https://quickbytes.buzz/uploads/menu_placeholders/fried-chicken.png,,"[""icon:chicken"", ""inc:Fried Rice"", ""inc:Chicken Sizzling"", ""inc:Chinese Vegetables"", ""inc:Green Sauce""]",1,2026-08-07 02:06:20.375813+00,2026-08-07 02:06:20.375797+00
7accb227-7e95-45a8-ba09-d3ad975f29ea,384b833e-d0f6-4e46-b61d-2c938b36eb0d,Forever Special Burger,Forever Special Burger,ফরএভার স্পেশাল বার্গার,Our signature burger with a special blend of ingredients.,Our signature burger with a special blend of ingredients.,"আমাদের স্বাক্ষর বার্গার, বিশেষ উপকরণের মিশ্রণে তৈরি।",300.00,,5,f,Chicken Burgers,Chicken Burgers,চিকেন বার্গার,t,https://quickbytes.buzz/uploads/menu_placeholders/fried-chicken.png,,"[""icon:chicken""]",1,2026-08-07 02:06:14.769641+00,2026-08-07 02:06:14.769625+00
ed762d7d-8b1b-42db-b24d-487928b7e34b,384b833e-d0f6-4e46-b61d-2c938b36eb0d,Smoky BBQ Grilled Chicken Meal,Smoky BBQ Grilled Chicken Meal,স্মোকি বিবিকিউ গ্রিলড চিকেন মিল,Fried rice served with BBQ full chicken leg and sautéed vegetables.,Fried rice served with BBQ full chicken leg and sautéed vegetables.,"ফ্রাইড রাইস, বিবিকিউ ফুল চিকেন লেগ এবং সাউটেড সবজি সহ পরিবেশন করা হয়।",290.00,,8,f,Set Menus/Rice Platters,Set Menus/Rice Platters,সেট মেনু/রাইস প্ল্যাটার,t,https://quickbytes.buzz/uploads/menu_placeholders/chicken-4.png,,"[""icon:chicken"", ""inc:Fried Rice"", ""inc:BBQ Chicken Leg"", ""inc:Sautéed Vegetables""]",1,2026-08-07 02:06:20.974884+00,2026-08-07 02:06:20.974866+00
